journey_id,storm_id,storm_name,system_status,lat,lon,max_sustained_wind,datetime,system_status_desc
3,AL022024,BERYL,TS,20.9,-88.8,60,2024-07-05 18:00:00,Tropical Storm (34-63 knots)
3,AL022024,BERYL,TS,21.4,-89.8,50,2024-07-06 00:00:00,Tropical Storm (34-63 knots)
3,AL022024,BERYL,TS,21.9,-90.9,45,2024-07-06 06:00:00,Tropical Storm (34-63 knots)
3,AL022024,BERYL,TS,22.6,-91.8,50,2024-07-06 12:00:00,Tropical Storm (34-63 knots)
3,AL022024,BERYL,TS,23.6,-92.7,50,2024-07-06 18:00:00,Tropical Storm (34-63 knots)
3,AL022024,BERYL,TS,24.4,-93.6,50,2024-07-07 00:00:00,Tropical Storm (34-63 knots)
3,AL022024,BERYL,TS,24.9,-94.3,50,2024-07-07 06:00:00,Tropical Storm (34-63 knots)
3,AL022024,BERYL,TS,25.5,-94.9,55,2024-07-07 12:00:00,Tropical Storm (34-63 knots)
3,AL022024,BERYL,TS,26.3,-95.4,55,2024-07-07 18:00:00,Tropical Storm (34-63 knots)
3,AL022024,BERYL,TS,27.1,-95.7,60,2024-07-08 00:00:00,Tropical Storm (34-63 knots)
3,AL022024,BERYL,HU,28.2,-95.9,70,2024-07-08 06:00:00,Hurricane (>64 knots)
3,AL022024,BERYL,HU,28.6,-96.0,80,2024-07-08 08:40:00,Hurricane (>64 knots)
3,AL022024,BERYL,HU,29.3,-96.0,70,2024-07-08 12:00:00,Hurricane (>64 knots)
3,AL022024,BERYL,TS,30.7,-95.6,50,2024-07-08 18:00:00,Tropical Storm (34-63 knots)
3,AL042024,DEBBY,TS,23.1,-82.6,35,2024-08-03 18:00:00,Tropical Storm (34-63 knots)
3,AL042024,DEBBY,TS,23.9,-83.2,35,2024-08-04 00:00:00,Tropical Storm (34-63 knots)
3,AL042024,DEBBY,TS,25.0,-83.8,40,2024-08-04 06:00:00,Tropical Storm (34-63 knots)
3,AL042024,DEBBY,TS,26.2,-84.3,50,2024-08-04 12:00:00,Tropical Storm (34-63 knots)
3,AL042024,DEBBY,TS,27.3,-84.3,60,2024-08-04 18:00:00,Tropical Storm (34-63 knots)
3,AL042024,DEBBY,HU,28.3,-84.1,70,2024-08-05 00:00:00,Hurricane (>64 knots)
3,AL042024,DEBBY,HU,29.1,-83.9,70,2024-08-05 06:00:00,Hurricane (>64 knots)
3,AL042024,DEBBY,HU,29.7,-83.5,70,2024-08-05 11:00:00,Hurricane (>64 knots)
3,AL042024,DEBBY,HU,29.9,-83.4,65,2024-08-05 12:00:00,Hurricane (>64 knots)
3,AL042024,DEBBY,TS,30.4,-83.0,50,2024-08-05 18:00:00,Tropical Storm (34-63 knots)
3,AL042024,DEBBY,TS,30.8,-82.3,45,2024-08-06 00:00:00,Tropical Storm (34-63 knots)
3,AL042024,DEBBY,TS,31.3,-81.8,45,2024-08-06 06:00:00,Tropical Storm (34-63 knots)
3,AL042024,DEBBY,TS,31.8,-81.4,40,2024-08-06 12:00:00,Tropical Storm (34-63 knots)
3,AL042024,DEBBY,TS,32.0,-81.1,40,2024-08-06 18:00:00,Tropical Storm (34-63 knots)
3,AL042024,DEBBY,SS,31.9,-80.4,40,2024-08-07 00:00:00,Subtropical Storm (>34 knots)
3,AL042024,DEBBY,SS,31.8,-79.7,45,2024-08-07 06:00:00,Subtropical Storm (>34 knots)
3,AL042024,DEBBY,SS,32.2,-79.3,50,2024-08-07 12:00:00,Subtropical Storm (>34 knots)
3,AL042024,DEBBY,SS,32.5,-79.2,50,2024-08-07 18:00:00,Subtropical Storm (>34 knots)
3,AL042024,DEBBY,SS,32.7,-79.4,45,2024-08-08 00:00:00,Subtropical Storm (>34 knots)
3,AL042024,DEBBY,SS,33.0,-79.6,40,2024-08-08 06:00:00,Subtropical Storm (>34 knots)
3,AL042024,DEBBY,SS,33.7,-80.0,40,2024-08-08 12:00:00,Subtropical Storm (>34 knots)
3,AL042024,DEBBY,SS,34.6,-80.3,40,2024-08-08 18:00:00,Subtropical Storm (>34 knots)
3,AL042024,DEBBY,EX,49.4,-64.7,35,2024-08-10 12:00:00,Extratropical Cyclone
3,AL042024,DEBBY,EX,50.0,-59.5,35,2024-08-10 18:00:00,Extratropical Cyclone
3,AL052024,ERNESTO,TS,15.9,-56.6,35,2024-08-12 18:00:00,Tropical Storm (34-63 knots)
3,AL052024,ERNESTO,TS,16.0,-58.6,35,2024-08-13 00:00:00,Tropical Storm (34-63 knots)
3,AL052024,ERNESTO,TS,16.1,-60.5,35,2024-08-13 06:00:00,Tropical Storm (34-63 knots)
3,AL052024,ERNESTO,TS,16.4,-61.4,35,2024-08-13 09:40:00,Tropical Storm (34-63 knots)
3,AL052024,ERNESTO,TS,16.6,-62.0,40,2024-08-13 12:00:00,Tropical Storm (34-63 knots)
3,AL052024,ERNESTO,TS,16.7,-62.2,40,2024-08-13 12:50:00,Tropical Storm (34-63 knots)
6,AL202023,TAMMY,HU,23.1,-63.1,65,2023-10-24 06:00:00,Hurricane (>64 knots)
6,AL202023,TAMMY,HU,23.6,-62.6,65,2023-10-24 12:00:00,Hurricane (>64 knots)
6,AL202023,TAMMY,HU,24.0,-62.0,65,2023-10-24 18:00:00,Hurricane (>64 knots)
6,AL202023,TAMMY,HU,24.5,-61.2,75,2023-10-25 00:00:00,Hurricane (>64 knots)
6,AL202023,TAMMY,HU,25.1,-60.4,85,2023-10-25 06:00:00,Hurricane (>64 knots)
6,AL202023,TAMMY,HU,26.1,-59.4,95,2023-10-25 12:00:00,Hurricane (>64 knots)
6,AL202023,TAMMY,HU,27.5,-58.3,85,2023-10-25 18:00:00,Hurricane (>64 knots)
6,AL202023,TAMMY,HU,29.1,-57.8,80,2023-10-26 00:00:00,Hurricane (>64 knots)
6,AL202023,TAMMY,HU,30.0,-58.3,75,2023-10-26 06:00:00,Hurricane (>64 knots)
6,AL202023,TAMMY,HU,30.5,-58.8,70,2023-10-26 12:00:00,Hurricane (>64 knots)
6,AL202023,TAMMY,HU,31.0,-59.5,65,2023-10-26 18:00:00,Hurricane (>64 knots)
6,AL202023,TAMMY,TS,31.5,-60.1,60,2023-10-27 00:00:00,Tropical Storm (34-63 knots)
6,AL202023,TAMMY,TS,31.8,-60.6,55,2023-10-27 06:00:00,Tropical Storm (34-63 knots)
6,AL202023,TAMMY,TS,32.0,-61.0,55,2023-10-27 12:00:00,Tropical Storm (34-63 knots)
6,AL202023,TAMMY,TS,32.3,-61.4,55,2023-10-27 18:00:00,Tropical Storm (34-63 knots)
6,AL202023,TAMMY,TS,32.6,-61.5,50,2023-10-28 00:00:00,Tropical Storm (34-63 knots)
6,AL202023,TAMMY,TS,32.9,-61.0,45,2023-10-28 06:00:00,Tropical Storm (34-63 knots)
6,AL202023,TAMMY,TS,33.1,-59.5,45,2023-10-28 12:00:00,Tropical Storm (34-63 knots)
6,AL202023,TAMMY,TS,33.3,-58.0,40,2023-10-28 18:00:00,Tropical Storm (34-63 knots)
6,AL202023,TAMMY,LO,32.8,-56.1,35,2023-10-29 00:00:00,Low (not tropical/subtropical/extratropical)
6,AL202023,TAMMY,LO,32.6,-54.3,35,2023-10-29 06:00:00,Low (not tropical/subtropical/extratropical)
6,AL202023,TAMMY,LO,31.8,-52.5,35,2023-10-29 12:00:00,Low (not tropical/subtropical/extratropical)
6,AL202023,TAMMY,LO,30.9,-50.9,35,2023-10-29 18:00:00,Low (not tropical/subtropical/extratropical)
8,AL172024,PATTY,SS,40.6,-36.5,45,2024-11-01 18:00:00,Subtropical Storm (>34 knots)
8,AL172024,PATTY,SS,40.6,-35.4,45,2024-11-02 00:00:00,Subtropical Storm (>34 knots)
8,AL172024,PATTY,SS,40.3,-34.6,50,2024-11-02 06:00:00,Subtropical Storm (>34 knots)
8,AL172024,PATTY,SS,39.4,-33.3,55,2024-11-02 12:00:00,Subtropical Storm (>34 knots)
8,AL172024,PATTY,SS,38.4,-31.6,55,2024-11-02 18:00:00,Subtropical Storm (>34 knots)
8,AL172024,PATTY,SS,37.9,-29.2,50,2024-11-03 00:00:00,Subtropical Storm (>34 knots)
8,AL172024,PATTY,SS,37.7,-27.0,45,2024-11-03 06:00:00,Subtropical Storm (>34 knots)
8,AL172024,PATTY,TS,37.5,-25.1,40,2024-11-03 12:00:00,Tropical Storm (34-63 knots)
8,AL172024,PATTY,TS,37.4,-23.3,40,2024-11-03 18:00:00,Tropical Storm (34-63 knots)
8,AL172024,PATTY,TS,37.6,-21.3,40,2024-11-04 00:00:00,Tropical Storm (34-63 knots)
8,AL172024,PATTY,TS,37.9,-19.2,35,2024-11-04 06:00:00,Tropical Storm (34-63 knots)
8,AL182024,RAFAEL,TS,15.1,-76.4,35,2024-11-04 18:00:00,Tropical Storm (34-63 knots)
8,AL182024,RAFAEL,TS,15.8,-76.9,40,2024-11-05 00:00:00,Tropical Storm (34-63 knots)
8,AL182024,RAFAEL,TS,16.6,-77.6,45,2024-11-05 06:00:00,Tropical Storm (34-63 knots)
8,AL182024,RAFAEL,TS,17.5,-78.3,50,2024-11-05 12:00:00,Tropical Storm (34-63 knots)
8,AL182024,RAFAEL,TS,18.5,-79.1,60,2024-11-05 18:00:00,Tropical Storm (34-63 knots)
8,AL182024,RAFAEL,HU,19.4,-80.0,70,2024-11-06 00:00:00,Hurricane (>64 knots)
8,AL182024,RAFAEL,HU,20.1,-80.9,80,2024-11-06 06:00:00,Hurricane (>64 knots)
8,AL182024,RAFAEL,HU,21.0,-81.6,90,2024-11-06 12:00:00,Hurricane (>64 knots)
8,AL182024,RAFAEL,HU,22.0,-82.3,100,2024-11-06 18:00:00,Hurricane (>64 knots)
8,AL182024,RAFAEL,HU,22.7,-82.7,100,2024-11-06 21:15:00,Hurricane (>64 knots)
8,AL182024,RAFAEL,HU,23.1,-83.2,95,2024-11-07 00:00:00,Hurricane (>64 knots)
8,AL182024,RAFAEL,HU,23.8,-84.1,90,2024-11-07 06:00:00,Hurricane (>64 knots)
8,AL182024,RAFAEL,HU,24.3,-84.9,90,2024-11-07 12:00:00,Hurricane (>64 knots)
8,AL182024,RAFAEL,HU,24.6,-85.7,90,2024-11-07 18:00:00,Hurricane (>64 knots)
8,AL182024,RAFAEL,HU,24.6,-86.6,90,2024-11-08 00:00:00,Hurricane (>64 knots)
8,AL182024,RAFAEL,HU,24.4,-87.6,105,2024-11-08 06:00:00,Hurricane (>64 knots)
8,AL182024,RAFAEL,HU,24.4,-88.4,95,2024-11-08 12:00:00,Hurricane (>64 knots)
8,AL182024,RAFAEL,HU,24.6,-89.1,80,2024-11-08 18:00:00,Hurricane (>64 knots)
8,AL182024,RAFAEL,HU,24.7,-89.7,65,2024-11-09 00:00:00,Hurricane (>64 knots)
8,AL182024,RAFAEL,TS,24.8,-90.5,55,2024-11-09 06:00:00,Tropical Storm (34-63 knots)
8,AL182024,RAFAEL,TS,25.0,-91.2,50,2024-11-09 12:00:00,Tropical Storm (34-63 knots)
8,AL182024,RAFAEL,TS,25.3,-91.5,45,2024-11-09 18:00:00,Tropical Storm (34-63 knots)
8,AL182024,RAFAEL,TS,25.6,-91.7,40,2024-11-10 00:00:00,Tropical Storm (34-63 knots)
8,AL182024,RAFAEL,TS,25.9,-91.9,35,2024-11-10 06:00:00,Tropical Storm (34-63 knots)
8,AL182024,RAFAEL,LO,26.1,-91.9,35,2024-11-10 12:00:00,Low (not tropical/subtropical/extratropical)
8,AL192024,SARA,TS,15.8,-82.2,35,2024-11-14 12:00:00,Tropical Storm (34-63 knots)
8,AL192024,SARA,TS,15.8,-83.1,35,2024-11-14 18:00:00,Tropical Storm (34-63 knots)
8,AL192024,SARA,TS,15.7,-84.0,40,2024-11-15 00:00:00,Tropical Storm (34-63 knots)
8,AL192024,SARA,TS,15.8,-84.3,40,2024-11-15 01:20:00,Tropical Storm (34-63 knots)
8,AL192024,SARA,TS,16.0,-85.0,40,2024-11-15 06:00:00,Tropical Storm (34-63 knots)
8,AL192024,SARA,TS,16.1,-85.6,45,2024-11-15 12:00:00,Tropical Storm (34-63 knots)
8,AL192024,SARA,TS,16.1,-86.1,45,2024-11-15 18:00:00,Tropical Storm (34-63 knots)
8,AL192024,SARA,TS,16.1,-86.1,45,2024-11-16 00:00:00,Tropical Storm (34-63 knots)
8,AL192024,SARA,TS,16.2,-86.2,40,2024-11-16 06:00:00,Tropical Storm (34-63 knots)
8,AL192024,SARA,TS,16.2,-86.4,40,2024-11-16 12:00:00,Tropical Storm (34-63 knots)
8,AL192024,SARA,TS,16.3,-86.8,35,2024-11-16 18:00:00,Tropical Storm (34-63 knots)
8,AL192024,SARA,TS,16.4,-87.1,35,2024-11-17 00:00:00,Tropical Storm (34-63 knots)
8,AL192024,SARA,TS,16.5,-87.5,35,2024-11-17 06:00:00,Tropical Storm (34-63 knots)
8,AL192024,SARA,TS,16.8,-87.9,35,2024-11-17 12:00:00,Tropical Storm (34-63 knots)
8,AL192024,SARA,TS,17.0,-88.3,35,2024-11-17 14:00:00,Tropical Storm (34-63 knots)
12,AL052023,DON,TS,37.8,-40.9,35,2023-07-18 00:00:00,Tropical Storm (34-63 knots)
12,AL052023,DON,TS,36.8,-39.9,35,2023-07-18 06:00:00,Tropical Storm (34-63 knots)
12,AL052023,DON,TS,36.0,-39.4,35,2023-07-18 12:00:00,Tropical Storm (34-63 knots)
12,AL052023,DON,TS,35.3,-39.2,35,2023-07-18 18:00:00,Tropical Storm (34-63 knots)
12,AL052023,DON,TS,34.6,-39.1,35,2023-07-19 00:00:00,Tropical Storm (34-63 knots)
12,AL052023,DON,TS,34.2,-39.1,35,2023-07-19 06:00:00,Tropical Storm (34-63 knots)
12,AL052023,DON,TS,33.9,-39.3,35,2023-07-19 12:00:00,Tropical Storm (34-63 knots)
12,AL052023,DON,TS,33.8,-39.9,40,2023-07-19 18:00:00,Tropical Storm (34-63 knots)
12,AL052023,DON,TS,33.8,-40.6,45,2023-07-20 00:00:00,Tropical Storm (34-63 knots)
12,AL052023,DON,TS,34.0,-41.3,45,2023-07-20 06:00:00,Tropical Storm (34-63 knots)
12,AL052023,DON,TS,34.3,-42.2,40,2023-07-20 12:00:00,Tropical Storm (34-63 knots)
12,AL052023,DON,TS,34.5,-43.3,40,2023-07-20 18:00:00,Tropical Storm (34-63 knots)
12,AL052023,DON,TS,34.6,-44.2,40,2023-07-21 00:00:00,Tropical Storm (34-63 knots)
12,AL052023,DON,TS,35.0,-45.1,40,2023-07-21 06:00:00,Tropical Storm (34-63 knots)
12,AL052023,DON,TS,35.4,-46.0,45,2023-07-21 12:00:00,Tropical Storm (34-63 knots)
12,AL052023,DON,TS,36.2,-47.0,45,2023-07-21 18:00:00,Tropical Storm (34-63 knots)
12,AL052023,DON,TS,36.9,-48.2,45,2023-07-22 00:00:00,Tropical Storm (34-63 knots)
12,AL052023,DON,TS,37.7,-49.3,45,2023-07-22 06:00:00,Tropical Storm (34-63 knots)
12,AL052023,DON,TS,38.5,-49.9,55,2023-07-22 12:00:00,Tropical Storm (34-63 knots)
12,AL052023,DON,HU,39.5,-50.1,65,2023-07-22 18:00:00,Hurricane (>64 knots)
12,AL052023,DON,HU,40.7,-49.9,65,2023-07-23 00:00:00,Hurricane (>64 knots)
12,AL052023,DON,TS,42.0,-49.4,60,2023-07-23 06:00:00,Tropical Storm (34-63 knots)
12,AL052023,DON,TS,43.3,-48.5,55,2023-07-23 12:00:00,Tropical Storm (34-63 knots)
12,AL052023,DON,TS,44.7,-47.3,50,2023-07-23 18:00:00,Tropical Storm (34-63 knots)
12,AL052023,DON,TS,45.9,-45.7,45,2023-07-24 00:00:00,Tropical Storm (34-63 knots)
12,AL052023,DON,LO,46.7,-44.1,40,2023-07-24 06:00:00,Low (not tropical/subtropical/extratropical)
12,AL052023,DON,LO,47.3,-41.9,40,2023-07-24 12:00:00,Low (not tropical/subtropical/extratropical)
12,AL052023,DON,LO,47.8,-39.7,40,2023-07-24 18:00:00,Low (not tropical/subtropical/extratropical)
12,AL052023,DON,LO,48.5,-36.8,35,2023-07-25 00:00:00,Low (not tropical/subtropical/extratropical)
12,AL052023,DON,LO,49.1,-33.7,35,2023-07-25 06:00:00,Low (not tropical/subtropical/extratropical)
16,AL132022,JULIA,TS,12.5,-72.1,35,2022-10-07 12:00:00,Tropical Storm (34-63 knots)
16,AL132022,JULIA,TS,12.8,-73.8,40,2022-10-07 18:00:00,Tropical Storm (34-63 knots)
16,AL132022,JULIA,TS,12.8,-75.5,45,2022-10-08 00:00:00,Tropical Storm (34-63 knots)
16,AL132022,JULIA,TS,12.7,-77.2,50,2022-10-08 06:00:00,Tropical Storm (34-63 knots)
16,AL132022,JULIA,TS,12.7,-78.9,55,2022-10-08 12:00:00,Tropical Storm (34-63 knots)
16,AL132022,JULIA,TS,12.6,-80.5,60,2022-10-08 18:00:00,Tropical Storm (34-63 knots)
16,AL132022,JULIA,HU,12.5,-82.0,65,2022-10-09 00:00:00,Hurricane (>64 knots)
16,AL132022,JULIA,HU,12.4,-83.3,75,2022-10-09 06:00:00,Hurricane (>64 knots)
16,AL132022,JULIA,HU,12.4,-83.6,75,2022-10-09 07:15:00,Hurricane (>64 knots)
16,AL132022,JULIA,HU,12.3,-84.7,65,2022-10-09 12:00:00,Hurricane (>64 knots)
16,AL132022,JULIA,TS,12.3,-86.2,45,2022-10-09 18:00:00,Tropical Storm (34-63 knots)
16,AL132022,JULIA,TS,12.6,-87.6,40,2022-10-10 00:00:00,Tropical Storm (34-63 knots)
16,AL132022,JULIA,TS,13.1,-88.8,35,2022-10-10 06:00:00,Tropical Storm (34-63 knots)
16,AL132022,JULIA,TS,13.6,-89.7,35,2022-10-10 11:00:00,Tropical Storm (34-63 knots)
16,AL142022,KARL,TS,19.6,-94.5,35,2022-10-11 18:00:00,Tropical Storm (34-63 knots)
16,AL142022,KARL,TS,20.2,-94.8,35,2022-10-12 00:00:00,Tropical Storm (34-63 knots)
16,AL142022,KARL,TS,20.9,-94.9,35,2022-10-12 06:00:00,Tropical Storm (34-63 knots)
16,AL142022,KARL,TS,21.5,-94.8,40,2022-10-12 12:00:00,Tropical Storm (34-63 knots)
16,AL142022,KARL,TS,22.0,-94.6,50,2022-10-12 18:00:00,Tropical Storm (34-63 knots)
16,AL142022,KARL,TS,22.4,-94.3,50,2022-10-13 00:00:00,Tropical Storm (34-63 knots)
16,AL142022,KARL,TS,22.4,-94.3,45,2022-10-13 06:00:00,Tropical Storm (34-63 knots)
16,AL142022,KARL,TS,21.9,-94.0,45,2022-10-13 12:00:00,Tropical Storm (34-63 knots)
16,AL142022,KARL,TS,21.3,-93.6,40,2022-10-13 18:00:00,Tropical Storm (34-63 knots)
16,AL142022,KARL,TS,20.9,-93.0,40,2022-10-14 00:00:00,Tropical Storm (34-63 knots)
16,AL142022,KARL,TS,20.3,-92.6,35,2022-10-14 06:00:00,Tropical Storm (34-63 knots)
16,AL142022,KARL,TS,19.8,-92.6,35,2022-10-14 12:00:00,Tropical Storm (34-63 knots)
16,AL142022,KARL,TS,19.4,-92.6,35,2022-10-14 18:00:00,Tropical Storm (34-63 knots)
17,AL022022,BONNIE,DB,8.3,-50.5,35,2022-06-27 18:00:00,Disturbance
17,AL022022,BONNIE,DB,8.7,-52.2,35,2022-06-28 00:00:00,Disturbance
17,AL022022,BONNIE,DB,9.1,-54.2,35,2022-06-28 06:00:00,Disturbance
17,AL022022,BONNIE,DB,9.6,-56.5,35,2022-06-28 12:00:00,Disturbance
17,AL022022,BONNIE,DB,10.2,-58.9,35,2022-06-28 18:00:00,Disturbance
17,AL022022,BONNIE,DB,10.7,-61.6,35,2022-06-29 00:00:00,Disturbance
17,AL022022,BONNIE,DB,11.1,-64.0,35,2022-06-29 06:00:00,Disturbance
17,AL022022,BONNIE,DB,11.4,-66.2,35,2022-06-29 12:00:00,Disturbance
17,AL022022,BONNIE,DB,11.7,-68.0,35,2022-06-29 18:00:00,Disturbance
17,AL022022,BONNIE,DB,11.9,-69.7,35,2022-06-30 00:00:00,Disturbance
17,AL022022,BONNIE,DB,12.0,-71.4,35,2022-06-30 06:00:00,Disturbance
17,AL022022,BONNIE,DB,12.0,-73.1,35,2022-06-30 12:00:00,Disturbance
17,AL022022,BONNIE,DB,12.0,-74.9,35,2022-06-30 18:00:00,Disturbance
17,AL022022,BONNIE,DB,11.9,-76.7,35,2022-07-01 00:00:00,Disturbance
17,AL022022,BONNIE,TS,11.6,-78.5,35,2022-07-01 06:00:00,Tropical Storm (34-63 knots)
17,AL022022,BONNIE,TS,11.3,-80.2,35,2022-07-01 12:00:00,Tropical Storm (34-63 knots)
17,AL022022,BONNIE,TS,11.2,-81.8,40,2022-07-01 18:00:00,Tropical Storm (34-63 knots)
17,AL022022,BONNIE,TS,10.9,-83.1,50,2022-07-02 00:00:00,Tropical Storm (34-63 knots)
17,AL022022,BONNIE,TS,11.0,-83.8,50,2022-07-02 03:00:00,Tropical Storm (34-63 knots)
17,AL022022,BONNIE,TS,11.1,-84.5,40,2022-07-02 06:00:00,Tropical Storm (34-63 knots)
17,AL022022,BONNIE,TS,11.2,-85.9,35,2022-07-02 12:00:00,Tropical Storm (34-63 knots)
17,AL022022,BONNIE,TS,11.2,-87.4,45,2022-07-02 18:00:00,Tropical Storm (34-63 knots)
17,AL022022,BONNIE,TS,11.2,-88.9,50,2022-07-03 00:00:00,Tropical Storm (34-63 knots)
17,AL022022,BONNIE,TS,11.5,-90.4,50,2022-07-03 06:00:00,Tropical Storm (34-63 knots)
17,AL022022,BONNIE,TS,11.8,-91.9,55,2022-07-03 12:00:00,Tropical Storm (34-63 knots)
17,AL022022,BONNIE,TS,12.2,-93.4,60,2022-07-03 18:00:00,Tropical Storm (34-63 knots)
17,AL022022,BONNIE,HU,12.9,-94.9,65,2022-07-04 00:00:00,Hurricane (>64 knots)
17,AL022022,BONNIE,HU,13.4,-96.6,70,2022-07-04 06:00:00,Hurricane (>64 knots)
17,AL022022,BONNIE,HU,13.6,-98.2,75,2022-07-04 12:00:00,Hurricane (>64 knots)
17,AL022022,BONNIE,HU,13.8,-99.6,85,2022-07-04 18:00:00,Hurricane (>64 knots)
17,AL022022,BONNIE,HU,14.4,-100.9,90,2022-07-05 00:00:00,Hurricane (>64 knots)
17,AL022022,BONNIE,HU,14.9,-102.4,95,2022-07-05 06:00:00,Hurricane (>64 knots)
17,AL022022,BONNIE,HU,15.1,-103.8,100,2022-07-05 12:00:00,Hurricane (>64 knots)
17,AL022022,BONNIE,HU,15.4,-105.1,95,2022-07-05 18:00:00,Hurricane (>64 knots)
17,AL022022,BONNIE,HU,15.6,-106.4,90,2022-07-06 00:00:00,Hurricane (>64 knots)
17,AL022022,BONNIE,HU,15.8,-107.6,85,2022-07-06 06:00:00,Hurricane (>64 knots)
17,AL032022,COLIN,TS,32.4,-80.5,35,2022-07-01 23:30:00,Tropical Storm (34-63 knots)
17,AL032022,COLIN,TS,32.5,-80.4,35,2022-07-02 00:00:00,Tropical Storm (34-63 knots)
17,AL032022,COLIN,TS,33.0,-79.9,35,2022-07-02 06:00:00,Tropical Storm (34-63 knots)
17,AL032022,COLIN,TS,33.4,-79.4,35,2022-07-02 12:00:00,Tropical Storm (34-63 knots)
18,AL142021,NICHOLAS,TS,25.9,-96.7,50,2021-09-13 12:00:00,Tropical Storm (34-63 knots)
18,AL142021,NICHOLAS,TS,27.0,-96.6,55,2021-09-13 18:00:00,Tropical Storm (34-63 knots)
18,AL142021,NICHOLAS,HU,28.0,-96.2,65,2021-09-14 00:00:00,Hurricane (>64 knots)
18,AL142021,NICHOLAS,HU,28.7,-95.7,65,2021-09-14 05:30:00,Hurricane (>64 knots)
18,AL142021,NICHOLAS,HU,28.8,-95.7,65,2021-09-14 06:00:00,Hurricane (>64 knots)
18,AL142021,NICHOLAS,TS,29.3,-95.4,50,2021-09-14 12:00:00,Tropical Storm (34-63 knots)
18,AL142021,NICHOLAS,TS,29.6,-94.9,35,2021-09-14 18:00:00,Tropical Storm (34-63 knots)
18,AL152021,ODETTE,TS,35.9,-72.7,35,2021-09-17 18:00:00,Tropical Storm (34-63 knots)
18,AL152021,ODETTE,TS,36.8,-71.4,40,2021-09-18 00:00:00,Tropical Storm (34-63 knots)
18,AL152021,ODETTE,TS,37.6,-70.1,40,2021-09-18 06:00:00,Tropical Storm (34-63 knots)
18,AL152021,ODETTE,EX,38.3,-68.3,40,2021-09-18 12:00:00,Extratropical Cyclone
18,AL152021,ODETTE,EX,38.7,-66.2,40,2021-09-18 18:00:00,Extratropical Cyclone
18,AL152021,ODETTE,EX,39.2,-64.1,45,2021-09-19 00:00:00,Extratropical Cyclone
18,AL152021,ODETTE,EX,39.9,-61.9,45,2021-09-19 06:00:00,Extratropical Cyclone
18,AL152021,ODETTE,EX,41.1,-59.4,45,2021-09-19 12:00:00,Extratropical Cyclone
18,AL152021,ODETTE,EX,42.7,-56.6,50,2021-09-19 18:00:00,Extratropical Cyclone
18,AL152021,ODETTE,EX,44.1,-54.1,55,2021-09-20 00:00:00,Extratropical Cyclone
18,AL152021,ODETTE,EX,45.0,-51.6,55,2021-09-20 06:00:00,Extratropical Cyclone
18,AL152021,ODETTE,EX,44.7,-49.7,50,2021-09-20 12:00:00,Extratropical Cyclone
18,AL152021,ODETTE,EX,44.2,-48.1,50,2021-09-20 18:00:00,Extratropical Cyclone
18,AL152021,ODETTE,EX,43.2,-46.6,50,2021-09-21 00:00:00,Extratropical Cyclone
18,AL152021,ODETTE,EX,41.8,-45.4,50,2021-09-21 06:00:00,Extratropical Cyclone
18,AL152021,ODETTE,EX,40.4,-43.8,45,2021-09-21 12:00:00,Extratropical Cyclone
18,AL152021,ODETTE,EX,39.9,-41.9,45,2021-09-21 18:00:00,Extratropical Cyclone
18,AL152021,ODETTE,EX,40.2,-40.1,45,2021-09-22 00:00:00,Extratropical Cyclone
18,AL152021,ODETTE,EX,41.3,-39.9,45,2021-09-22 06:00:00,Extratropical Cyclone
18,AL152021,ODETTE,EX,42.4,-40.2,45,2021-09-22 12:00:00,Extratropical Cyclone
18,AL152021,ODETTE,EX,43.5,-40.8,40,2021-09-22 18:00:00,Extratropical Cyclone
18,AL152021,ODETTE,EX,44.1,-41.2,40,2021-09-23 00:00:00,Extratropical Cyclone
18,AL152021,ODETTE,EX,44.2,-41.8,40,2021-09-23 06:00:00,Extratropical Cyclone
18,AL152021,ODETTE,EX,44.1,-42.4,40,2021-09-23 12:00:00,Extratropical Cyclone
18,AL152021,ODETTE,EX,43.8,-42.0,35,2021-09-23 18:00:00,Extratropical Cyclone
18,AL152021,ODETTE,EX,44.1,-41.4,35,2021-09-24 00:00:00,Extratropical Cyclone
18,AL152021,ODETTE,EX,44.1,-41.0,35,2021-09-24 06:00:00,Extratropical Cyclone
18,AL152021,ODETTE,EX,43.6,-40.5,35,2021-09-24 12:00:00,Extratropical Cyclone
18,AL152021,ODETTE,LO,42.7,-40.0,35,2021-09-24 18:00:00,Low (not tropical/subtropical/extratropical)
18,AL152021,ODETTE,LO,41.6,-39.4,35,2021-09-25 00:00:00,Low (not tropical/subtropical/extratropical)
18,AL152021,ODETTE,LO,40.3,-38.7,35,2021-09-25 06:00:00,Low (not tropical/subtropical/extratropical)
18,AL152021,ODETTE,LO,38.9,-38.0,35,2021-09-25 12:00:00,Low (not tropical/subtropical/extratropical)
18,AL152021,ODETTE,LO,37.3,-38.1,35,2021-09-25 18:00:00,Low (not tropical/subtropical/extratropical)
18,AL152021,ODETTE,LO,35.8,-38.6,35,2021-09-26 00:00:00,Low (not tropical/subtropical/extratropical)
18,AL162021,PETER,TS,16.8,-54.4,35,2021-09-19 06:00:00,Tropical Storm (34-63 knots)
18,AL162021,PETER,TS,17.3,-55.8,40,2021-09-19 12:00:00,Tropical Storm (34-63 knots)
18,AL162021,PETER,TS,17.9,-57.0,45,2021-09-19 18:00:00,Tropical Storm (34-63 knots)
18,AL162021,PETER,TS,18.4,-58.0,45,2021-09-20 00:00:00,Tropical Storm (34-63 knots)
18,AL162021,PETER,TS,18.8,-59.0,45,2021-09-20 06:00:00,Tropical Storm (34-63 knots)
18,AL162021,PETER,TS,19.2,-60.1,45,2021-09-20 12:00:00,Tropical Storm (34-63 knots)
18,AL162021,PETER,TS,19.5,-61.2,45,2021-09-20 18:00:00,Tropical Storm (34-63 knots)
18,AL162021,PETER,TS,19.6,-62.3,45,2021-09-21 00:00:00,Tropical Storm (34-63 knots)
18,AL162021,PETER,TS,19.6,-63.2,40,2021-09-21 06:00:00,Tropical Storm (34-63 knots)
18,AL162021,PETER,TS,19.8,-64.0,35,2021-09-21 12:00:00,Tropical Storm (34-63 knots)
18,AL172021,ROSE,TS,13.8,-29.4,35,2021-09-19 18:00:00,Tropical Storm (34-63 knots)
18,AL172021,ROSE,TS,14.7,-30.6,35,2021-09-20 00:00:00,Tropical Storm (34-63 knots)
18,AL172021,ROSE,TS,15.6,-31.8,35,2021-09-20 06:00:00,Tropical Storm (34-63 knots)
18,AL172021,ROSE,TS,16.7,-32.9,35,2021-09-20 12:00:00,Tropical Storm (34-63 knots)
18,AL172021,ROSE,TS,17.7,-34.1,40,2021-09-20 18:00:00,Tropical Storm (34-63 knots)
18,AL172021,ROSE,TS,18.8,-35.3,50,2021-09-21 00:00:00,Tropical Storm (34-63 knots)
18,AL172021,ROSE,TS,20.0,-36.1,40,2021-09-21 06:00:00,Tropical Storm (34-63 knots)
18,AL172021,ROSE,TS,21.1,-36.7,35,2021-09-21 12:00:00,Tropical Storm (34-63 knots)
18,AL172021,ROSE,TS,22.1,-37.3,35,2021-09-21 18:00:00,Tropical Storm (34-63 knots)
18,AL172021,ROSE,TS,22.7,-37.7,35,2021-09-22 00:00:00,Tropical Storm (34-63 knots)
18,AL182021,SAM,TS,10.4,-36.0,35,2021-09-23 06:00:00,Tropical Storm (34-63 knots)
18,AL182021,SAM,TS,10.7,-37.6,45,2021-09-23 12:00:00,Tropical Storm (34-63 knots)
18,AL182021,SAM,TS,10.9,-39.0,50,2021-09-23 18:00:00,Tropical Storm (34-63 knots)
18,AL182021,SAM,TS,11.1,-40.3,60,2021-09-24 00:00:00,Tropical Storm (34-63 knots)
18,AL182021,SAM,HU,11.4,-41.6,65,2021-09-24 06:00:00,Hurricane (>64 knots)
18,AL182021,SAM,HU,11.6,-43.0,65,2021-09-24 12:00:00,Hurricane (>64 knots)
18,AL182021,SAM,HU,11.9,-44.3,70,2021-09-24 18:00:00,Hurricane (>64 knots)
18,AL182021,SAM,HU,12.3,-45.4,85,2021-09-25 00:00:00,Hurricane (>64 knots)
18,AL182021,SAM,HU,12.6,-46.3,95,2021-09-25 06:00:00,Hurricane (>64 knots)
18,AL182021,SAM,HU,12.8,-47.2,105,2021-09-25 12:00:00,Hurricane (>64 knots)
18,AL182021,SAM,HU,13.1,-48.1,115,2021-09-25 18:00:00,Hurricane (>64 knots)
18,AL182021,SAM,HU,13.4,-48.8,130,2021-09-26 00:00:00,Hurricane (>64 knots)
18,AL182021,SAM,HU,13.6,-49.4,130,2021-09-26 06:00:00,Hurricane (>64 knots)
18,AL182021,SAM,HU,13.8,-50.0,130,2021-09-26 12:00:00,Hurricane (>64 knots)
18,AL182021,SAM,HU,14.1,-50.3,135,2021-09-26 18:00:00,Hurricane (>64 knots)
18,AL182021,SAM,HU,14.5,-50.6,130,2021-09-27 00:00:00,Hurricane (>64 knots)
18,AL182021,SAM,HU,15.0,-51.1,115,2021-09-27 06:00:00,Hurricane (>64 knots)
18,AL182021,SAM,HU,15.4,-51.7,105,2021-09-27 12:00:00,Hurricane (>64 knots)
18,AL182021,SAM,HU,15.9,-52.3,105,2021-09-27 18:00:00,Hurricane (>64 knots)
18,AL182021,SAM,HU,16.5,-52.9,105,2021-09-28 00:00:00,Hurricane (>64 knots)
18,AL182021,SAM,HU,16.9,-53.5,115,2021-09-28 06:00:00,Hurricane (>64 knots)
18,AL182021,SAM,HU,17.3,-54.1,115,2021-09-28 12:00:00,Hurricane (>64 knots)
18,AL182021,SAM,HU,17.7,-54.7,115,2021-09-28 18:00:00,Hurricane (>64 knots)
18,AL182021,SAM,HU,18.1,-55.3,115,2021-09-29 00:00:00,Hurricane (>64 knots)
18,AL182021,SAM,HU,18.6,-55.9,115,2021-09-29 06:00:00,Hurricane (>64 knots)
18,AL182021,SAM,HU,19.1,-56.6,115,2021-09-29 12:00:00,Hurricane (>64 knots)
18,AL182021,SAM,HU,19.7,-57.3,115,2021-09-29 18:00:00,Hurricane (>64 knots)
18,AL182021,SAM,HU,20.3,-58.0,125,2021-09-30 00:00:00,Hurricane (>64 knots)
18,AL182021,SAM,HU,21.0,-58.8,125,2021-09-30 06:00:00,Hurricane (>64 knots)
18,AL182021,SAM,HU,22.0,-59.6,125,2021-09-30 12:00:00,Hurricane (>64 knots)
18,AL182021,SAM,HU,23.0,-60.4,125,2021-09-30 18:00:00,Hurricane (>64 knots)
18,AL182021,SAM,HU,24.3,-61.0,125,2021-10-01 00:00:00,Hurricane (>64 knots)
18,AL182021,SAM,HU,25.8,-61.6,130,2021-10-01 06:00:00,Hurricane (>64 knots)
18,AL182021,SAM,HU,27.4,-61.9,130,2021-10-01 12:00:00,Hurricane (>64 knots)
18,AL182021,SAM,HU,29.2,-61.9,130,2021-10-01 18:00:00,Hurricane (>64 knots)
18,AL182021,SAM,HU,30.8,-61.5,125,2021-10-02 00:00:00,Hurricane (>64 knots)
18,AL182021,SAM,HU,32.1,-61.0,120,2021-10-02 06:00:00,Hurricane (>64 knots)
18,AL182021,SAM,HU,33.4,-60.1,115,2021-10-02 12:00:00,Hurricane (>64 knots)
18,AL182021,SAM,HU,34.7,-59.1,110,2021-10-02 18:00:00,Hurricane (>64 knots)
18,AL182021,SAM,HU,35.8,-57.9,100,2021-10-03 00:00:00,Hurricane (>64 knots)
18,AL182021,SAM,HU,36.7,-56.6,90,2021-10-03 06:00:00,Hurricane (>64 knots)
18,AL182021,SAM,HU,37.3,-55.4,85,2021-10-03 12:00:00,Hurricane (>64 knots)
18,AL182021,SAM,HU,38.0,-53.9,85,2021-10-03 18:00:00,Hurricane (>64 knots)
18,AL182021,SAM,HU,38.7,-52.2,90,2021-10-04 00:00:00,Hurricane (>64 knots)
18,AL182021,SAM,HU,39.9,-49.9,90,2021-10-04 06:00:00,Hurricane (>64 knots)
18,AL182021,SAM,HU,41.4,-47.1,85,2021-10-04 12:00:00,Hurricane (>64 knots)
18,AL182021,SAM,HU,43.8,-43.6,80,2021-10-04 18:00:00,Hurricane (>64 knots)
18,AL192021,TERESA,SS,32.8,-62.9,35,2021-09-24 12:00:00,Subtropical Storm (>34 knots)
18,AL192021,TERESA,SS,33.6,-64.1,40,2021-09-24 18:00:00,Subtropical Storm (>34 knots)
18,AL192021,TERESA,SS,34.1,-65.0,40,2021-09-25 00:00:00,Subtropical Storm (>34 knots)
18,AL192021,TERESA,SS,34.3,-65.5,35,2021-09-25 06:00:00,Subtropical Storm (>34 knots)
18,AL202021,VICTOR,TS,8.1,-25.1,35,2021-09-29 18:00:00,Tropical Storm (34-63 knots)
18,AL202021,VICTOR,TS,8.3,-26.0,35,2021-09-30 00:00:00,Tropical Storm (34-63 knots)
18,AL202021,VICTOR,TS,8.7,-27.1,40,2021-09-30 06:00:00,Tropical Storm (34-63 knots)
18,AL202021,VICTOR,TS,9.2,-28.4,40,2021-09-30 12:00:00,Tropical Storm (34-63 knots)
18,AL202021,VICTOR,TS,9.8,-29.5,45,2021-09-30 18:00:00,Tropical Storm (34-63 knots)
18,AL202021,VICTOR,TS,10.5,-30.6,50,2021-10-01 00:00:00,Tropical Storm (34-63 knots)
18,AL202021,VICTOR,TS,11.0,-31.8,50,2021-10-01 06:00:00,Tropical Storm (34-63 knots)
18,AL202021,VICTOR,TS,11.4,-33.0,55,2021-10-01 12:00:00,Tropical Storm (34-63 knots)
18,AL202021,VICTOR,TS,11.8,-33.9,55,2021-10-01 18:00:00,Tropical Storm (34-63 knots)
18,AL202021,VICTOR,TS,12.1,-34.9,50,2021-10-02 00:00:00,Tropical Storm (34-63 knots)
18,AL202021,VICTOR,TS,12.5,-35.8,45,2021-10-02 06:00:00,Tropical Storm (34-63 knots)
18,AL202021,VICTOR,TS,12.7,-36.7,35,2021-10-02 12:00:00,Tropical Storm (34-63 knots)
19,AL092024,HELENE,DB,17.8,-81.9,35,2024-09-23 18:00:00,Disturbance
19,AL092024,HELENE,DB,18.2,-82.2,35,2024-09-24 00:00:00,Disturbance
19,AL092024,HELENE,DB,18.6,-82.8,35,2024-09-24 06:00:00,Disturbance
19,AL092024,HELENE,TS,19.2,-83.7,40,2024-09-24 12:00:00,Tropical Storm (34-63 knots)
19,AL092024,HELENE,TS,19.4,-84.6,45,2024-09-24 18:00:00,Tropical Storm (34-63 knots)
19,AL092024,HELENE,TS,19.7,-85.2,50,2024-09-25 00:00:00,Tropical Storm (34-63 knots)
19,AL092024,HELENE,TS,20.3,-85.9,55,2024-09-25 06:00:00,Tropical Storm (34-63 knots)
19,AL092024,HELENE,HU,21.1,-86.2,65,2024-09-25 12:00:00,Hurricane (>64 knots)
19,AL092024,HELENE,HU,22.0,-86.5,70,2024-09-25 18:00:00,Hurricane (>64 knots)
19,AL092024,HELENE,HU,22.8,-86.7,70,2024-09-26 00:00:00,Hurricane (>64 knots)
19,AL092024,HELENE,HU,23.6,-86.5,75,2024-09-26 06:00:00,Hurricane (>64 knots)
19,AL092024,HELENE,HU,24.7,-85.8,85,2024-09-26 12:00:00,Hurricane (>64 knots)
19,AL092024,HELENE,HU,26.6,-85.0,105,2024-09-26 18:00:00,Hurricane (>64 knots)
19,AL092024,HELENE,HU,28.7,-84.3,120,2024-09-27 00:00:00,Hurricane (>64 knots)
19,AL092024,HELENE,HU,30.0,-83.7,120,2024-09-27 03:10:00,Hurricane (>64 knots)
19,AL092024,HELENE,HU,30.8,-83.5,95,2024-09-27 05:00:00,Hurricane (>64 knots)
19,AL092024,HELENE,HU,31.3,-83.3,80,2024-09-27 06:00:00,Hurricane (>64 knots)
19,AL092024,HELENE,TS,32.9,-83.1,60,2024-09-27 09:00:00,Tropical Storm (34-63 knots)
19,AL092024,HELENE,TS,34.4,-83.2,45,2024-09-27 12:00:00,Tropical Storm (34-63 knots)
19,AL092024,HELENE,LO,36.8,-84.9,40,2024-09-27 18:00:00,Low (not tropical/subtropical/extratropical)
19,AL092024,HELENE,LO,38.1,-86.6,40,2024-09-28 00:00:00,Low (not tropical/subtropical/extratropical)
19,AL102024,ISAAC,EX,38.7,-58.4,40,2024-09-24 12:00:00,Extratropical Cyclone
19,AL102024,ISAAC,EX,38.6,-58.6,40,2024-09-24 18:00:00,Extratropical Cyclone
19,AL102024,ISAAC,EX,38.1,-58.8,45,2024-09-25 00:00:00,Extratropical Cyclone
19,AL102024,ISAAC,EX,37.3,-58.5,45,2024-09-25 06:00:00,Extratropical Cyclone
19,AL102024,ISAAC,EX,37.0,-57.2,45,2024-09-25 12:00:00,Extratropical Cyclone
19,AL102024,ISAAC,TS,36.9,-55.7,45,2024-09-25 18:00:00,Tropical Storm (34-63 knots)
19,AL102024,ISAAC,TS,37.0,-54.5,45,2024-09-26 00:00:00,Tropical Storm (34-63 knots)
19,AL102024,ISAAC,TS,37.1,-53.4,45,2024-09-26 06:00:00,Tropical Storm (34-63 knots)
19,AL102024,ISAAC,TS,37.2,-52.3,45,2024-09-26 12:00:00,Tropical Storm (34-63 knots)
19,AL102024,ISAAC,TS,37.3,-51.2,50,2024-09-26 18:00:00,Tropical Storm (34-63 knots)
19,AL102024,ISAAC,TS,37.2,-50.1,55,2024-09-27 00:00:00,Tropical Storm (34-63 knots)
19,AL102024,ISAAC,TS,37.1,-49.1,60,2024-09-27 06:00:00,Tropical Storm (34-63 knots)
19,AL102024,ISAAC,HU,37.1,-47.7,65,2024-09-27 12:00:00,Hurricane (>64 knots)
19,AL102024,ISAAC,HU,37.5,-46.2,75,2024-09-27 18:00:00,Hurricane (>64 knots)
19,AL102024,ISAAC,HU,38.0,-44.4,85,2024-09-28 00:00:00,Hurricane (>64 knots)
19,AL102024,ISAAC,HU,38.8,-42.3,90,2024-09-28 06:00:00,Hurricane (>64 knots)
19,AL102024,ISAAC,HU,39.7,-40.4,90,2024-09-28 12:00:00,Hurricane (>64 knots)
19,AL102024,ISAAC,HU,40.6,-39.1,85,2024-09-28 18:00:00,Hurricane (>64 knots)
19,AL102024,ISAAC,HU,41.5,-38.0,75,2024-09-29 00:00:00,Hurricane (>64 knots)
19,AL102024,ISAAC,HU,42.3,-37.0,70,2024-09-29 06:00:00,Hurricane (>64 knots)
19,AL102024,ISAAC,HU,43.0,-36.1,65,2024-09-29 12:00:00,Hurricane (>64 knots)
19,AL102024,ISAAC,TS,43.7,-35.1,60,2024-09-29 18:00:00,Tropical Storm (34-63 knots)
19,AL102024,ISAAC,TS,44.1,-33.8,55,2024-09-30 00:00:00,Tropical Storm (34-63 knots)
19,AL102024,ISAAC,EX,44.4,-32.0,55,2024-09-30 06:00:00,Extratropical Cyclone
19,AL102024,ISAAC,EX,44.7,-30.1,50,2024-09-30 12:00:00,Extratropical Cyclone
19,AL102024,ISAAC,EX,45.2,-28.0,45,2024-09-30 18:00:00,Extratropical Cyclone
19,AL102024,ISAAC,EX,46.1,-26.3,45,2024-10-01 00:00:00,Extratropical Cyclone
19,AL102024,ISAAC,EX,47.0,-25.1,45,2024-10-01 06:00:00,Extratropical Cyclone
19,AL102024,ISAAC,EX,47.8,-24.4,45,2024-10-01 12:00:00,Extratropical Cyclone
19,AL102024,ISAAC,EX,48.4,-23.7,40,2024-10-01 18:00:00,Extratropical Cyclone
19,AL102024,ISAAC,EX,49.1,-23.0,40,2024-10-02 00:00:00,Extratropical Cyclone
19,AL102024,ISAAC,EX,49.7,-22.5,40,2024-10-02 06:00:00,Extratropical Cyclone
19,AL102024,ISAAC,EX,50.4,-22.1,40,2024-10-02 12:00:00,Extratropical Cyclone
19,AL102024,ISAAC,EX,51.2,-21.6,40,2024-10-02 18:00:00,Extratropical Cyclone
19,AL102024,ISAAC,EX,51.9,-21.0,40,2024-10-03 00:00:00,Extratropical Cyclone
19,AL112024,JOYCE,TS,17.8,-42.5,35,2024-09-27 12:00:00,Tropical Storm (34-63 knots)
19,AL112024,JOYCE,TS,18.2,-43.4,45,2024-09-27 18:00:00,Tropical Storm (34-63 knots)
19,AL112024,JOYCE,TS,18.8,-44.3,45,2024-09-28 00:00:00,Tropical Storm (34-63 knots)
19,AL112024,JOYCE,TS,19.3,-45.0,45,2024-09-28 06:00:00,Tropical Storm (34-63 knots)
19,AL112024,JOYCE,TS,19.7,-45.7,45,2024-09-28 12:00:00,Tropical Storm (34-63 knots)
19,AL112024,JOYCE,TS,20.2,-46.4,40,2024-09-28 18:00:00,Tropical Storm (34-63 knots)
19,AL112024,JOYCE,TS,20.6,-47.1,40,2024-09-29 00:00:00,Tropical Storm (34-63 knots)
19,AL112024,JOYCE,TS,21.1,-47.8,40,2024-09-29 06:00:00,Tropical Storm (34-63 knots)
19,AL112024,JOYCE,TS,21.6,-48.4,40,2024-09-29 12:00:00,Tropical Storm (34-63 knots)
19,AL112024,JOYCE,TS,22.0,-48.9,35,2024-09-29 18:00:00,Tropical Storm (34-63 knots)
19,AL122024,KIRK,TS,13.6,-33.4,35,2024-09-30 06:00:00,Tropical Storm (34-63 knots)
19,AL122024,KIRK,TS,13.4,-34.3,45,2024-09-30 12:00:00,Tropical Storm (34-63 knots)
19,AL122024,KIRK,TS,13.7,-35.3,50,2024-09-30 18:00:00,Tropical Storm (34-63 knots)
19,AL122024,KIRK,TS,14.2,-36.3,50,2024-10-01 00:00:00,Tropical Storm (34-63 knots)
19,AL122024,KIRK,TS,14.7,-37.5,50,2024-10-01 06:00:00,Tropical Storm (34-63 knots)
19,AL122024,KIRK,TS,15.2,-38.7,60,2024-10-01 12:00:00,Tropical Storm (34-63 knots)
19,AL122024,KIRK,HU,15.9,-39.7,65,2024-10-01 18:00:00,Hurricane (>64 knots)
19,AL122024,KIRK,HU,16.5,-40.6,65,2024-10-02 00:00:00,Hurricane (>64 knots)
19,AL122024,KIRK,HU,17.1,-41.6,70,2024-10-02 06:00:00,Hurricane (>64 knots)
19,AL122024,KIRK,HU,17.8,-42.7,75,2024-10-02 12:00:00,Hurricane (>64 knots)
19,AL122024,KIRK,HU,18.5,-43.5,80,2024-10-02 18:00:00,Hurricane (>64 knots)
19,AL122024,KIRK,HU,19.1,-44.1,100,2024-10-03 00:00:00,Hurricane (>64 knots)
19,AL122024,KIRK,HU,19.6,-44.7,105,2024-10-03 06:00:00,Hurricane (>64 knots)
19,AL122024,KIRK,HU,20.1,-45.5,110,2024-10-03 12:00:00,Hurricane (>64 knots)
19,AL122024,KIRK,HU,20.7,-46.3,115,2024-10-03 18:00:00,Hurricane (>64 knots)
19,AL122024,KIRK,HU,21.2,-47.1,130,2024-10-04 00:00:00,Hurricane (>64 knots)
19,AL122024,KIRK,HU,21.9,-47.9,130,2024-10-04 06:00:00,Hurricane (>64 knots)
19,AL122024,KIRK,HU,22.5,-48.6,120,2024-10-04 12:00:00,Hurricane (>64 knots)
19,AL122024,KIRK,HU,23.3,-49.1,115,2024-10-04 18:00:00,Hurricane (>64 knots)
19,AL122024,KIRK,HU,24.3,-49.7,115,2024-10-05 00:00:00,Hurricane (>64 knots)
19,AL122024,KIRK,HU,25.4,-50.1,110,2024-10-05 06:00:00,Hurricane (>64 knots)
19,AL122024,KIRK,HU,26.8,-50.4,105,2024-10-05 12:00:00,Hurricane (>64 knots)
19,AL122024,KIRK,HU,28.7,-50.2,105,2024-10-05 18:00:00,Hurricane (>64 knots)
19,AL122024,KIRK,HU,30.6,-49.9,100,2024-10-06 00:00:00,Hurricane (>64 knots)
19,AL122024,KIRK,HU,32.6,-49.5,95,2024-10-06 06:00:00,Hurricane (>64 knots)
19,AL122024,KIRK,HU,34.5,-48.6,85,2024-10-06 12:00:00,Hurricane (>64 knots)
19,AL122024,KIRK,HU,36.4,-47.2,80,2024-10-06 18:00:00,Hurricane (>64 knots)
19,AL122024,KIRK,HU,37.9,-45.0,70,2024-10-07 00:00:00,Hurricane (>64 knots)
19,AL122024,KIRK,HU,39.5,-42.4,65,2024-10-07 06:00:00,Hurricane (>64 knots)
19,AL122024,KIRK,EX,41.2,-39.9,65,2024-10-07 12:00:00,Extratropical Cyclone
19,AL122024,KIRK,EX,42.7,-36.6,60,2024-10-07 18:00:00,Extratropical Cyclone
19,AL122024,KIRK,EX,43.3,-33.3,55,2024-10-08 00:00:00,Extratropical Cyclone
19,AL122024,KIRK,EX,43.5,-29.6,55,2024-10-08 06:00:00,Extratropical Cyclone
19,AL122024,KIRK,EX,43.5,-25.4,55,2024-10-08 12:00:00,Extratropical Cyclone
19,AL122024,KIRK,EX,42.9,-20.9,55,2024-10-08 18:00:00,Extratropical Cyclone
19,AL122024,KIRK,EX,43.0,-15.5,50,2024-10-09 00:00:00,Extratropical Cyclone
19,AL122024,KIRK,EX,43.5,-9.5,50,2024-10-09 06:00:00,Extratropical Cyclone
19,AL122024,KIRK,EX,45.5,-4.0,45,2024-10-09 12:00:00,Extratropical Cyclone
19,AL122024,KIRK,EX,48.0,2.0,40,2024-10-09 18:00:00,Extratropical Cyclone
19,AL132024,LESLIE,TS,10.4,-29.8,35,2024-10-03 00:00:00,Tropical Storm (34-63 knots)
19,AL132024,LESLIE,TS,10.3,-30.2,40,2024-10-03 06:00:00,Tropical Storm (34-63 knots)
19,AL132024,LESLIE,TS,10.1,-30.7,45,2024-10-03 12:00:00,Tropical Storm (34-63 knots)
19,AL132024,LESLIE,TS,9.9,-31.3,45,2024-10-03 18:00:00,Tropical Storm (34-63 knots)
19,AL132024,LESLIE,TS,9.8,-31.7,50,2024-10-04 00:00:00,Tropical Storm (34-63 knots)
19,AL132024,LESLIE,TS,9.8,-32.2,50,2024-10-04 06:00:00,Tropical Storm (34-63 knots)
19,AL132024,LESLIE,TS,9.9,-32.7,55,2024-10-04 12:00:00,Tropical Storm (34-63 knots)
19,AL132024,LESLIE,TS,10.1,-33.3,60,2024-10-04 18:00:00,Tropical Storm (34-63 knots)
19,AL132024,LESLIE,HU,10.3,-33.9,65,2024-10-05 00:00:00,Hurricane (>64 knots)
19,AL132024,LESLIE,HU,10.5,-34.5,70,2024-10-05 06:00:00,Hurricane (>64 knots)
19,AL132024,LESLIE,HU,10.9,-35.1,70,2024-10-05 12:00:00,Hurricane (>64 knots)
19,AL132024,LESLIE,HU,11.3,-35.7,70,2024-10-05 18:00:00,Hurricane (>64 knots)
19,AL132024,LESLIE,HU,11.8,-36.4,75,2024-10-06 00:00:00,Hurricane (>64 knots)
19,AL132024,LESLIE,HU,12.4,-36.9,80,2024-10-06 06:00:00,Hurricane (>64 knots)
19,AL132024,LESLIE,HU,13.0,-37.6,80,2024-10-06 12:00:00,Hurricane (>64 knots)
19,AL132024,LESLIE,HU,13.7,-38.2,80,2024-10-06 18:00:00,Hurricane (>64 knots)
19,AL132024,LESLIE,HU,14.5,-39.1,80,2024-10-07 00:00:00,Hurricane (>64 knots)
19,AL132024,LESLIE,HU,15.2,-40.0,75,2024-10-07 06:00:00,Hurricane (>64 knots)
19,AL132024,LESLIE,HU,16.0,-40.9,70,2024-10-07 12:00:00,Hurricane (>64 knots)
19,AL132024,LESLIE,HU,16.8,-41.9,65,2024-10-07 18:00:00,Hurricane (>64 knots)
19,AL132024,LESLIE,TS,17.6,-43.0,60,2024-10-08 00:00:00,Tropical Storm (34-63 knots)
19,AL132024,LESLIE,TS,18.3,-44.0,60,2024-10-08 06:00:00,Tropical Storm (34-63 knots)
19,AL132024,LESLIE,TS,19.0,-45.1,60,2024-10-08 12:00:00,Tropical Storm (34-63 knots)
19,AL132024,LESLIE,HU,19.7,-46.1,65,2024-10-08 18:00:00,Hurricane (>64 knots)
19,AL132024,LESLIE,HU,20.3,-46.8,70,2024-10-09 00:00:00,Hurricane (>64 knots)
19,AL132024,LESLIE,HU,20.9,-47.5,75,2024-10-09 06:00:00,Hurricane (>64 knots)
19,AL132024,LESLIE,HU,21.4,-48.2,80,2024-10-09 12:00:00,Hurricane (>64 knots)
19,AL132024,LESLIE,HU,21.9,-48.6,85,2024-10-09 18:00:00,Hurricane (>64 knots)
19,AL132024,LESLIE,HU,22.3,-49.0,90,2024-10-10 00:00:00,Hurricane (>64 knots)
19,AL132024,LESLIE,HU,22.6,-49.7,85,2024-10-10 06:00:00,Hurricane (>64 knots)
19,AL132024,LESLIE,HU,22.9,-50.2,75,2024-10-10 12:00:00,Hurricane (>64 knots)
19,AL132024,LESLIE,HU,23.5,-50.8,65,2024-10-10 18:00:00,Hurricane (>64 knots)
19,AL132024,LESLIE,TS,24.1,-51.1,55,2024-10-11 00:00:00,Tropical Storm (34-63 knots)
19,AL132024,LESLIE,TS,24.9,-51.1,50,2024-10-11 06:00:00,Tropical Storm (34-63 knots)
19,AL132024,LESLIE,TS,25.8,-50.8,45,2024-10-11 12:00:00,Tropical Storm (34-63 knots)
19,AL132024,LESLIE,TS,27.0,-50.0,45,2024-10-11 18:00:00,Tropical Storm (34-63 knots)
19,AL132024,LESLIE,TS,28.4,-48.8,45,2024-10-12 00:00:00,Tropical Storm (34-63 knots)
19,AL132024,LESLIE,TS,30.4,-47.1,45,2024-10-12 06:00:00,Tropical Storm (34-63 knots)
19,AL142024,MILTON,TS,22.5,-95.5,35,2024-10-05 18:00:00,Tropical Storm (34-63 knots)
19,AL142024,MILTON,TS,22.7,-95.5,35,2024-10-06 00:00:00,Tropical Storm (34-63 knots)
19,AL142024,MILTON,TS,22.6,-95.2,45,2024-10-06 06:00:00,Tropical Storm (34-63 knots)
19,AL142024,MILTON,TS,22.5,-94.8,55,2024-10-06 12:00:00,Tropical Storm (34-63 knots)
19,AL142024,MILTON,HU,22.5,-94.1,70,2024-10-06 18:00:00,Hurricane (>64 knots)
19,AL142024,MILTON,HU,22.5,-93.4,75,2024-10-07 00:00:00,Hurricane (>64 knots)
19,AL142024,MILTON,HU,22.1,-92.9,90,2024-10-07 06:00:00,Hurricane (>64 knots)
19,AL142024,MILTON,HU,21.8,-92.2,120,2024-10-07 12:00:00,Hurricane (>64 knots)
19,AL142024,MILTON,HU,21.7,-91.3,150,2024-10-07 18:00:00,Hurricane (>64 knots)
19,AL142024,MILTON,HU,21.8,-90.9,155,2024-10-07 20:00:00,Hurricane (>64 knots)
19,AL142024,MILTON,HU,21.8,-90.4,145,2024-10-08 00:00:00,Hurricane (>64 knots)
19,AL142024,MILTON,HU,21.9,-89.5,125,2024-10-08 06:00:00,Hurricane (>64 knots)
19,AL142024,MILTON,HU,22.5,-88.8,125,2024-10-08 12:00:00,Hurricane (>64 knots)
19,AL142024,MILTON,HU,22.5,-88.0,140,2024-10-08 18:00:00,Hurricane (>64 knots)
19,AL142024,MILTON,HU,22.8,-87.2,145,2024-10-08 22:05:00,Hurricane (>64 knots)
19,AL142024,MILTON,HU,23.0,-86.9,140,2024-10-09 00:00:00,Hurricane (>64 knots)
19,AL142024,MILTON,HU,23.3,-86.6,135,2024-10-09 02:05:00,Hurricane (>64 knots)
19,AL142024,MILTON,HU,23.8,-85.9,140,2024-10-09 06:00:00,Hurricane (>64 knots)
19,AL142024,MILTON,HU,24.3,-85.4,140,2024-10-09 08:25:00,Hurricane (>64 knots)
19,AL142024,MILTON,HU,25.0,-84.8,135,2024-10-09 12:00:00,Hurricane (>64 knots)
19,AL142024,MILTON,HU,26.3,-84.0,115,2024-10-09 18:00:00,Hurricane (>64 knots)
19,AL142024,MILTON,HU,27.3,-82.7,105,2024-10-10 00:00:00,Hurricane (>64 knots)
19,AL142024,MILTON,HU,27.4,-82.6,100,2024-10-10 00:30:00,Hurricane (>64 knots)
19,AL142024,MILTON,HU,28.1,-81.3,70,2024-10-10 06:00:00,Hurricane (>64 knots)
19,AL142024,MILTON,HU,29.0,-79.5,65,2024-10-10 12:00:00,Hurricane (>64 knots)
19,AL142024,MILTON,EX,29.5,-77.5,60,2024-10-10 18:00:00,Extratropical Cyclone
19,AL142024,MILTON,EX,29.5,-75.0,60,2024-10-11 00:00:00,Extratropical Cyclone
19,AL142024,MILTON,EX,29.5,-72.4,55,2024-10-11 06:00:00,Extratropical Cyclone
19,AL142024,MILTON,EX,29.5,-69.3,55,2024-10-11 12:00:00,Extratropical Cyclone
19,AL142024,MILTON,EX,29.3,-65.9,50,2024-10-11 18:00:00,Extratropical Cyclone
23,AL132024,LESLIE,HU,22.3,-49.0,90,2024-10-10 00:00:00,Hurricane (>64 knots)
23,AL132024,LESLIE,HU,22.6,-49.7,85,2024-10-10 06:00:00,Hurricane (>64 knots)
23,AL132024,LESLIE,HU,22.9,-50.2,75,2024-10-10 12:00:00,Hurricane (>64 knots)
23,AL132024,LESLIE,HU,23.5,-50.8,65,2024-10-10 18:00:00,Hurricane (>64 knots)
23,AL132024,LESLIE,TS,24.1,-51.1,55,2024-10-11 00:00:00,Tropical Storm (34-63 knots)
23,AL132024,LESLIE,TS,24.9,-51.1,50,2024-10-11 06:00:00,Tropical Storm (34-63 knots)
23,AL132024,LESLIE,TS,25.8,-50.8,45,2024-10-11 12:00:00,Tropical Storm (34-63 knots)
23,AL132024,LESLIE,TS,27.0,-50.0,45,2024-10-11 18:00:00,Tropical Storm (34-63 knots)
23,AL132024,LESLIE,TS,28.4,-48.8,45,2024-10-12 00:00:00,Tropical Storm (34-63 knots)
23,AL132024,LESLIE,TS,30.4,-47.1,45,2024-10-12 06:00:00,Tropical Storm (34-63 knots)
23,AL142024,MILTON,HU,27.3,-82.7,105,2024-10-10 00:00:00,Hurricane (>64 knots)
23,AL142024,MILTON,HU,27.4,-82.6,100,2024-10-10 00:30:00,Hurricane (>64 knots)
23,AL142024,MILTON,HU,28.1,-81.3,70,2024-10-10 06:00:00,Hurricane (>64 knots)
23,AL142024,MILTON,HU,29.0,-79.5,65,2024-10-10 12:00:00,Hurricane (>64 knots)
23,AL142024,MILTON,EX,29.5,-77.5,60,2024-10-10 18:00:00,Extratropical Cyclone
23,AL142024,MILTON,EX,29.5,-75.0,60,2024-10-11 00:00:00,Extratropical Cyclone
23,AL142024,MILTON,EX,29.5,-72.4,55,2024-10-11 06:00:00,Extratropical Cyclone
23,AL142024,MILTON,EX,29.5,-69.3,55,2024-10-11 12:00:00,Extratropical Cyclone
23,AL142024,MILTON,EX,29.3,-65.9,50,2024-10-11 18:00:00,Extratropical Cyclone
23,AL152024,NADINE,TS,17.3,-85.5,35,2024-10-19 00:00:00,Tropical Storm (34-63 knots)
23,AL152024,NADINE,TS,17.4,-86.4,40,2024-10-19 06:00:00,Tropical Storm (34-63 knots)
23,AL152024,NADINE,TS,17.4,-87.5,45,2024-10-19 12:00:00,Tropical Storm (34-63 knots)
23,AL152024,NADINE,TS,17.5,-88.2,50,2024-10-19 16:00:00,Tropical Storm (34-63 knots)
23,AL152024,NADINE,TS,17.5,-88.7,45,2024-10-19 18:00:00,Tropical Storm (34-63 knots)
23,AL162024,OSCAR,TS,21.0,-66.5,35,2024-10-19 00:00:00,Tropical Storm (34-63 knots)
23,AL162024,OSCAR,TS,21.2,-68.2,45,2024-10-19 06:00:00,Tropical Storm (34-63 knots)
23,AL162024,OSCAR,TS,21.3,-69.8,55,2024-10-19 12:00:00,Tropical Storm (34-63 knots)
23,AL162024,OSCAR,HU,21.4,-70.6,70,2024-10-19 18:00:00,Hurricane (>64 knots)
23,AL162024,OSCAR,HU,21.5,-71.1,75,2024-10-19 20:15:00,Hurricane (>64 knots)
23,AL162024,OSCAR,HU,21.5,-71.7,75,2024-10-20 00:00:00,Hurricane (>64 knots)
23,AL162024,OSCAR,HU,21.1,-72.7,70,2024-10-20 06:00:00,Hurricane (>64 knots)
23,AL162024,OSCAR,HU,20.8,-73.6,70,2024-10-20 12:00:00,Hurricane (>64 knots)
23,AL162024,OSCAR,HU,20.5,-74.0,75,2024-10-20 18:00:00,Hurricane (>64 knots)
23,AL162024,OSCAR,HU,20.3,-74.4,75,2024-10-20 22:00:00,Hurricane (>64 knots)
23,AL162024,OSCAR,HU,20.2,-74.5,65,2024-10-21 00:00:00,Hurricane (>64 knots)
23,AL162024,OSCAR,TS,20.1,-75.0,50,2024-10-21 06:00:00,Tropical Storm (34-63 knots)
23,AL162024,OSCAR,TS,20.3,-75.4,40,2024-10-21 12:00:00,Tropical Storm (34-63 knots)
23,AL162024,OSCAR,TS,20.7,-75.9,35,2024-10-21 18:00:00,Tropical Storm (34-63 knots)
23,AL162024,OSCAR,TS,21.5,-75.6,35,2024-10-22 00:00:00,Tropical Storm (34-63 knots)
23,AL162024,OSCAR,TS,22.2,-75.1,35,2024-10-22 06:00:00,Tropical Storm (34-63 knots)
23,AL162024,OSCAR,TS,22.7,-74.6,35,2024-10-22 12:00:00,Tropical Storm (34-63 knots)
25,AL022023,ARLENE,TS,27.3,-86.4,35,2023-06-02 06:00:00,Tropical Storm (34-63 knots)
25,AL022023,ARLENE,TS,27.0,-86.3,35,2023-06-02 12:00:00,Tropical Storm (34-63 knots)
25,AL022023,ARLENE,TS,26.7,-86.0,35,2023-06-02 18:00:00,Tropical Storm (34-63 knots)
25,AL022023,ARLENE,TS,25.9,-85.7,35,2023-06-03 00:00:00,Tropical Storm (34-63 knots)
26,AL062023,GERT,TS,16.7,-53.3,35,2023-08-20 12:00:00,Tropical Storm (34-63 knots)
26,AL062023,GERT,TS,16.6,-54.2,35,2023-08-20 18:00:00,Tropical Storm (34-63 knots)
26,AL062023,GERT,TS,16.6,-55.1,35,2023-08-21 00:00:00,Tropical Storm (34-63 knots)
26,AL062023,GERT,TS,16.6,-55.9,35,2023-08-21 06:00:00,Tropical Storm (34-63 knots)
26,AL072023,EMILY,TS,18.0,-36.7,35,2023-08-20 00:00:00,Tropical Storm (34-63 knots)
26,AL072023,EMILY,TS,18.8,-37.5,40,2023-08-20 06:00:00,Tropical Storm (34-63 knots)
26,AL072023,EMILY,TS,19.4,-38.3,45,2023-08-20 12:00:00,Tropical Storm (34-63 knots)
26,AL072023,EMILY,TS,20.0,-39.0,45,2023-08-20 18:00:00,Tropical Storm (34-63 knots)
26,AL072023,EMILY,TS,20.3,-39.8,40,2023-08-21 00:00:00,Tropical Storm (34-63 knots)
26,AL072023,EMILY,LO,20.6,-40.6,35,2023-08-21 06:00:00,Low (not tropical/subtropical/extratropical)
26,AL072023,EMILY,LO,21.0,-41.4,35,2023-08-21 12:00:00,Low (not tropical/subtropical/extratropical)
26,AL072023,EMILY,LO,25.3,-47.2,35,2023-08-23 00:00:00,Low (not tropical/subtropical/extratropical)
26,AL072023,EMILY,LO,26.1,-48.4,35,2023-08-23 06:00:00,Low (not tropical/subtropical/extratropical)
26,AL072023,EMILY,LO,26.9,-49.2,35,2023-08-23 12:00:00,Low (not tropical/subtropical/extratropical)
26,AL072023,EMILY,LO,27.8,-49.6,35,2023-08-23 18:00:00,Low (not tropical/subtropical/extratropical)
26,AL072023,EMILY,LO,28.6,-49.6,35,2023-08-24 00:00:00,Low (not tropical/subtropical/extratropical)
26,AL072023,EMILY,LO,29.3,-49.2,35,2023-08-24 06:00:00,Low (not tropical/subtropical/extratropical)
26,AL072023,EMILY,LO,29.8,-48.9,35,2023-08-24 12:00:00,Low (not tropical/subtropical/extratropical)
26,AL082023,FRANKLIN,TS,14.0,-65.2,35,2023-08-20 12:00:00,Tropical Storm (34-63 knots)
26,AL082023,FRANKLIN,TS,14.5,-66.6,40,2023-08-20 18:00:00,Tropical Storm (34-63 knots)
26,AL082023,FRANKLIN,TS,14.8,-67.9,45,2023-08-21 00:00:00,Tropical Storm (34-63 knots)
26,AL082023,FRANKLIN,TS,14.8,-68.8,45,2023-08-21 06:00:00,Tropical Storm (34-63 knots)
26,AL082023,FRANKLIN,TS,14.6,-69.5,45,2023-08-21 12:00:00,Tropical Storm (34-63 knots)
26,AL082023,FRANKLIN,TS,14.1,-70.0,45,2023-08-21 18:00:00,Tropical Storm (34-63 knots)
26,AL082023,FRANKLIN,TS,14.0,-70.4,45,2023-08-22 00:00:00,Tropical Storm (34-63 knots)
26,AL082023,FRANKLIN,TS,14.1,-70.9,40,2023-08-22 06:00:00,Tropical Storm (34-63 knots)
26,AL082023,FRANKLIN,TS,14.8,-71.1,40,2023-08-22 12:00:00,Tropical Storm (34-63 knots)
26,AL082023,FRANKLIN,TS,15.6,-71.3,35,2023-08-22 18:00:00,Tropical Storm (34-63 knots)
26,AL082023,FRANKLIN,TS,16.5,-71.4,35,2023-08-23 00:00:00,Tropical Storm (34-63 knots)
26,AL082023,FRANKLIN,TS,17.3,-71.4,40,2023-08-23 06:00:00,Tropical Storm (34-63 knots)
26,AL082023,FRANKLIN,TS,17.9,-71.2,40,2023-08-23 10:00:00,Tropical Storm (34-63 knots)
26,AL082023,FRANKLIN,TS,18.3,-71.1,40,2023-08-23 12:00:00,Tropical Storm (34-63 knots)
26,AL082023,FRANKLIN,TS,19.4,-70.8,35,2023-08-23 18:00:00,Tropical Storm (34-63 knots)
26,AL082023,FRANKLIN,TS,20.6,-70.6,40,2023-08-24 00:00:00,Tropical Storm (34-63 knots)
26,AL082023,FRANKLIN,TS,21.6,-70.5,45,2023-08-24 06:00:00,Tropical Storm (34-63 knots)
26,AL082023,FRANKLIN,TS,22.0,-70.0,50,2023-08-24 12:00:00,Tropical Storm (34-63 knots)
26,AL082023,FRANKLIN,TS,22.2,-69.3,50,2023-08-24 18:00:00,Tropical Storm (34-63 knots)
26,AL082023,FRANKLIN,TS,22.4,-68.5,50,2023-08-25 00:00:00,Tropical Storm (34-63 knots)
26,AL082023,FRANKLIN,TS,22.2,-68.1,50,2023-08-25 06:00:00,Tropical Storm (34-63 knots)
26,AL082023,FRANKLIN,TS,21.9,-67.9,45,2023-08-25 12:00:00,Tropical Storm (34-63 knots)
26,AL082023,FRANKLIN,TS,21.8,-67.3,45,2023-08-25 18:00:00,Tropical Storm (34-63 knots)
26,AL082023,FRANKLIN,TS,22.2,-66.5,50,2023-08-26 00:00:00,Tropical Storm (34-63 knots)
26,AL082023,FRANKLIN,TS,22.6,-66.0,55,2023-08-26 06:00:00,Tropical Storm (34-63 knots)
26,AL082023,FRANKLIN,HU,23.2,-66.5,65,2023-08-26 12:00:00,Hurricane (>64 knots)
26,AL082023,FRANKLIN,HU,23.5,-67.3,70,2023-08-26 18:00:00,Hurricane (>64 knots)
26,AL082023,FRANKLIN,HU,23.9,-67.9,75,2023-08-27 00:00:00,Hurricane (>64 knots)
26,AL082023,FRANKLIN,HU,24.4,-68.5,75,2023-08-27 06:00:00,Hurricane (>64 knots)
26,AL082023,FRANKLIN,HU,24.9,-69.1,80,2023-08-27 12:00:00,Hurricane (>64 knots)
26,AL082023,FRANKLIN,HU,25.5,-69.7,80,2023-08-27 18:00:00,Hurricane (>64 knots)
26,AL082023,FRANKLIN,HU,26.0,-70.3,85,2023-08-28 00:00:00,Hurricane (>64 knots)
26,AL082023,FRANKLIN,HU,26.7,-70.6,100,2023-08-28 06:00:00,Hurricane (>64 knots)
26,AL082023,FRANKLIN,HU,27.5,-70.9,125,2023-08-28 12:00:00,Hurricane (>64 knots)
26,AL082023,FRANKLIN,HU,28.2,-71.1,125,2023-08-28 18:00:00,Hurricane (>64 knots)
26,AL082023,FRANKLIN,HU,28.9,-71.1,130,2023-08-29 00:00:00,Hurricane (>64 knots)
26,AL082023,FRANKLIN,HU,29.7,-71.0,120,2023-08-29 06:00:00,Hurricane (>64 knots)
26,AL082023,FRANKLIN,HU,30.3,-70.7,115,2023-08-29 12:00:00,Hurricane (>64 knots)
26,AL082023,FRANKLIN,HU,31.1,-70.2,110,2023-08-29 18:00:00,Hurricane (>64 knots)
26,AL082023,FRANKLIN,HU,31.8,-69.5,100,2023-08-30 00:00:00,Hurricane (>64 knots)
26,AL082023,FRANKLIN,HU,32.6,-68.7,95,2023-08-30 06:00:00,Hurricane (>64 knots)
26,AL082023,FRANKLIN,HU,33.2,-67.8,95,2023-08-30 12:00:00,Hurricane (>64 knots)
26,AL082023,FRANKLIN,HU,33.9,-66.7,90,2023-08-30 18:00:00,Hurricane (>64 knots)
26,AL082023,FRANKLIN,HU,34.4,-65.2,90,2023-08-31 00:00:00,Hurricane (>64 knots)
26,AL082023,FRANKLIN,HU,34.7,-63.9,85,2023-08-31 06:00:00,Hurricane (>64 knots)
26,AL082023,FRANKLIN,HU,35.1,-62.6,85,2023-08-31 12:00:00,Hurricane (>64 knots)
26,AL082023,FRANKLIN,HU,35.6,-61.1,80,2023-08-31 18:00:00,Hurricane (>64 knots)
26,AL082023,FRANKLIN,HU,36.4,-59.7,75,2023-09-01 00:00:00,Hurricane (>64 knots)
26,AL092023,HAROLD,TS,25.8,-94.3,40,2023-08-22 06:00:00,Tropical Storm (34-63 knots)
26,AL092023,HAROLD,TS,26.8,-96.4,50,2023-08-22 12:00:00,Tropical Storm (34-63 knots)
26,AL092023,HAROLD,TS,27.1,-97.4,50,2023-08-22 15:00:00,Tropical Storm (34-63 knots)
26,AL092023,HAROLD,TS,27.3,-98.3,40,2023-08-22 18:00:00,Tropical Storm (34-63 knots)
26,AL102023,IDALIA,TS,19.9,-86.3,35,2023-08-27 12:00:00,Tropical Storm (34-63 knots)
26,AL102023,IDALIA,TS,19.9,-85.8,40,2023-08-27 18:00:00,Tropical Storm (34-63 knots)
26,AL102023,IDALIA,TS,19.8,-85.4,45,2023-08-28 00:00:00,Tropical Storm (34-63 knots)
26,AL102023,IDALIA,TS,19.9,-85.2,55,2023-08-28 06:00:00,Tropical Storm (34-63 knots)
26,AL102023,IDALIA,TS,20.6,-85.2,55,2023-08-28 12:00:00,Tropical Storm (34-63 knots)
26,AL102023,IDALIA,TS,21.2,-85.2,60,2023-08-28 18:00:00,Tropical Storm (34-63 knots)
26,AL102023,IDALIA,TS,21.8,-85.1,60,2023-08-29 00:00:00,Tropical Storm (34-63 knots)
26,AL102023,IDALIA,HU,22.6,-85.0,65,2023-08-29 06:00:00,Hurricane (>64 knots)
26,AL102023,IDALIA,HU,23.8,-84.8,70,2023-08-29 12:00:00,Hurricane (>64 knots)
26,AL102023,IDALIA,HU,25.3,-84.8,80,2023-08-29 18:00:00,Hurricane (>64 knots)
26,AL102023,IDALIA,HU,26.9,-84.7,90,2023-08-30 00:00:00,Hurricane (>64 knots)
26,AL102023,IDALIA,HU,28.3,-84.5,105,2023-08-30 06:00:00,Hurricane (>64 knots)
26,AL102023,IDALIA,HU,29.1,-84.1,115,2023-08-30 09:00:00,Hurricane (>64 knots)
26,AL102023,IDALIA,HU,29.9,-83.6,100,2023-08-30 11:45:00,Hurricane (>64 knots)
26,AL102023,IDALIA,HU,30.0,-83.5,100,2023-08-30 12:00:00,Hurricane (>64 knots)
26,AL102023,IDALIA,TS,31.5,-82.5,60,2023-08-30 18:00:00,Tropical Storm (34-63 knots)
26,AL102023,IDALIA,TS,32.7,-80.9,50,2023-08-31 00:00:00,Tropical Storm (34-63 knots)
26,AL102023,IDALIA,TS,33.5,-78.9,50,2023-08-31 06:00:00,Tropical Storm (34-63 knots)
26,AL102023,IDALIA,EX,33.7,-77.0,55,2023-08-31 12:00:00,Extratropical Cyclone
26,AL102023,IDALIA,EX,33.6,-74.6,55,2023-08-31 18:00:00,Extratropical Cyclone
26,AL102023,IDALIA,EX,33.4,-72.3,55,2023-09-01 00:00:00,Extratropical Cyclone
26,AL112023,JOSE,TS,28.3,-52.1,35,2023-08-31 00:00:00,Tropical Storm (34-63 knots)
26,AL112023,JOSE,TS,28.6,-52.1,40,2023-08-31 06:00:00,Tropical Storm (34-63 knots)
26,AL112023,JOSE,TS,29.3,-52.1,45,2023-08-31 12:00:00,Tropical Storm (34-63 knots)
26,AL112023,JOSE,TS,30.4,-52.3,50,2023-08-31 18:00:00,Tropical Storm (34-63 knots)
26,AL112023,JOSE,TS,31.6,-52.5,55,2023-09-01 00:00:00,Tropical Storm (34-63 knots)
31,AL122024,KIRK,HU,25.4,-50.1,110,2024-10-05 06:00:00,Hurricane (>64 knots)
31,AL122024,KIRK,HU,26.8,-50.4,105,2024-10-05 12:00:00,Hurricane (>64 knots)
31,AL122024,KIRK,HU,28.7,-50.2,105,2024-10-05 18:00:00,Hurricane (>64 knots)
31,AL122024,KIRK,HU,30.6,-49.9,100,2024-10-06 00:00:00,Hurricane (>64 knots)
31,AL122024,KIRK,HU,32.6,-49.5,95,2024-10-06 06:00:00,Hurricane (>64 knots)
31,AL122024,KIRK,HU,34.5,-48.6,85,2024-10-06 12:00:00,Hurricane (>64 knots)
31,AL122024,KIRK,HU,36.4,-47.2,80,2024-10-06 18:00:00,Hurricane (>64 knots)
31,AL122024,KIRK,HU,37.9,-45.0,70,2024-10-07 00:00:00,Hurricane (>64 knots)
31,AL122024,KIRK,HU,39.5,-42.4,65,2024-10-07 06:00:00,Hurricane (>64 knots)
31,AL122024,KIRK,EX,41.2,-39.9,65,2024-10-07 12:00:00,Extratropical Cyclone
31,AL122024,KIRK,EX,42.7,-36.6,60,2024-10-07 18:00:00,Extratropical Cyclone
31,AL122024,KIRK,EX,43.3,-33.3,55,2024-10-08 00:00:00,Extratropical Cyclone
31,AL122024,KIRK,EX,43.5,-29.6,55,2024-10-08 06:00:00,Extratropical Cyclone
31,AL122024,KIRK,EX,43.5,-25.4,55,2024-10-08 12:00:00,Extratropical Cyclone
31,AL122024,KIRK,EX,42.9,-20.9,55,2024-10-08 18:00:00,Extratropical Cyclone
31,AL122024,KIRK,EX,43.0,-15.5,50,2024-10-09 00:00:00,Extratropical Cyclone
31,AL122024,KIRK,EX,43.5,-9.5,50,2024-10-09 06:00:00,Extratropical Cyclone
31,AL122024,KIRK,EX,45.5,-4.0,45,2024-10-09 12:00:00,Extratropical Cyclone
31,AL122024,KIRK,EX,48.0,2.0,40,2024-10-09 18:00:00,Extratropical Cyclone
31,AL132024,LESLIE,HU,10.5,-34.5,70,2024-10-05 06:00:00,Hurricane (>64 knots)
31,AL132024,LESLIE,HU,10.9,-35.1,70,2024-10-05 12:00:00,Hurricane (>64 knots)
31,AL132024,LESLIE,HU,11.3,-35.7,70,2024-10-05 18:00:00,Hurricane (>64 knots)
31,AL132024,LESLIE,HU,11.8,-36.4,75,2024-10-06 00:00:00,Hurricane (>64 knots)
31,AL132024,LESLIE,HU,12.4,-36.9,80,2024-10-06 06:00:00,Hurricane (>64 knots)
31,AL132024,LESLIE,HU,13.0,-37.6,80,2024-10-06 12:00:00,Hurricane (>64 knots)
31,AL132024,LESLIE,HU,13.7,-38.2,80,2024-10-06 18:00:00,Hurricane (>64 knots)
31,AL132024,LESLIE,HU,14.5,-39.1,80,2024-10-07 00:00:00,Hurricane (>64 knots)
31,AL132024,LESLIE,HU,15.2,-40.0,75,2024-10-07 06:00:00,Hurricane (>64 knots)
31,AL132024,LESLIE,HU,16.0,-40.9,70,2024-10-07 12:00:00,Hurricane (>64 knots)
31,AL132024,LESLIE,HU,16.8,-41.9,65,2024-10-07 18:00:00,Hurricane (>64 knots)
31,AL132024,LESLIE,TS,17.6,-43.0,60,2024-10-08 00:00:00,Tropical Storm (34-63 knots)
31,AL132024,LESLIE,TS,18.3,-44.0,60,2024-10-08 06:00:00,Tropical Storm (34-63 knots)
31,AL132024,LESLIE,TS,19.0,-45.1,60,2024-10-08 12:00:00,Tropical Storm (34-63 knots)
31,AL132024,LESLIE,HU,19.7,-46.1,65,2024-10-08 18:00:00,Hurricane (>64 knots)
31,AL132024,LESLIE,HU,20.3,-46.8,70,2024-10-09 00:00:00,Hurricane (>64 knots)
31,AL132024,LESLIE,HU,20.9,-47.5,75,2024-10-09 06:00:00,Hurricane (>64 knots)
31,AL132024,LESLIE,HU,21.4,-48.2,80,2024-10-09 12:00:00,Hurricane (>64 knots)
31,AL132024,LESLIE,HU,21.9,-48.6,85,2024-10-09 18:00:00,Hurricane (>64 knots)
31,AL132024,LESLIE,HU,22.3,-49.0,90,2024-10-10 00:00:00,Hurricane (>64 knots)
31,AL132024,LESLIE,HU,22.6,-49.7,85,2024-10-10 06:00:00,Hurricane (>64 knots)
31,AL132024,LESLIE,HU,22.9,-50.2,75,2024-10-10 12:00:00,Hurricane (>64 knots)
31,AL132024,LESLIE,HU,23.5,-50.8,65,2024-10-10 18:00:00,Hurricane (>64 knots)
31,AL132024,LESLIE,TS,24.1,-51.1,55,2024-10-11 00:00:00,Tropical Storm (34-63 knots)
31,AL132024,LESLIE,TS,24.9,-51.1,50,2024-10-11 06:00:00,Tropical Storm (34-63 knots)
31,AL132024,LESLIE,TS,25.8,-50.8,45,2024-10-11 12:00:00,Tropical Storm (34-63 knots)
31,AL132024,LESLIE,TS,27.0,-50.0,45,2024-10-11 18:00:00,Tropical Storm (34-63 knots)
31,AL132024,LESLIE,TS,28.4,-48.8,45,2024-10-12 00:00:00,Tropical Storm (34-63 knots)
31,AL132024,LESLIE,TS,30.4,-47.1,45,2024-10-12 06:00:00,Tropical Storm (34-63 knots)
31,AL142024,MILTON,TS,22.5,-95.5,35,2024-10-05 18:00:00,Tropical Storm (34-63 knots)
31,AL142024,MILTON,TS,22.7,-95.5,35,2024-10-06 00:00:00,Tropical Storm (34-63 knots)
31,AL142024,MILTON,TS,22.6,-95.2,45,2024-10-06 06:00:00,Tropical Storm (34-63 knots)
31,AL142024,MILTON,TS,22.5,-94.8,55,2024-10-06 12:00:00,Tropical Storm (34-63 knots)
31,AL142024,MILTON,HU,22.5,-94.1,70,2024-10-06 18:00:00,Hurricane (>64 knots)
31,AL142024,MILTON,HU,22.5,-93.4,75,2024-10-07 00:00:00,Hurricane (>64 knots)
31,AL142024,MILTON,HU,22.1,-92.9,90,2024-10-07 06:00:00,Hurricane (>64 knots)
31,AL142024,MILTON,HU,21.8,-92.2,120,2024-10-07 12:00:00,Hurricane (>64 knots)
31,AL142024,MILTON,HU,21.7,-91.3,150,2024-10-07 18:00:00,Hurricane (>64 knots)
31,AL142024,MILTON,HU,21.8,-90.9,155,2024-10-07 20:00:00,Hurricane (>64 knots)
31,AL142024,MILTON,HU,21.8,-90.4,145,2024-10-08 00:00:00,Hurricane (>64 knots)
31,AL142024,MILTON,HU,21.9,-89.5,125,2024-10-08 06:00:00,Hurricane (>64 knots)
31,AL142024,MILTON,HU,22.5,-88.8,125,2024-10-08 12:00:00,Hurricane (>64 knots)
31,AL142024,MILTON,HU,22.5,-88.0,140,2024-10-08 18:00:00,Hurricane (>64 knots)
31,AL142024,MILTON,HU,22.8,-87.2,145,2024-10-08 22:05:00,Hurricane (>64 knots)
31,AL142024,MILTON,HU,23.0,-86.9,140,2024-10-09 00:00:00,Hurricane (>64 knots)
31,AL142024,MILTON,HU,23.3,-86.6,135,2024-10-09 02:05:00,Hurricane (>64 knots)
31,AL142024,MILTON,HU,23.8,-85.9,140,2024-10-09 06:00:00,Hurricane (>64 knots)
31,AL142024,MILTON,HU,24.3,-85.4,140,2024-10-09 08:25:00,Hurricane (>64 knots)
31,AL142024,MILTON,HU,25.0,-84.8,135,2024-10-09 12:00:00,Hurricane (>64 knots)
31,AL142024,MILTON,HU,26.3,-84.0,115,2024-10-09 18:00:00,Hurricane (>64 knots)
31,AL142024,MILTON,HU,27.3,-82.7,105,2024-10-10 00:00:00,Hurricane (>64 knots)
31,AL142024,MILTON,HU,27.4,-82.6,100,2024-10-10 00:30:00,Hurricane (>64 knots)
31,AL142024,MILTON,HU,28.1,-81.3,70,2024-10-10 06:00:00,Hurricane (>64 knots)
31,AL142024,MILTON,HU,29.0,-79.5,65,2024-10-10 12:00:00,Hurricane (>64 knots)
31,AL142024,MILTON,EX,29.5,-77.5,60,2024-10-10 18:00:00,Extratropical Cyclone
31,AL142024,MILTON,EX,29.5,-75.0,60,2024-10-11 00:00:00,Extratropical Cyclone
31,AL142024,MILTON,EX,29.5,-72.4,55,2024-10-11 06:00:00,Extratropical Cyclone
31,AL142024,MILTON,EX,29.5,-69.3,55,2024-10-11 12:00:00,Extratropical Cyclone
31,AL142024,MILTON,EX,29.3,-65.9,50,2024-10-11 18:00:00,Extratropical Cyclone
31,AL152024,NADINE,TS,17.3,-85.5,35,2024-10-19 00:00:00,Tropical Storm (34-63 knots)
31,AL152024,NADINE,TS,17.4,-86.4,40,2024-10-19 06:00:00,Tropical Storm (34-63 knots)
31,AL152024,NADINE,TS,17.4,-87.5,45,2024-10-19 12:00:00,Tropical Storm (34-63 knots)
31,AL152024,NADINE,TS,17.5,-88.2,50,2024-10-19 16:00:00,Tropical Storm (34-63 knots)
31,AL152024,NADINE,TS,17.5,-88.7,45,2024-10-19 18:00:00,Tropical Storm (34-63 knots)
31,AL162024,OSCAR,TS,21.0,-66.5,35,2024-10-19 00:00:00,Tropical Storm (34-63 knots)
31,AL162024,OSCAR,TS,21.2,-68.2,45,2024-10-19 06:00:00,Tropical Storm (34-63 knots)
31,AL162024,OSCAR,TS,21.3,-69.8,55,2024-10-19 12:00:00,Tropical Storm (34-63 knots)
31,AL162024,OSCAR,HU,21.4,-70.6,70,2024-10-19 18:00:00,Hurricane (>64 knots)
31,AL162024,OSCAR,HU,21.5,-71.1,75,2024-10-19 20:15:00,Hurricane (>64 knots)
31,AL162024,OSCAR,HU,21.5,-71.7,75,2024-10-20 00:00:00,Hurricane (>64 knots)
31,AL162024,OSCAR,HU,21.1,-72.7,70,2024-10-20 06:00:00,Hurricane (>64 knots)
31,AL162024,OSCAR,HU,20.8,-73.6,70,2024-10-20 12:00:00,Hurricane (>64 knots)
31,AL162024,OSCAR,HU,20.5,-74.0,75,2024-10-20 18:00:00,Hurricane (>64 knots)
31,AL162024,OSCAR,HU,20.3,-74.4,75,2024-10-20 22:00:00,Hurricane (>64 knots)
31,AL162024,OSCAR,HU,20.2,-74.5,65,2024-10-21 00:00:00,Hurricane (>64 knots)
31,AL162024,OSCAR,TS,20.1,-75.0,50,2024-10-21 06:00:00,Tropical Storm (34-63 knots)
31,AL162024,OSCAR,TS,20.3,-75.4,40,2024-10-21 12:00:00,Tropical Storm (34-63 knots)
31,AL162024,OSCAR,TS,20.7,-75.9,35,2024-10-21 18:00:00,Tropical Storm (34-63 knots)
31,AL162024,OSCAR,TS,21.5,-75.6,35,2024-10-22 00:00:00,Tropical Storm (34-63 knots)
31,AL162024,OSCAR,TS,22.2,-75.1,35,2024-10-22 06:00:00,Tropical Storm (34-63 knots)
31,AL162024,OSCAR,TS,22.7,-74.6,35,2024-10-22 12:00:00,Tropical Storm (34-63 knots)
32,AL062023,GERT,TS,16.7,-53.3,35,2023-08-20 12:00:00,Tropical Storm (34-63 knots)
32,AL062023,GERT,TS,16.6,-54.2,35,2023-08-20 18:00:00,Tropical Storm (34-63 knots)
32,AL062023,GERT,TS,16.6,-55.1,35,2023-08-21 00:00:00,Tropical Storm (34-63 knots)
32,AL062023,GERT,TS,16.6,-55.9,35,2023-08-21 06:00:00,Tropical Storm (34-63 knots)
32,AL062023,GERT,TS,27.9,-54.8,35,2023-09-01 18:00:00,Tropical Storm (34-63 knots)
32,AL062023,GERT,TS,27.7,-54.6,35,2023-09-02 00:00:00,Tropical Storm (34-63 knots)
32,AL062023,GERT,TS,27.6,-54.4,40,2023-09-02 06:00:00,Tropical Storm (34-63 knots)
32,AL062023,GERT,TS,27.7,-54.1,45,2023-09-02 12:00:00,Tropical Storm (34-63 knots)
32,AL062023,GERT,TS,28.1,-53.8,45,2023-09-02 18:00:00,Tropical Storm (34-63 knots)
32,AL062023,GERT,TS,28.6,-53.5,50,2023-09-03 00:00:00,Tropical Storm (34-63 knots)
32,AL062023,GERT,TS,29.3,-53.0,50,2023-09-03 06:00:00,Tropical Storm (34-63 knots)
32,AL062023,GERT,TS,30.4,-52.4,50,2023-09-03 12:00:00,Tropical Storm (34-63 knots)
32,AL062023,GERT,TS,31.9,-51.6,45,2023-09-03 18:00:00,Tropical Storm (34-63 knots)
32,AL062023,GERT,TS,33.9,-50.9,45,2023-09-04 00:00:00,Tropical Storm (34-63 knots)
32,AL062023,GERT,TS,36.5,-50.7,45,2023-09-04 06:00:00,Tropical Storm (34-63 knots)
32,AL062023,GERT,LO,39.4,-50.8,40,2023-09-04 12:00:00,Low (not tropical/subtropical/extratropical)
32,AL072023,EMILY,TS,18.0,-36.7,35,2023-08-20 00:00:00,Tropical Storm (34-63 knots)
32,AL072023,EMILY,TS,18.8,-37.5,40,2023-08-20 06:00:00,Tropical Storm (34-63 knots)
32,AL072023,EMILY,TS,19.4,-38.3,45,2023-08-20 12:00:00,Tropical Storm (34-63 knots)
32,AL072023,EMILY,TS,20.0,-39.0,45,2023-08-20 18:00:00,Tropical Storm (34-63 knots)
32,AL072023,EMILY,TS,20.3,-39.8,40,2023-08-21 00:00:00,Tropical Storm (34-63 knots)
32,AL072023,EMILY,LO,20.6,-40.6,35,2023-08-21 06:00:00,Low (not tropical/subtropical/extratropical)
32,AL072023,EMILY,LO,21.0,-41.4,35,2023-08-21 12:00:00,Low (not tropical/subtropical/extratropical)
32,AL072023,EMILY,LO,25.3,-47.2,35,2023-08-23 00:00:00,Low (not tropical/subtropical/extratropical)
32,AL072023,EMILY,LO,26.1,-48.4,35,2023-08-23 06:00:00,Low (not tropical/subtropical/extratropical)
32,AL072023,EMILY,LO,26.9,-49.2,35,2023-08-23 12:00:00,Low (not tropical/subtropical/extratropical)
32,AL072023,EMILY,LO,27.8,-49.6,35,2023-08-23 18:00:00,Low (not tropical/subtropical/extratropical)
32,AL072023,EMILY,LO,28.6,-49.6,35,2023-08-24 00:00:00,Low (not tropical/subtropical/extratropical)
32,AL072023,EMILY,LO,29.3,-49.2,35,2023-08-24 06:00:00,Low (not tropical/subtropical/extratropical)
32,AL072023,EMILY,LO,29.8,-48.9,35,2023-08-24 12:00:00,Low (not tropical/subtropical/extratropical)
32,AL082023,FRANKLIN,TS,14.0,-65.2,35,2023-08-20 12:00:00,Tropical Storm (34-63 knots)
32,AL082023,FRANKLIN,TS,14.5,-66.6,40,2023-08-20 18:00:00,Tropical Storm (34-63 knots)
32,AL082023,FRANKLIN,TS,14.8,-67.9,45,2023-08-21 00:00:00,Tropical Storm (34-63 knots)
32,AL082023,FRANKLIN,TS,14.8,-68.8,45,2023-08-21 06:00:00,Tropical Storm (34-63 knots)
32,AL082023,FRANKLIN,TS,14.6,-69.5,45,2023-08-21 12:00:00,Tropical Storm (34-63 knots)
32,AL082023,FRANKLIN,TS,14.1,-70.0,45,2023-08-21 18:00:00,Tropical Storm (34-63 knots)
32,AL082023,FRANKLIN,TS,14.0,-70.4,45,2023-08-22 00:00:00,Tropical Storm (34-63 knots)
32,AL082023,FRANKLIN,TS,14.1,-70.9,40,2023-08-22 06:00:00,Tropical Storm (34-63 knots)
32,AL082023,FRANKLIN,TS,14.8,-71.1,40,2023-08-22 12:00:00,Tropical Storm (34-63 knots)
32,AL082023,FRANKLIN,TS,15.6,-71.3,35,2023-08-22 18:00:00,Tropical Storm (34-63 knots)
32,AL082023,FRANKLIN,TS,16.5,-71.4,35,2023-08-23 00:00:00,Tropical Storm (34-63 knots)
32,AL082023,FRANKLIN,TS,17.3,-71.4,40,2023-08-23 06:00:00,Tropical Storm (34-63 knots)
32,AL082023,FRANKLIN,TS,17.9,-71.2,40,2023-08-23 10:00:00,Tropical Storm (34-63 knots)
32,AL082023,FRANKLIN,TS,18.3,-71.1,40,2023-08-23 12:00:00,Tropical Storm (34-63 knots)
32,AL082023,FRANKLIN,TS,19.4,-70.8,35,2023-08-23 18:00:00,Tropical Storm (34-63 knots)
32,AL082023,FRANKLIN,TS,20.6,-70.6,40,2023-08-24 00:00:00,Tropical Storm (34-63 knots)
32,AL082023,FRANKLIN,TS,21.6,-70.5,45,2023-08-24 06:00:00,Tropical Storm (34-63 knots)
32,AL082023,FRANKLIN,TS,22.0,-70.0,50,2023-08-24 12:00:00,Tropical Storm (34-63 knots)
32,AL082023,FRANKLIN,TS,22.2,-69.3,50,2023-08-24 18:00:00,Tropical Storm (34-63 knots)
32,AL082023,FRANKLIN,TS,22.4,-68.5,50,2023-08-25 00:00:00,Tropical Storm (34-63 knots)
32,AL082023,FRANKLIN,TS,22.2,-68.1,50,2023-08-25 06:00:00,Tropical Storm (34-63 knots)
32,AL082023,FRANKLIN,TS,21.9,-67.9,45,2023-08-25 12:00:00,Tropical Storm (34-63 knots)
32,AL082023,FRANKLIN,TS,21.8,-67.3,45,2023-08-25 18:00:00,Tropical Storm (34-63 knots)
32,AL082023,FRANKLIN,TS,22.2,-66.5,50,2023-08-26 00:00:00,Tropical Storm (34-63 knots)
32,AL082023,FRANKLIN,TS,22.6,-66.0,55,2023-08-26 06:00:00,Tropical Storm (34-63 knots)
32,AL082023,FRANKLIN,HU,23.2,-66.5,65,2023-08-26 12:00:00,Hurricane (>64 knots)
32,AL082023,FRANKLIN,HU,23.5,-67.3,70,2023-08-26 18:00:00,Hurricane (>64 knots)
32,AL082023,FRANKLIN,HU,23.9,-67.9,75,2023-08-27 00:00:00,Hurricane (>64 knots)
32,AL082023,FRANKLIN,HU,24.4,-68.5,75,2023-08-27 06:00:00,Hurricane (>64 knots)
32,AL082023,FRANKLIN,HU,24.9,-69.1,80,2023-08-27 12:00:00,Hurricane (>64 knots)
32,AL082023,FRANKLIN,HU,25.5,-69.7,80,2023-08-27 18:00:00,Hurricane (>64 knots)
32,AL082023,FRANKLIN,HU,26.0,-70.3,85,2023-08-28 00:00:00,Hurricane (>64 knots)
32,AL082023,FRANKLIN,HU,26.7,-70.6,100,2023-08-28 06:00:00,Hurricane (>64 knots)
32,AL082023,FRANKLIN,HU,27.5,-70.9,125,2023-08-28 12:00:00,Hurricane (>64 knots)
32,AL082023,FRANKLIN,HU,28.2,-71.1,125,2023-08-28 18:00:00,Hurricane (>64 knots)
32,AL082023,FRANKLIN,HU,28.9,-71.1,130,2023-08-29 00:00:00,Hurricane (>64 knots)
32,AL082023,FRANKLIN,HU,29.7,-71.0,120,2023-08-29 06:00:00,Hurricane (>64 knots)
32,AL082023,FRANKLIN,HU,30.3,-70.7,115,2023-08-29 12:00:00,Hurricane (>64 knots)
32,AL082023,FRANKLIN,HU,31.1,-70.2,110,2023-08-29 18:00:00,Hurricane (>64 knots)
32,AL082023,FRANKLIN,HU,31.8,-69.5,100,2023-08-30 00:00:00,Hurricane (>64 knots)
32,AL082023,FRANKLIN,HU,32.6,-68.7,95,2023-08-30 06:00:00,Hurricane (>64 knots)
32,AL082023,FRANKLIN,HU,33.2,-67.8,95,2023-08-30 12:00:00,Hurricane (>64 knots)
32,AL082023,FRANKLIN,HU,33.9,-66.7,90,2023-08-30 18:00:00,Hurricane (>64 knots)
32,AL082023,FRANKLIN,HU,34.4,-65.2,90,2023-08-31 00:00:00,Hurricane (>64 knots)
32,AL082023,FRANKLIN,HU,34.7,-63.9,85,2023-08-31 06:00:00,Hurricane (>64 knots)
32,AL082023,FRANKLIN,HU,35.1,-62.6,85,2023-08-31 12:00:00,Hurricane (>64 knots)
32,AL082023,FRANKLIN,HU,35.6,-61.1,80,2023-08-31 18:00:00,Hurricane (>64 knots)
32,AL082023,FRANKLIN,HU,36.4,-59.7,75,2023-09-01 00:00:00,Hurricane (>64 knots)
32,AL082023,FRANKLIN,HU,37.4,-58.2,70,2023-09-01 06:00:00,Hurricane (>64 knots)
32,AL082023,FRANKLIN,HU,38.2,-56.6,65,2023-09-01 12:00:00,Hurricane (>64 knots)
32,AL082023,FRANKLIN,EX,38.8,-54.6,70,2023-09-01 18:00:00,Extratropical Cyclone
32,AL082023,FRANKLIN,EX,39.6,-52.0,70,2023-09-02 00:00:00,Extratropical Cyclone
32,AL082023,FRANKLIN,EX,41.2,-48.8,70,2023-09-02 06:00:00,Extratropical Cyclone
32,AL082023,FRANKLIN,EX,43.0,-45.9,65,2023-09-02 12:00:00,Extratropical Cyclone
32,AL082023,FRANKLIN,EX,44.8,-43.4,65,2023-09-02 18:00:00,Extratropical Cyclone
32,AL082023,FRANKLIN,EX,45.8,-41.0,65,2023-09-03 00:00:00,Extratropical Cyclone
32,AL082023,FRANKLIN,EX,46.4,-38.7,60,2023-09-03 06:00:00,Extratropical Cyclone
32,AL082023,FRANKLIN,EX,47.0,-36.2,55,2023-09-03 12:00:00,Extratropical Cyclone
32,AL082023,FRANKLIN,EX,47.7,-33.4,55,2023-09-03 18:00:00,Extratropical Cyclone
32,AL082023,FRANKLIN,EX,47.8,-30.8,50,2023-09-04 00:00:00,Extratropical Cyclone
32,AL082023,FRANKLIN,EX,47.5,-28.6,45,2023-09-04 06:00:00,Extratropical Cyclone
32,AL082023,FRANKLIN,EX,47.1,-27.3,40,2023-09-04 12:00:00,Extratropical Cyclone
32,AL082023,FRANKLIN,EX,46.7,-26.8,40,2023-09-04 18:00:00,Extratropical Cyclone
32,AL082023,FRANKLIN,EX,46.0,-26.6,40,2023-09-05 00:00:00,Extratropical Cyclone
32,AL082023,FRANKLIN,EX,44.6,-26.3,40,2023-09-05 06:00:00,Extratropical Cyclone
32,AL082023,FRANKLIN,EX,42.8,-25.4,40,2023-09-05 12:00:00,Extratropical Cyclone
32,AL082023,FRANKLIN,EX,41.0,-23.8,40,2023-09-05 18:00:00,Extratropical Cyclone
32,AL082023,FRANKLIN,EX,40.1,-21.6,35,2023-09-06 00:00:00,Extratropical Cyclone
32,AL082023,FRANKLIN,EX,40.1,-19.4,35,2023-09-06 06:00:00,Extratropical Cyclone
32,AL082023,FRANKLIN,EX,41.3,-17.7,40,2023-09-06 12:00:00,Extratropical Cyclone
32,AL082023,FRANKLIN,EX,43.3,-16.5,45,2023-09-06 18:00:00,Extratropical Cyclone
32,AL082023,FRANKLIN,EX,45.4,-16.0,50,2023-09-07 00:00:00,Extratropical Cyclone
32,AL082023,FRANKLIN,EX,46.8,-16.1,50,2023-09-07 06:00:00,Extratropical Cyclone
32,AL082023,FRANKLIN,EX,47.7,-16.3,45,2023-09-07 12:00:00,Extratropical Cyclone
32,AL082023,FRANKLIN,EX,48.5,-16.5,40,2023-09-07 18:00:00,Extratropical Cyclone
32,AL082023,FRANKLIN,EX,48.5,-17.2,35,2023-09-08 00:00:00,Extratropical Cyclone
32,AL092023,HAROLD,TS,25.8,-94.3,40,2023-08-22 06:00:00,Tropical Storm (34-63 knots)
32,AL092023,HAROLD,TS,26.8,-96.4,50,2023-08-22 12:00:00,Tropical Storm (34-63 knots)
32,AL092023,HAROLD,TS,27.1,-97.4,50,2023-08-22 15:00:00,Tropical Storm (34-63 knots)
32,AL092023,HAROLD,TS,27.3,-98.3,40,2023-08-22 18:00:00,Tropical Storm (34-63 knots)
32,AL102023,IDALIA,TS,19.9,-86.3,35,2023-08-27 12:00:00,Tropical Storm (34-63 knots)
32,AL102023,IDALIA,TS,19.9,-85.8,40,2023-08-27 18:00:00,Tropical Storm (34-63 knots)
32,AL102023,IDALIA,TS,19.8,-85.4,45,2023-08-28 00:00:00,Tropical Storm (34-63 knots)
32,AL102023,IDALIA,TS,19.9,-85.2,55,2023-08-28 06:00:00,Tropical Storm (34-63 knots)
32,AL102023,IDALIA,TS,20.6,-85.2,55,2023-08-28 12:00:00,Tropical Storm (34-63 knots)
32,AL102023,IDALIA,TS,21.2,-85.2,60,2023-08-28 18:00:00,Tropical Storm (34-63 knots)
32,AL102023,IDALIA,TS,21.8,-85.1,60,2023-08-29 00:00:00,Tropical Storm (34-63 knots)
32,AL102023,IDALIA,HU,22.6,-85.0,65,2023-08-29 06:00:00,Hurricane (>64 knots)
32,AL102023,IDALIA,HU,23.8,-84.8,70,2023-08-29 12:00:00,Hurricane (>64 knots)
32,AL102023,IDALIA,HU,25.3,-84.8,80,2023-08-29 18:00:00,Hurricane (>64 knots)
32,AL102023,IDALIA,HU,26.9,-84.7,90,2023-08-30 00:00:00,Hurricane (>64 knots)
32,AL102023,IDALIA,HU,28.3,-84.5,105,2023-08-30 06:00:00,Hurricane (>64 knots)
32,AL102023,IDALIA,HU,29.1,-84.1,115,2023-08-30 09:00:00,Hurricane (>64 knots)
32,AL102023,IDALIA,HU,29.9,-83.6,100,2023-08-30 11:45:00,Hurricane (>64 knots)
32,AL102023,IDALIA,HU,30.0,-83.5,100,2023-08-30 12:00:00,Hurricane (>64 knots)
32,AL102023,IDALIA,TS,31.5,-82.5,60,2023-08-30 18:00:00,Tropical Storm (34-63 knots)
32,AL102023,IDALIA,TS,32.7,-80.9,50,2023-08-31 00:00:00,Tropical Storm (34-63 knots)
32,AL102023,IDALIA,TS,33.5,-78.9,50,2023-08-31 06:00:00,Tropical Storm (34-63 knots)
32,AL102023,IDALIA,EX,33.7,-77.0,55,2023-08-31 12:00:00,Extratropical Cyclone
32,AL102023,IDALIA,EX,33.6,-74.6,55,2023-08-31 18:00:00,Extratropical Cyclone
32,AL102023,IDALIA,EX,33.4,-72.3,55,2023-09-01 00:00:00,Extratropical Cyclone
32,AL102023,IDALIA,EX,32.7,-70.5,50,2023-09-01 06:00:00,Extratropical Cyclone
32,AL102023,IDALIA,EX,32.3,-68.8,50,2023-09-01 12:00:00,Extratropical Cyclone
32,AL102023,IDALIA,EX,32.1,-67.1,50,2023-09-01 18:00:00,Extratropical Cyclone
32,AL102023,IDALIA,EX,31.9,-65.7,50,2023-09-02 00:00:00,Extratropical Cyclone
32,AL102023,IDALIA,EX,31.8,-64.7,50,2023-09-02 06:00:00,Extratropical Cyclone
32,AL102023,IDALIA,EX,31.8,-63.9,50,2023-09-02 12:00:00,Extratropical Cyclone
32,AL102023,IDALIA,EX,31.8,-63.1,50,2023-09-02 18:00:00,Extratropical Cyclone
32,AL102023,IDALIA,EX,32.0,-62.2,50,2023-09-03 00:00:00,Extratropical Cyclone
32,AL102023,IDALIA,EX,32.5,-61.3,50,2023-09-03 06:00:00,Extratropical Cyclone
32,AL102023,IDALIA,EX,33.4,-60.5,50,2023-09-03 12:00:00,Extratropical Cyclone
32,AL102023,IDALIA,EX,34.9,-59.7,55,2023-09-03 18:00:00,Extratropical Cyclone
32,AL102023,IDALIA,EX,36.2,-58.9,60,2023-09-04 00:00:00,Extratropical Cyclone
32,AL102023,IDALIA,EX,37.6,-58.0,60,2023-09-04 06:00:00,Extratropical Cyclone
32,AL102023,IDALIA,EX,39.2,-57.5,55,2023-09-04 12:00:00,Extratropical Cyclone
32,AL102023,IDALIA,EX,40.5,-57.9,55,2023-09-04 18:00:00,Extratropical Cyclone
32,AL102023,IDALIA,EX,41.1,-58.7,50,2023-09-05 00:00:00,Extratropical Cyclone
32,AL102023,IDALIA,EX,41.6,-59.1,50,2023-09-05 06:00:00,Extratropical Cyclone
32,AL102023,IDALIA,EX,42.2,-59.3,45,2023-09-05 12:00:00,Extratropical Cyclone
32,AL102023,IDALIA,EX,42.6,-59.8,40,2023-09-05 18:00:00,Extratropical Cyclone
32,AL102023,IDALIA,EX,42.6,-60.5,35,2023-09-06 00:00:00,Extratropical Cyclone
32,AL102023,IDALIA,EX,42.6,-61.4,35,2023-09-06 06:00:00,Extratropical Cyclone
32,AL102023,IDALIA,EX,42.6,-62.0,35,2023-09-06 12:00:00,Extratropical Cyclone
32,AL102023,IDALIA,EX,42.6,-62.8,35,2023-09-06 18:00:00,Extratropical Cyclone
32,AL112023,JOSE,TS,28.3,-52.1,35,2023-08-31 00:00:00,Tropical Storm (34-63 knots)
32,AL112023,JOSE,TS,28.6,-52.1,40,2023-08-31 06:00:00,Tropical Storm (34-63 knots)
32,AL112023,JOSE,TS,29.3,-52.1,45,2023-08-31 12:00:00,Tropical Storm (34-63 knots)
32,AL112023,JOSE,TS,30.4,-52.3,50,2023-08-31 18:00:00,Tropical Storm (34-63 knots)
32,AL112023,JOSE,TS,31.6,-52.5,55,2023-09-01 00:00:00,Tropical Storm (34-63 knots)
32,AL112023,JOSE,TS,32.9,-52.4,55,2023-09-01 06:00:00,Tropical Storm (34-63 knots)
32,AL112023,JOSE,TS,34.9,-51.4,50,2023-09-01 12:00:00,Tropical Storm (34-63 knots)
32,AL112023,JOSE,TS,37.4,-49.8,50,2023-09-01 18:00:00,Tropical Storm (34-63 knots)
32,AL122023,KATIA,TS,21.1,-28.5,35,2023-09-02 00:00:00,Tropical Storm (34-63 knots)
32,AL122023,KATIA,TS,22.3,-28.8,40,2023-09-02 06:00:00,Tropical Storm (34-63 knots)
32,AL122023,KATIA,TS,23.5,-29.4,45,2023-09-02 12:00:00,Tropical Storm (34-63 knots)
32,AL122023,KATIA,TS,24.5,-30.1,50,2023-09-02 18:00:00,Tropical Storm (34-63 knots)
32,AL122023,KATIA,TS,25.3,-30.9,45,2023-09-03 00:00:00,Tropical Storm (34-63 knots)
32,AL122023,KATIA,TS,26.0,-31.5,40,2023-09-03 06:00:00,Tropical Storm (34-63 knots)
32,AL122023,KATIA,TS,26.5,-32.0,35,2023-09-03 12:00:00,Tropical Storm (34-63 knots)
32,AL122023,KATIA,TS,26.9,-32.7,35,2023-09-03 18:00:00,Tropical Storm (34-63 knots)
32,AL132023,LEE,TS,12.9,-41.1,35,2023-09-05 18:00:00,Tropical Storm (34-63 knots)
32,AL132023,LEE,TS,13.2,-42.5,45,2023-09-06 00:00:00,Tropical Storm (34-63 knots)
32,AL132023,LEE,TS,13.5,-43.9,55,2023-09-06 06:00:00,Tropical Storm (34-63 knots)
32,AL132023,LEE,TS,14.0,-45.0,60,2023-09-06 12:00:00,Tropical Storm (34-63 knots)
32,AL132023,LEE,HU,14.6,-46.1,65,2023-09-06 18:00:00,Hurricane (>64 knots)
32,AL132023,LEE,HU,15.1,-47.1,70,2023-09-07 00:00:00,Hurricane (>64 knots)
32,AL132023,LEE,HU,15.6,-48.2,75,2023-09-07 06:00:00,Hurricane (>64 knots)
32,AL132023,LEE,HU,16.1,-49.4,85,2023-09-07 12:00:00,Hurricane (>64 knots)
32,AL132023,LEE,HU,16.6,-50.7,105,2023-09-07 18:00:00,Hurricane (>64 knots)
32,AL132023,LEE,HU,17.0,-51.8,135,2023-09-08 00:00:00,Hurricane (>64 knots)
32,AL132023,LEE,HU,17.5,-53.0,145,2023-09-08 06:00:00,Hurricane (>64 knots)
32,AL132023,LEE,HU,17.9,-54.1,135,2023-09-08 12:00:00,Hurricane (>64 knots)
32,AL132023,LEE,HU,18.5,-55.1,125,2023-09-08 18:00:00,Hurricane (>64 knots)
32,AL132023,LEE,HU,19.0,-56.0,105,2023-09-09 00:00:00,Hurricane (>64 knots)
32,AL132023,LEE,HU,19.5,-57.0,100,2023-09-09 06:00:00,Hurricane (>64 knots)
32,AL132023,LEE,HU,20.0,-57.9,100,2023-09-09 12:00:00,Hurricane (>64 knots)
32,AL132023,LEE,HU,20.4,-58.8,95,2023-09-09 18:00:00,Hurricane (>64 knots)
32,AL132023,LEE,HU,20.8,-59.5,85,2023-09-10 00:00:00,Hurricane (>64 knots)
32,AL132023,LEE,HU,21.2,-60.2,90,2023-09-10 06:00:00,Hurricane (>64 knots)
32,AL132023,LEE,HU,21.5,-60.8,95,2023-09-10 12:00:00,Hurricane (>64 knots)
32,AL132023,LEE,HU,21.9,-61.4,105,2023-09-10 18:00:00,Hurricane (>64 knots)
32,AL132023,LEE,HU,22.3,-61.9,105,2023-09-11 00:00:00,Hurricane (>64 knots)
32,AL132023,LEE,HU,22.8,-62.5,105,2023-09-11 06:00:00,Hurricane (>64 knots)
32,AL142023,MARGOT,TS,16.0,-27.3,35,2023-09-07 18:00:00,Tropical Storm (34-63 knots)
32,AL142023,MARGOT,TS,16.5,-28.6,35,2023-09-08 00:00:00,Tropical Storm (34-63 knots)
32,AL142023,MARGOT,TS,17.1,-30.1,35,2023-09-08 06:00:00,Tropical Storm (34-63 knots)
32,AL142023,MARGOT,TS,17.8,-31.8,35,2023-09-08 12:00:00,Tropical Storm (34-63 knots)
32,AL142023,MARGOT,TS,18.5,-33.6,35,2023-09-08 18:00:00,Tropical Storm (34-63 knots)
32,AL142023,MARGOT,TS,19.1,-35.1,35,2023-09-09 00:00:00,Tropical Storm (34-63 knots)
32,AL142023,MARGOT,TS,19.7,-36.4,40,2023-09-09 06:00:00,Tropical Storm (34-63 knots)
32,AL142023,MARGOT,TS,20.2,-37.5,40,2023-09-09 12:00:00,Tropical Storm (34-63 knots)
32,AL142023,MARGOT,TS,20.7,-38.3,40,2023-09-09 18:00:00,Tropical Storm (34-63 knots)
32,AL142023,MARGOT,TS,21.2,-38.9,45,2023-09-10 00:00:00,Tropical Storm (34-63 knots)
32,AL142023,MARGOT,TS,21.8,-39.4,45,2023-09-10 06:00:00,Tropical Storm (34-63 knots)
32,AL142023,MARGOT,TS,22.5,-39.8,45,2023-09-10 12:00:00,Tropical Storm (34-63 knots)
32,AL142023,MARGOT,TS,23.3,-40.0,50,2023-09-10 18:00:00,Tropical Storm (34-63 knots)
32,AL142023,MARGOT,TS,24.0,-40.0,55,2023-09-11 00:00:00,Tropical Storm (34-63 knots)
32,AL142023,MARGOT,TS,24.7,-40.0,55,2023-09-11 06:00:00,Tropical Storm (34-63 knots)
36,AL072021,GRACE,HU,20.6,-97.2,100,2021-08-21 06:00:00,Hurricane (>64 knots)
36,AL072021,GRACE,TS,20.2,-98.0,60,2021-08-21 12:00:00,Tropical Storm (34-63 knots)
36,AL082021,HENRI,TS,32.5,-73.4,60,2021-08-21 06:00:00,Tropical Storm (34-63 knots)
36,AL082021,HENRI,HU,33.6,-72.7,65,2021-08-21 12:00:00,Hurricane (>64 knots)
36,AL082021,HENRI,HU,35.4,-71.8,65,2021-08-21 18:00:00,Hurricane (>64 knots)
36,AL082021,HENRI,HU,37.6,-70.9,65,2021-08-22 00:00:00,Hurricane (>64 knots)
36,AL082021,HENRI,HU,39.4,-71.0,65,2021-08-22 06:00:00,Hurricane (>64 knots)
36,AL082021,HENRI,TS,40.7,-71.3,55,2021-08-22 12:00:00,Tropical Storm (34-63 knots)
36,AL082021,HENRI,TS,41.2,-71.6,55,2021-08-22 15:20:00,Tropical Storm (34-63 knots)
36,AL082021,HENRI,TS,41.3,-71.8,55,2021-08-22 16:15:00,Tropical Storm (34-63 knots)
36,AL082021,HENRI,TS,41.5,-72.0,40,2021-08-22 18:00:00,Tropical Storm (34-63 knots)
36,AL092021,IDA,TS,17.4,-79.5,35,2021-08-26 18:00:00,Tropical Storm (34-63 knots)
36,AL092021,IDA,TS,18.3,-80.2,40,2021-08-27 00:00:00,Tropical Storm (34-63 knots)
36,AL092021,IDA,TS,19.4,-80.9,45,2021-08-27 06:00:00,Tropical Storm (34-63 knots)
36,AL092021,IDA,TS,20.4,-81.7,55,2021-08-27 12:00:00,Tropical Storm (34-63 knots)
36,AL092021,IDA,HU,21.5,-82.6,70,2021-08-27 18:00:00,Hurricane (>64 knots)
36,AL092021,IDA,HU,22.4,-83.2,70,2021-08-27 23:25:00,Hurricane (>64 knots)
36,AL092021,IDA,HU,22.6,-83.5,70,2021-08-28 00:00:00,Hurricane (>64 knots)
36,AL092021,IDA,HU,23.5,-84.7,70,2021-08-28 06:00:00,Hurricane (>64 knots)
36,AL092021,IDA,HU,24.4,-85.7,70,2021-08-28 12:00:00,Hurricane (>64 knots)
36,AL092021,IDA,HU,25.6,-86.6,80,2021-08-28 18:00:00,Hurricane (>64 knots)
36,AL092021,IDA,HU,26.7,-87.6,90,2021-08-29 00:00:00,Hurricane (>64 knots)
36,AL092021,IDA,HU,27.6,-88.7,115,2021-08-29 06:00:00,Hurricane (>64 knots)
36,AL092021,IDA,HU,28.5,-89.6,130,2021-08-29 12:00:00,Hurricane (>64 knots)
36,AL092021,IDA,HU,29.1,-90.2,130,2021-08-29 16:55:00,Hurricane (>64 knots)
36,AL092021,IDA,HU,29.2,-90.4,125,2021-08-29 18:00:00,Hurricane (>64 knots)
36,AL092021,IDA,HU,29.9,-90.6,105,2021-08-30 00:00:00,Hurricane (>64 knots)
36,AL092021,IDA,HU,30.6,-90.8,65,2021-08-30 06:00:00,Hurricane (>64 knots)
36,AL092021,IDA,TS,31.5,-90.9,40,2021-08-30 12:00:00,Tropical Storm (34-63 knots)
36,AL092021,IDA,TS,32.2,-90.5,35,2021-08-30 18:00:00,Tropical Storm (34-63 knots)
36,AL092021,IDA,EX,39.8,-75.6,35,2021-09-02 00:00:00,Extratropical Cyclone
36,AL092021,IDA,EX,40.6,-72.8,40,2021-09-02 06:00:00,Extratropical Cyclone
36,AL092021,IDA,EX,41.4,-69.7,40,2021-09-02 12:00:00,Extratropical Cyclone
36,AL092021,IDA,EX,43.3,-67.2,40,2021-09-02 18:00:00,Extratropical Cyclone
36,AL092021,IDA,EX,45.4,-64.7,40,2021-09-03 00:00:00,Extratropical Cyclone
36,AL092021,IDA,EX,46.6,-63.6,45,2021-09-03 06:00:00,Extratropical Cyclone
36,AL092021,IDA,EX,47.5,-62.7,45,2021-09-03 12:00:00,Extratropical Cyclone
36,AL092021,IDA,EX,48.6,-62.4,45,2021-09-03 18:00:00,Extratropical Cyclone
36,AL092021,IDA,EX,48.8,-63.1,45,2021-09-04 00:00:00,Extratropical Cyclone
36,AL092021,IDA,EX,48.7,-63.9,40,2021-09-04 06:00:00,Extratropical Cyclone
36,AL092021,IDA,EX,47.6,-63.9,35,2021-09-04 12:00:00,Extratropical Cyclone
36,AL102021,KATE,TS,20.5,-50.6,35,2021-08-30 06:00:00,Tropical Storm (34-63 knots)
36,AL102021,KATE,TS,21.3,-50.8,40,2021-08-30 12:00:00,Tropical Storm (34-63 knots)
36,AL102021,KATE,TS,22.1,-50.9,35,2021-08-30 18:00:00,Tropical Storm (34-63 knots)
36,AL102021,KATE,TS,22.6,-50.9,35,2021-08-31 00:00:00,Tropical Storm (34-63 knots)
36,AL102021,KATE,TS,22.8,-50.9,35,2021-08-31 06:00:00,Tropical Storm (34-63 knots)
36,AL112021,JULIAN,TS,33.5,-49.3,35,2021-08-29 06:00:00,Tropical Storm (34-63 knots)
36,AL112021,JULIAN,TS,34.5,-47.8,45,2021-08-29 12:00:00,Tropical Storm (34-63 knots)
36,AL112021,JULIAN,TS,35.9,-45.7,50,2021-08-29 18:00:00,Tropical Storm (34-63 knots)
36,AL112021,JULIAN,TS,37.1,-42.6,50,2021-08-30 00:00:00,Tropical Storm (34-63 knots)
36,AL112021,JULIAN,TS,38.9,-40.0,50,2021-08-30 06:00:00,Tropical Storm (34-63 knots)
36,AL112021,JULIAN,EX,40.6,-37.9,50,2021-08-30 12:00:00,Extratropical Cyclone
36,AL112021,JULIAN,EX,42.5,-36.0,45,2021-08-30 18:00:00,Extratropical Cyclone
36,AL112021,JULIAN,EX,44.8,-35.1,45,2021-08-31 00:00:00,Extratropical Cyclone
36,AL112021,JULIAN,EX,47.5,-34.5,45,2021-08-31 06:00:00,Extratropical Cyclone
36,AL112021,JULIAN,EX,50.5,-35.5,45,2021-08-31 12:00:00,Extratropical Cyclone
36,AL122021,LARRY,TS,11.9,-22.5,35,2021-09-01 00:00:00,Tropical Storm (34-63 knots)
36,AL122021,LARRY,TS,12.2,-24.5,40,2021-09-01 06:00:00,Tropical Storm (34-63 knots)
36,AL122021,LARRY,TS,12.4,-26.5,45,2021-09-01 12:00:00,Tropical Storm (34-63 knots)
36,AL122021,LARRY,TS,12.5,-28.4,55,2021-09-01 18:00:00,Tropical Storm (34-63 knots)
36,AL122021,LARRY,TS,12.7,-30.0,60,2021-09-02 00:00:00,Tropical Storm (34-63 knots)
36,AL122021,LARRY,HU,13.0,-31.6,65,2021-09-02 06:00:00,Hurricane (>64 knots)
36,AL122021,LARRY,HU,13.3,-33.3,70,2021-09-02 12:00:00,Hurricane (>64 knots)
36,AL122021,LARRY,HU,13.6,-35.0,70,2021-09-02 18:00:00,Hurricane (>64 knots)
36,AL122021,LARRY,HU,13.9,-36.7,75,2021-09-03 00:00:00,Hurricane (>64 knots)
36,AL122021,LARRY,HU,14.1,-38.4,80,2021-09-03 06:00:00,Hurricane (>64 knots)
36,AL122021,LARRY,HU,14.4,-40.0,80,2021-09-03 12:00:00,Hurricane (>64 knots)
36,AL122021,LARRY,HU,14.7,-41.4,90,2021-09-03 18:00:00,Hurricane (>64 knots)
36,AL122021,LARRY,HU,15.2,-42.7,100,2021-09-04 00:00:00,Hurricane (>64 knots)
36,AL122021,LARRY,HU,15.8,-44.0,110,2021-09-04 06:00:00,Hurricane (>64 knots)
36,AL122021,LARRY,HU,16.4,-45.3,110,2021-09-04 12:00:00,Hurricane (>64 knots)
36,AL122021,LARRY,HU,17.0,-46.5,105,2021-09-04 18:00:00,Hurricane (>64 knots)
36,AL122021,LARRY,HU,17.7,-47.5,105,2021-09-05 00:00:00,Hurricane (>64 knots)
36,AL122021,LARRY,HU,18.4,-48.5,105,2021-09-05 06:00:00,Hurricane (>64 knots)
36,AL122021,LARRY,HU,19.2,-49.4,110,2021-09-05 12:00:00,Hurricane (>64 knots)
36,AL122021,LARRY,HU,20.0,-50.3,110,2021-09-05 18:00:00,Hurricane (>64 knots)
36,AL122021,LARRY,HU,20.7,-51.2,110,2021-09-06 00:00:00,Hurricane (>64 knots)
36,AL122021,LARRY,HU,21.2,-52.0,105,2021-09-06 06:00:00,Hurricane (>64 knots)
36,AL122021,LARRY,HU,21.6,-52.7,105,2021-09-06 12:00:00,Hurricane (>64 knots)
36,AL122021,LARRY,HU,22.1,-53.5,105,2021-09-06 18:00:00,Hurricane (>64 knots)
36,AL122021,LARRY,HU,22.7,-54.2,105,2021-09-07 00:00:00,Hurricane (>64 knots)
36,AL122021,LARRY,HU,23.3,-54.8,100,2021-09-07 06:00:00,Hurricane (>64 knots)
36,AL122021,LARRY,HU,24.0,-55.4,95,2021-09-07 12:00:00,Hurricane (>64 knots)
36,AL122021,LARRY,HU,24.7,-56.0,95,2021-09-07 18:00:00,Hurricane (>64 knots)
36,AL122021,LARRY,HU,25.4,-56.5,95,2021-09-08 00:00:00,Hurricane (>64 knots)
36,AL122021,LARRY,HU,26.2,-57.1,95,2021-09-08 06:00:00,Hurricane (>64 knots)
36,AL122021,LARRY,HU,27.2,-57.9,90,2021-09-08 12:00:00,Hurricane (>64 knots)
36,AL122021,LARRY,HU,28.2,-58.9,90,2021-09-08 18:00:00,Hurricane (>64 knots)
36,AL122021,LARRY,HU,29.1,-59.9,85,2021-09-09 00:00:00,Hurricane (>64 knots)
36,AL122021,LARRY,HU,30.1,-60.8,80,2021-09-09 06:00:00,Hurricane (>64 knots)
36,AL122021,LARRY,HU,31.3,-61.5,80,2021-09-09 12:00:00,Hurricane (>64 knots)
36,AL122021,LARRY,HU,32.8,-62.1,80,2021-09-09 18:00:00,Hurricane (>64 knots)
36,AL122021,LARRY,HU,34.4,-62.3,80,2021-09-10 00:00:00,Hurricane (>64 knots)
36,AL122021,LARRY,HU,36.5,-62.2,75,2021-09-10 06:00:00,Hurricane (>64 knots)
36,AL122021,LARRY,HU,38.9,-61.1,70,2021-09-10 12:00:00,Hurricane (>64 knots)
36,AL122021,LARRY,HU,41.9,-59.5,70,2021-09-10 18:00:00,Hurricane (>64 knots)
36,AL122021,LARRY,HU,45.1,-56.6,70,2021-09-11 00:00:00,Hurricane (>64 knots)
36,AL122021,LARRY,HU,47.3,-54.6,70,2021-09-11 03:30:00,Hurricane (>64 knots)
36,AL122021,LARRY,HU,48.8,-53.3,65,2021-09-11 06:00:00,Hurricane (>64 knots)
36,AL122021,LARRY,EX,52.5,-49.7,60,2021-09-11 12:00:00,Extratropical Cyclone
36,AL122021,LARRY,EX,55.3,-46.8,55,2021-09-11 18:00:00,Extratropical Cyclone
36,AL132021,MINDY,TS,28.4,-86.8,35,2021-09-08 18:00:00,Tropical Storm (34-63 knots)
36,AL132021,MINDY,TS,29.5,-85.4,45,2021-09-09 00:00:00,Tropical Storm (34-63 knots)
36,AL132021,MINDY,TS,29.7,-85.1,50,2021-09-09 01:15:00,Tropical Storm (34-63 knots)
36,AL132021,MINDY,TS,30.5,-83.9,35,2021-09-09 06:00:00,Tropical Storm (34-63 knots)
36,AL142021,NICHOLAS,TS,21.0,-95.2,35,2021-09-12 12:00:00,Tropical Storm (34-63 knots)
36,AL142021,NICHOLAS,TS,22.4,-95.6,35,2021-09-12 18:00:00,Tropical Storm (34-63 knots)
36,AL142021,NICHOLAS,TS,23.7,-96.1,40,2021-09-13 00:00:00,Tropical Storm (34-63 knots)
36,AL142021,NICHOLAS,TS,24.8,-96.5,50,2021-09-13 06:00:00,Tropical Storm (34-63 knots)
36,AL142021,NICHOLAS,TS,25.9,-96.7,50,2021-09-13 12:00:00,Tropical Storm (34-63 knots)
36,AL142021,NICHOLAS,TS,27.0,-96.6,55,2021-09-13 18:00:00,Tropical Storm (34-63 knots)
36,AL142021,NICHOLAS,HU,28.0,-96.2,65,2021-09-14 00:00:00,Hurricane (>64 knots)
36,AL142021,NICHOLAS,HU,28.7,-95.7,65,2021-09-14 05:30:00,Hurricane (>64 knots)
36,AL142021,NICHOLAS,HU,28.8,-95.7,65,2021-09-14 06:00:00,Hurricane (>64 knots)
36,AL142021,NICHOLAS,TS,29.3,-95.4,50,2021-09-14 12:00:00,Tropical Storm (34-63 knots)
36,AL142021,NICHOLAS,TS,29.6,-94.9,35,2021-09-14 18:00:00,Tropical Storm (34-63 knots)
36,AL152021,ODETTE,TS,35.9,-72.7,35,2021-09-17 18:00:00,Tropical Storm (34-63 knots)
36,AL152021,ODETTE,TS,36.8,-71.4,40,2021-09-18 00:00:00,Tropical Storm (34-63 knots)
36,AL152021,ODETTE,TS,37.6,-70.1,40,2021-09-18 06:00:00,Tropical Storm (34-63 knots)
36,AL152021,ODETTE,EX,38.3,-68.3,40,2021-09-18 12:00:00,Extratropical Cyclone
36,AL152021,ODETTE,EX,38.7,-66.2,40,2021-09-18 18:00:00,Extratropical Cyclone
36,AL152021,ODETTE,EX,39.2,-64.1,45,2021-09-19 00:00:00,Extratropical Cyclone
36,AL152021,ODETTE,EX,39.9,-61.9,45,2021-09-19 06:00:00,Extratropical Cyclone
36,AL152021,ODETTE,EX,41.1,-59.4,45,2021-09-19 12:00:00,Extratropical Cyclone
36,AL152021,ODETTE,EX,42.7,-56.6,50,2021-09-19 18:00:00,Extratropical Cyclone
36,AL152021,ODETTE,EX,44.1,-54.1,55,2021-09-20 00:00:00,Extratropical Cyclone
36,AL152021,ODETTE,EX,45.0,-51.6,55,2021-09-20 06:00:00,Extratropical Cyclone
36,AL152021,ODETTE,EX,44.7,-49.7,50,2021-09-20 12:00:00,Extratropical Cyclone
36,AL152021,ODETTE,EX,44.2,-48.1,50,2021-09-20 18:00:00,Extratropical Cyclone
36,AL152021,ODETTE,EX,43.2,-46.6,50,2021-09-21 00:00:00,Extratropical Cyclone
36,AL152021,ODETTE,EX,41.8,-45.4,50,2021-09-21 06:00:00,Extratropical Cyclone
36,AL152021,ODETTE,EX,40.4,-43.8,45,2021-09-21 12:00:00,Extratropical Cyclone
36,AL152021,ODETTE,EX,39.9,-41.9,45,2021-09-21 18:00:00,Extratropical Cyclone
36,AL152021,ODETTE,EX,40.2,-40.1,45,2021-09-22 00:00:00,Extratropical Cyclone
36,AL152021,ODETTE,EX,41.3,-39.9,45,2021-09-22 06:00:00,Extratropical Cyclone
36,AL152021,ODETTE,EX,42.4,-40.2,45,2021-09-22 12:00:00,Extratropical Cyclone
36,AL152021,ODETTE,EX,43.5,-40.8,40,2021-09-22 18:00:00,Extratropical Cyclone
36,AL152021,ODETTE,EX,44.1,-41.2,40,2021-09-23 00:00:00,Extratropical Cyclone
36,AL152021,ODETTE,EX,44.2,-41.8,40,2021-09-23 06:00:00,Extratropical Cyclone
36,AL152021,ODETTE,EX,44.1,-42.4,40,2021-09-23 12:00:00,Extratropical Cyclone
36,AL152021,ODETTE,EX,43.8,-42.0,35,2021-09-23 18:00:00,Extratropical Cyclone
36,AL152021,ODETTE,EX,44.1,-41.4,35,2021-09-24 00:00:00,Extratropical Cyclone
36,AL152021,ODETTE,EX,44.1,-41.0,35,2021-09-24 06:00:00,Extratropical Cyclone
36,AL152021,ODETTE,EX,43.6,-40.5,35,2021-09-24 12:00:00,Extratropical Cyclone
36,AL152021,ODETTE,LO,42.7,-40.0,35,2021-09-24 18:00:00,Low (not tropical/subtropical/extratropical)
36,AL152021,ODETTE,LO,41.6,-39.4,35,2021-09-25 00:00:00,Low (not tropical/subtropical/extratropical)
36,AL152021,ODETTE,LO,40.3,-38.7,35,2021-09-25 06:00:00,Low (not tropical/subtropical/extratropical)
36,AL152021,ODETTE,LO,38.9,-38.0,35,2021-09-25 12:00:00,Low (not tropical/subtropical/extratropical)
36,AL152021,ODETTE,LO,37.3,-38.1,35,2021-09-25 18:00:00,Low (not tropical/subtropical/extratropical)
36,AL152021,ODETTE,LO,35.8,-38.6,35,2021-09-26 00:00:00,Low (not tropical/subtropical/extratropical)
36,AL162021,PETER,TS,16.8,-54.4,35,2021-09-19 06:00:00,Tropical Storm (34-63 knots)
36,AL162021,PETER,TS,17.3,-55.8,40,2021-09-19 12:00:00,Tropical Storm (34-63 knots)
36,AL162021,PETER,TS,17.9,-57.0,45,2021-09-19 18:00:00,Tropical Storm (34-63 knots)
36,AL162021,PETER,TS,18.4,-58.0,45,2021-09-20 00:00:00,Tropical Storm (34-63 knots)
36,AL162021,PETER,TS,18.8,-59.0,45,2021-09-20 06:00:00,Tropical Storm (34-63 knots)
36,AL162021,PETER,TS,19.2,-60.1,45,2021-09-20 12:00:00,Tropical Storm (34-63 knots)
36,AL162021,PETER,TS,19.5,-61.2,45,2021-09-20 18:00:00,Tropical Storm (34-63 knots)
36,AL162021,PETER,TS,19.6,-62.3,45,2021-09-21 00:00:00,Tropical Storm (34-63 knots)
36,AL162021,PETER,TS,19.6,-63.2,40,2021-09-21 06:00:00,Tropical Storm (34-63 knots)
36,AL162021,PETER,TS,19.8,-64.0,35,2021-09-21 12:00:00,Tropical Storm (34-63 knots)
36,AL172021,ROSE,TS,13.8,-29.4,35,2021-09-19 18:00:00,Tropical Storm (34-63 knots)
36,AL172021,ROSE,TS,14.7,-30.6,35,2021-09-20 00:00:00,Tropical Storm (34-63 knots)
36,AL172021,ROSE,TS,15.6,-31.8,35,2021-09-20 06:00:00,Tropical Storm (34-63 knots)
36,AL172021,ROSE,TS,16.7,-32.9,35,2021-09-20 12:00:00,Tropical Storm (34-63 knots)
36,AL172021,ROSE,TS,17.7,-34.1,40,2021-09-20 18:00:00,Tropical Storm (34-63 knots)
36,AL172021,ROSE,TS,18.8,-35.3,50,2021-09-21 00:00:00,Tropical Storm (34-63 knots)
36,AL172021,ROSE,TS,20.0,-36.1,40,2021-09-21 06:00:00,Tropical Storm (34-63 knots)
36,AL172021,ROSE,TS,21.1,-36.7,35,2021-09-21 12:00:00,Tropical Storm (34-63 knots)
36,AL172021,ROSE,TS,22.1,-37.3,35,2021-09-21 18:00:00,Tropical Storm (34-63 knots)
36,AL172021,ROSE,TS,22.7,-37.7,35,2021-09-22 00:00:00,Tropical Storm (34-63 knots)
36,AL182021,SAM,TS,10.4,-36.0,35,2021-09-23 06:00:00,Tropical Storm (34-63 knots)
36,AL182021,SAM,TS,10.7,-37.6,45,2021-09-23 12:00:00,Tropical Storm (34-63 knots)
36,AL182021,SAM,TS,10.9,-39.0,50,2021-09-23 18:00:00,Tropical Storm (34-63 knots)
36,AL182021,SAM,TS,11.1,-40.3,60,2021-09-24 00:00:00,Tropical Storm (34-63 knots)
36,AL182021,SAM,HU,11.4,-41.6,65,2021-09-24 06:00:00,Hurricane (>64 knots)
36,AL182021,SAM,HU,11.6,-43.0,65,2021-09-24 12:00:00,Hurricane (>64 knots)
36,AL182021,SAM,HU,11.9,-44.3,70,2021-09-24 18:00:00,Hurricane (>64 knots)
36,AL182021,SAM,HU,12.3,-45.4,85,2021-09-25 00:00:00,Hurricane (>64 knots)
36,AL182021,SAM,HU,12.6,-46.3,95,2021-09-25 06:00:00,Hurricane (>64 knots)
36,AL182021,SAM,HU,12.8,-47.2,105,2021-09-25 12:00:00,Hurricane (>64 knots)
36,AL182021,SAM,HU,13.1,-48.1,115,2021-09-25 18:00:00,Hurricane (>64 knots)
36,AL182021,SAM,HU,13.4,-48.8,130,2021-09-26 00:00:00,Hurricane (>64 knots)
36,AL182021,SAM,HU,13.6,-49.4,130,2021-09-26 06:00:00,Hurricane (>64 knots)
36,AL182021,SAM,HU,13.8,-50.0,130,2021-09-26 12:00:00,Hurricane (>64 knots)
36,AL182021,SAM,HU,14.1,-50.3,135,2021-09-26 18:00:00,Hurricane (>64 knots)
36,AL182021,SAM,HU,14.5,-50.6,130,2021-09-27 00:00:00,Hurricane (>64 knots)
36,AL182021,SAM,HU,15.0,-51.1,115,2021-09-27 06:00:00,Hurricane (>64 knots)
36,AL182021,SAM,HU,15.4,-51.7,105,2021-09-27 12:00:00,Hurricane (>64 knots)
36,AL182021,SAM,HU,15.9,-52.3,105,2021-09-27 18:00:00,Hurricane (>64 knots)
36,AL182021,SAM,HU,16.5,-52.9,105,2021-09-28 00:00:00,Hurricane (>64 knots)
36,AL182021,SAM,HU,16.9,-53.5,115,2021-09-28 06:00:00,Hurricane (>64 knots)
36,AL182021,SAM,HU,17.3,-54.1,115,2021-09-28 12:00:00,Hurricane (>64 knots)
36,AL182021,SAM,HU,17.7,-54.7,115,2021-09-28 18:00:00,Hurricane (>64 knots)
36,AL182021,SAM,HU,18.1,-55.3,115,2021-09-29 00:00:00,Hurricane (>64 knots)
36,AL182021,SAM,HU,18.6,-55.9,115,2021-09-29 06:00:00,Hurricane (>64 knots)
36,AL182021,SAM,HU,19.1,-56.6,115,2021-09-29 12:00:00,Hurricane (>64 knots)
36,AL182021,SAM,HU,19.7,-57.3,115,2021-09-29 18:00:00,Hurricane (>64 knots)
36,AL182021,SAM,HU,20.3,-58.0,125,2021-09-30 00:00:00,Hurricane (>64 knots)
36,AL182021,SAM,HU,21.0,-58.8,125,2021-09-30 06:00:00,Hurricane (>64 knots)
36,AL182021,SAM,HU,22.0,-59.6,125,2021-09-30 12:00:00,Hurricane (>64 knots)
36,AL182021,SAM,HU,23.0,-60.4,125,2021-09-30 18:00:00,Hurricane (>64 knots)
36,AL182021,SAM,HU,24.3,-61.0,125,2021-10-01 00:00:00,Hurricane (>64 knots)
36,AL182021,SAM,HU,25.8,-61.6,130,2021-10-01 06:00:00,Hurricane (>64 knots)
36,AL182021,SAM,HU,27.4,-61.9,130,2021-10-01 12:00:00,Hurricane (>64 knots)
36,AL182021,SAM,HU,29.2,-61.9,130,2021-10-01 18:00:00,Hurricane (>64 knots)
36,AL182021,SAM,HU,30.8,-61.5,125,2021-10-02 00:00:00,Hurricane (>64 knots)
36,AL182021,SAM,HU,32.1,-61.0,120,2021-10-02 06:00:00,Hurricane (>64 knots)
36,AL182021,SAM,HU,33.4,-60.1,115,2021-10-02 12:00:00,Hurricane (>64 knots)
36,AL182021,SAM,HU,34.7,-59.1,110,2021-10-02 18:00:00,Hurricane (>64 knots)
36,AL182021,SAM,HU,35.8,-57.9,100,2021-10-03 00:00:00,Hurricane (>64 knots)
36,AL182021,SAM,HU,36.7,-56.6,90,2021-10-03 06:00:00,Hurricane (>64 knots)
36,AL182021,SAM,HU,37.3,-55.4,85,2021-10-03 12:00:00,Hurricane (>64 knots)
36,AL182021,SAM,HU,38.0,-53.9,85,2021-10-03 18:00:00,Hurricane (>64 knots)
36,AL182021,SAM,HU,38.7,-52.2,90,2021-10-04 00:00:00,Hurricane (>64 knots)
36,AL182021,SAM,HU,39.9,-49.9,90,2021-10-04 06:00:00,Hurricane (>64 knots)
36,AL182021,SAM,HU,41.4,-47.1,85,2021-10-04 12:00:00,Hurricane (>64 knots)
36,AL182021,SAM,HU,43.8,-43.6,80,2021-10-04 18:00:00,Hurricane (>64 knots)
36,AL182021,SAM,HU,46.5,-40.5,75,2021-10-05 00:00:00,Hurricane (>64 knots)
36,AL182021,SAM,EX,49.4,-39.7,70,2021-10-05 06:00:00,Extratropical Cyclone
36,AL182021,SAM,EX,52.2,-39.6,65,2021-10-05 12:00:00,Extratropical Cyclone
36,AL182021,SAM,EX,50.6,-42.1,65,2021-10-05 18:00:00,Extratropical Cyclone
36,AL182021,SAM,EX,49.9,-38.9,60,2021-10-06 00:00:00,Extratropical Cyclone
36,AL182021,SAM,EX,50.5,-35.5,55,2021-10-06 06:00:00,Extratropical Cyclone
36,AL182021,SAM,EX,51.5,-32.4,50,2021-10-06 12:00:00,Extratropical Cyclone
36,AL182021,SAM,EX,53.1,-29.0,45,2021-10-06 18:00:00,Extratropical Cyclone
36,AL182021,SAM,EX,55.2,-25.4,45,2021-10-07 00:00:00,Extratropical Cyclone
36,AL182021,SAM,EX,58.1,-22.3,40,2021-10-07 06:00:00,Extratropical Cyclone
36,AL192021,TERESA,SS,32.8,-62.9,35,2021-09-24 12:00:00,Subtropical Storm (>34 knots)
36,AL192021,TERESA,SS,33.6,-64.1,40,2021-09-24 18:00:00,Subtropical Storm (>34 knots)
36,AL192021,TERESA,SS,34.1,-65.0,40,2021-09-25 00:00:00,Subtropical Storm (>34 knots)
36,AL192021,TERESA,SS,34.3,-65.5,35,2021-09-25 06:00:00,Subtropical Storm (>34 knots)
36,AL202021,VICTOR,TS,8.1,-25.1,35,2021-09-29 18:00:00,Tropical Storm (34-63 knots)
36,AL202021,VICTOR,TS,8.3,-26.0,35,2021-09-30 00:00:00,Tropical Storm (34-63 knots)
36,AL202021,VICTOR,TS,8.7,-27.1,40,2021-09-30 06:00:00,Tropical Storm (34-63 knots)
36,AL202021,VICTOR,TS,9.2,-28.4,40,2021-09-30 12:00:00,Tropical Storm (34-63 knots)
36,AL202021,VICTOR,TS,9.8,-29.5,45,2021-09-30 18:00:00,Tropical Storm (34-63 knots)
36,AL202021,VICTOR,TS,10.5,-30.6,50,2021-10-01 00:00:00,Tropical Storm (34-63 knots)
36,AL202021,VICTOR,TS,11.0,-31.8,50,2021-10-01 06:00:00,Tropical Storm (34-63 knots)
36,AL202021,VICTOR,TS,11.4,-33.0,55,2021-10-01 12:00:00,Tropical Storm (34-63 knots)
36,AL202021,VICTOR,TS,11.8,-33.9,55,2021-10-01 18:00:00,Tropical Storm (34-63 knots)
36,AL202021,VICTOR,TS,12.1,-34.9,50,2021-10-02 00:00:00,Tropical Storm (34-63 knots)
36,AL202021,VICTOR,TS,12.5,-35.8,45,2021-10-02 06:00:00,Tropical Storm (34-63 knots)
36,AL202021,VICTOR,TS,12.7,-36.7,35,2021-10-02 12:00:00,Tropical Storm (34-63 knots)
37,AL212021,WANDA,TS,37.6,-38.3,45,2021-11-06 06:00:00,Tropical Storm (34-63 knots)
37,AL212021,WANDA,TS,37.2,-38.4,40,2021-11-06 12:00:00,Tropical Storm (34-63 knots)
37,AL212021,WANDA,TS,37.1,-38.0,35,2021-11-06 18:00:00,Tropical Storm (34-63 knots)
37,AL212021,WANDA,TS,37.4,-37.4,35,2021-11-07 00:00:00,Tropical Storm (34-63 knots)
37,AL212021,WANDA,TS,38.1,-36.4,35,2021-11-07 06:00:00,Tropical Storm (34-63 knots)
37,AL212021,WANDA,LO,39.2,-34.9,35,2021-11-07 12:00:00,Low (not tropical/subtropical/extratropical)
37,AL212021,WANDA,LO,40.9,-32.8,40,2021-11-07 18:00:00,Low (not tropical/subtropical/extratropical)
37,AL212021,WANDA,LO,43.2,-29.7,40,2021-11-08 00:00:00,Low (not tropical/subtropical/extratropical)
38,AL202023,TAMMY,TS,32.6,-61.5,50,2023-10-28 00:00:00,Tropical Storm (34-63 knots)
38,AL202023,TAMMY,TS,32.9,-61.0,45,2023-10-28 06:00:00,Tropical Storm (34-63 knots)
38,AL202023,TAMMY,TS,33.1,-59.5,45,2023-10-28 12:00:00,Tropical Storm (34-63 knots)
38,AL202023,TAMMY,TS,33.3,-58.0,40,2023-10-28 18:00:00,Tropical Storm (34-63 knots)
38,AL202023,TAMMY,LO,32.8,-56.1,35,2023-10-29 00:00:00,Low (not tropical/subtropical/extratropical)
38,AL202023,TAMMY,LO,32.6,-54.3,35,2023-10-29 06:00:00,Low (not tropical/subtropical/extratropical)
38,AL202023,TAMMY,LO,31.8,-52.5,35,2023-10-29 12:00:00,Low (not tropical/subtropical/extratropical)
38,AL202023,TAMMY,LO,30.9,-50.9,35,2023-10-29 18:00:00,Low (not tropical/subtropical/extratropical)
39,AL052023,DON,LO,31.2,-48.7,35,2023-07-13 12:00:00,Low (not tropical/subtropical/extratropical)
39,AL052023,DON,LO,31.7,-47.3,40,2023-07-13 18:00:00,Low (not tropical/subtropical/extratropical)
39,AL052023,DON,SS,32.5,-46.7,45,2023-07-14 00:00:00,Subtropical Storm (>34 knots)
39,AL052023,DON,SS,32.9,-46.8,45,2023-07-14 06:00:00,Subtropical Storm (>34 knots)
39,AL052023,DON,SS,33.4,-47.0,40,2023-07-14 12:00:00,Subtropical Storm (>34 knots)
39,AL052023,DON,SS,33.8,-47.2,40,2023-07-14 18:00:00,Subtropical Storm (>34 knots)
39,AL052023,DON,SS,34.3,-47.2,40,2023-07-15 00:00:00,Subtropical Storm (>34 knots)
39,AL052023,DON,SS,35.3,-47.7,40,2023-07-15 06:00:00,Subtropical Storm (>34 knots)
39,AL052023,DON,SS,36.2,-48.4,40,2023-07-15 12:00:00,Subtropical Storm (>34 knots)
39,AL052023,DON,SS,37.1,-48.7,35,2023-07-15 18:00:00,Subtropical Storm (>34 knots)
39,AL052023,DON,SS,37.8,-48.8,35,2023-07-16 00:00:00,Subtropical Storm (>34 knots)
39,AL052023,DON,SS,38.4,-48.7,35,2023-07-16 06:00:00,Subtropical Storm (>34 knots)
39,AL052023,DON,TS,37.8,-40.9,35,2023-07-18 00:00:00,Tropical Storm (34-63 knots)
39,AL052023,DON,TS,36.8,-39.9,35,2023-07-18 06:00:00,Tropical Storm (34-63 knots)
39,AL052023,DON,TS,36.0,-39.4,35,2023-07-18 12:00:00,Tropical Storm (34-63 knots)
39,AL052023,DON,TS,35.3,-39.2,35,2023-07-18 18:00:00,Tropical Storm (34-63 knots)
39,AL052023,DON,TS,34.6,-39.1,35,2023-07-19 00:00:00,Tropical Storm (34-63 knots)
39,AL052023,DON,TS,34.2,-39.1,35,2023-07-19 06:00:00,Tropical Storm (34-63 knots)
39,AL052023,DON,TS,33.9,-39.3,35,2023-07-19 12:00:00,Tropical Storm (34-63 knots)
39,AL052023,DON,TS,33.8,-39.9,40,2023-07-19 18:00:00,Tropical Storm (34-63 knots)
39,AL052023,DON,TS,33.8,-40.6,45,2023-07-20 00:00:00,Tropical Storm (34-63 knots)
39,AL052023,DON,TS,34.0,-41.3,45,2023-07-20 06:00:00,Tropical Storm (34-63 knots)
39,AL052023,DON,TS,34.3,-42.2,40,2023-07-20 12:00:00,Tropical Storm (34-63 knots)
39,AL052023,DON,TS,34.5,-43.3,40,2023-07-20 18:00:00,Tropical Storm (34-63 knots)
39,AL052023,DON,TS,34.6,-44.2,40,2023-07-21 00:00:00,Tropical Storm (34-63 knots)
39,AL052023,DON,TS,35.0,-45.1,40,2023-07-21 06:00:00,Tropical Storm (34-63 knots)
39,AL052023,DON,TS,35.4,-46.0,45,2023-07-21 12:00:00,Tropical Storm (34-63 knots)
39,AL052023,DON,TS,36.2,-47.0,45,2023-07-21 18:00:00,Tropical Storm (34-63 knots)
39,AL052023,DON,TS,36.9,-48.2,45,2023-07-22 00:00:00,Tropical Storm (34-63 knots)
39,AL052023,DON,TS,37.7,-49.3,45,2023-07-22 06:00:00,Tropical Storm (34-63 knots)
39,AL052023,DON,TS,38.5,-49.9,55,2023-07-22 12:00:00,Tropical Storm (34-63 knots)
39,AL052023,DON,HU,39.5,-50.1,65,2023-07-22 18:00:00,Hurricane (>64 knots)
39,AL052023,DON,HU,40.7,-49.9,65,2023-07-23 00:00:00,Hurricane (>64 knots)
39,AL052023,DON,TS,42.0,-49.4,60,2023-07-23 06:00:00,Tropical Storm (34-63 knots)
39,AL052023,DON,TS,43.3,-48.5,55,2023-07-23 12:00:00,Tropical Storm (34-63 knots)
39,AL052023,DON,TS,44.7,-47.3,50,2023-07-23 18:00:00,Tropical Storm (34-63 knots)
39,AL052023,DON,TS,45.9,-45.7,45,2023-07-24 00:00:00,Tropical Storm (34-63 knots)
39,AL052023,DON,LO,46.7,-44.1,40,2023-07-24 06:00:00,Low (not tropical/subtropical/extratropical)
39,AL052023,DON,LO,47.3,-41.9,40,2023-07-24 12:00:00,Low (not tropical/subtropical/extratropical)
39,AL052023,DON,LO,47.8,-39.7,40,2023-07-24 18:00:00,Low (not tropical/subtropical/extratropical)
39,AL052023,DON,LO,48.5,-36.8,35,2023-07-25 00:00:00,Low (not tropical/subtropical/extratropical)
39,AL052023,DON,LO,49.1,-33.7,35,2023-07-25 06:00:00,Low (not tropical/subtropical/extratropical)
40,AL212021,WANDA,EX,41.4,-69.4,60,2021-10-27 06:00:00,Extratropical Cyclone
40,AL212021,WANDA,EX,39.9,-70.1,55,2021-10-27 12:00:00,Extratropical Cyclone
40,AL212021,WANDA,EX,38.7,-68.5,50,2021-10-27 18:00:00,Extratropical Cyclone
40,AL212021,WANDA,EX,39.0,-65.9,45,2021-10-28 00:00:00,Extratropical Cyclone
40,AL212021,WANDA,EX,39.4,-63.9,45,2021-10-28 06:00:00,Extratropical Cyclone
40,AL212021,WANDA,EX,39.8,-61.9,45,2021-10-28 12:00:00,Extratropical Cyclone
40,AL212021,WANDA,EX,40.2,-59.8,45,2021-10-28 18:00:00,Extratropical Cyclone
40,AL212021,WANDA,EX,40.6,-58.1,45,2021-10-29 00:00:00,Extratropical Cyclone
40,AL212021,WANDA,EX,40.7,-56.8,45,2021-10-29 06:00:00,Extratropical Cyclone
40,AL212021,WANDA,EX,40.6,-55.5,45,2021-10-29 12:00:00,Extratropical Cyclone
40,AL212021,WANDA,EX,40.4,-54.0,45,2021-10-29 18:00:00,Extratropical Cyclone
40,AL212021,WANDA,EX,40.1,-52.4,45,2021-10-30 00:00:00,Extratropical Cyclone
40,AL212021,WANDA,EX,39.4,-51.2,40,2021-10-30 06:00:00,Extratropical Cyclone
40,AL212021,WANDA,SS,38.5,-49.6,40,2021-10-30 12:00:00,Subtropical Storm (>34 knots)
40,AL212021,WANDA,SS,37.5,-47.8,40,2021-10-30 18:00:00,Subtropical Storm (>34 knots)
40,AL212021,WANDA,SS,36.5,-46.0,45,2021-10-31 00:00:00,Subtropical Storm (>34 knots)
40,AL212021,WANDA,SS,36.6,-44.2,50,2021-10-31 06:00:00,Subtropical Storm (>34 knots)
40,AL212021,WANDA,SS,36.5,-43.4,50,2021-10-31 12:00:00,Subtropical Storm (>34 knots)
40,AL212021,WANDA,SS,36.4,-43.5,50,2021-10-31 18:00:00,Subtropical Storm (>34 knots)
40,AL212021,WANDA,SS,35.8,-44.0,45,2021-11-01 00:00:00,Subtropical Storm (>34 knots)
40,AL212021,WANDA,SS,34.8,-44.2,40,2021-11-01 06:00:00,Subtropical Storm (>34 knots)
40,AL212021,WANDA,TS,34.1,-43.4,40,2021-11-01 12:00:00,Tropical Storm (34-63 knots)
40,AL212021,WANDA,TS,34.1,-42.6,35,2021-11-01 18:00:00,Tropical Storm (34-63 knots)
40,AL212021,WANDA,TS,34.4,-41.9,35,2021-11-02 00:00:00,Tropical Storm (34-63 knots)
40,AL212021,WANDA,TS,34.9,-41.3,40,2021-11-02 06:00:00,Tropical Storm (34-63 knots)
40,AL212021,WANDA,TS,35.5,-40.7,40,2021-11-02 12:00:00,Tropical Storm (34-63 knots)
40,AL212021,WANDA,TS,36.2,-40.5,40,2021-11-02 18:00:00,Tropical Storm (34-63 knots)
40,AL212021,WANDA,TS,36.9,-40.4,40,2021-11-03 00:00:00,Tropical Storm (34-63 knots)
40,AL212021,WANDA,TS,37.6,-40.2,40,2021-11-03 06:00:00,Tropical Storm (34-63 knots)
40,AL212021,WANDA,TS,38.4,-39.9,40,2021-11-03 12:00:00,Tropical Storm (34-63 knots)
40,AL212021,WANDA,TS,39.3,-39.7,45,2021-11-03 18:00:00,Tropical Storm (34-63 knots)
40,AL212021,WANDA,TS,40.2,-39.7,45,2021-11-04 00:00:00,Tropical Storm (34-63 knots)
40,AL212021,WANDA,TS,41.0,-39.7,45,2021-11-04 06:00:00,Tropical Storm (34-63 knots)
40,AL212021,WANDA,TS,41.7,-39.7,40,2021-11-04 12:00:00,Tropical Storm (34-63 knots)
40,AL212021,WANDA,TS,42.1,-39.6,40,2021-11-04 18:00:00,Tropical Storm (34-63 knots)
40,AL212021,WANDA,TS,42.3,-39.0,45,2021-11-05 00:00:00,Tropical Storm (34-63 knots)
40,AL212021,WANDA,TS,42.0,-38.3,45,2021-11-05 06:00:00,Tropical Storm (34-63 knots)
40,AL212021,WANDA,TS,41.1,-37.8,45,2021-11-05 12:00:00,Tropical Storm (34-63 knots)
40,AL212021,WANDA,TS,39.6,-37.5,45,2021-11-05 18:00:00,Tropical Storm (34-63 knots)
40,AL212021,WANDA,TS,38.4,-38.0,45,2021-11-06 00:00:00,Tropical Storm (34-63 knots)
40,AL212021,WANDA,TS,37.6,-38.3,45,2021-11-06 06:00:00,Tropical Storm (34-63 knots)
40,AL212021,WANDA,TS,37.2,-38.4,40,2021-11-06 12:00:00,Tropical Storm (34-63 knots)
40,AL212021,WANDA,TS,37.1,-38.0,35,2021-11-06 18:00:00,Tropical Storm (34-63 knots)
40,AL212021,WANDA,TS,37.4,-37.4,35,2021-11-07 00:00:00,Tropical Storm (34-63 knots)
40,AL212021,WANDA,TS,38.1,-36.4,35,2021-11-07 06:00:00,Tropical Storm (34-63 knots)
40,AL212021,WANDA,LO,39.2,-34.9,35,2021-11-07 12:00:00,Low (not tropical/subtropical/extratropical)
40,AL212021,WANDA,LO,40.9,-32.8,40,2021-11-07 18:00:00,Low (not tropical/subtropical/extratropical)
40,AL212021,WANDA,LO,43.2,-29.7,40,2021-11-08 00:00:00,Low (not tropical/subtropical/extratropical)
46,AL022024,BERYL,TS,9.2,-43.1,35,2024-06-29 00:00:00,Tropical Storm (34-63 knots)
46,AL022024,BERYL,TS,9.5,-45.2,45,2024-06-29 06:00:00,Tropical Storm (34-63 knots)
46,AL022024,BERYL,TS,9.7,-47.0,55,2024-06-29 12:00:00,Tropical Storm (34-63 knots)
46,AL022024,BERYL,TS,9.9,-48.7,60,2024-06-29 18:00:00,Tropical Storm (34-63 knots)
46,AL022024,BERYL,HU,10.1,-50.5,70,2024-06-30 00:00:00,Hurricane (>64 knots)
46,AL022024,BERYL,HU,10.4,-52.3,85,2024-06-30 06:00:00,Hurricane (>64 knots)
46,AL022024,BERYL,HU,10.5,-54.0,100,2024-06-30 12:00:00,Hurricane (>64 knots)
46,AL022024,BERYL,HU,10.9,-55.7,115,2024-06-30 18:00:00,Hurricane (>64 knots)
46,AL022024,BERYL,HU,11.2,-57.3,110,2024-07-01 00:00:00,Hurricane (>64 knots)
46,AL022024,BERYL,HU,11.5,-59.0,100,2024-07-01 06:00:00,Hurricane (>64 knots)
46,AL022024,BERYL,HU,12.0,-60.6,115,2024-07-01 12:00:00,Hurricane (>64 knots)
46,AL022024,BERYL,HU,12.5,-61.5,120,2024-07-01 15:20:00,Hurricane (>64 knots)
46,AL022024,BERYL,HU,12.8,-62.3,130,2024-07-01 18:00:00,Hurricane (>64 knots)
46,AL022024,BERYL,HU,13.5,-64.1,140,2024-07-02 00:00:00,Hurricane (>64 knots)
46,AL022024,BERYL,HU,14.3,-65.9,145,2024-07-02 06:00:00,Hurricane (>64 knots)
46,AL022024,BERYL,HU,14.8,-67.2,145,2024-07-02 09:45:00,Hurricane (>64 knots)
46,AL022024,BERYL,HU,15.0,-67.9,140,2024-07-02 12:00:00,Hurricane (>64 knots)
46,AL022024,BERYL,HU,15.6,-69.9,135,2024-07-02 18:00:00,Hurricane (>64 knots)
46,AL022024,BERYL,HU,16.0,-71.8,130,2024-07-03 00:00:00,Hurricane (>64 knots)
46,AL022024,BERYL,HU,16.3,-73.5,125,2024-07-03 06:00:00,Hurricane (>64 knots)
46,AL022024,BERYL,HU,16.8,-75.3,125,2024-07-03 12:00:00,Hurricane (>64 knots)
46,AL022024,BERYL,HU,17.3,-76.8,120,2024-07-03 18:00:00,Hurricane (>64 knots)
46,AL022024,BERYL,HU,17.8,-78.3,115,2024-07-04 00:00:00,Hurricane (>64 knots)
46,AL022024,BERYL,HU,18.3,-80.0,105,2024-07-04 06:00:00,Hurricane (>64 knots)
46,AL022024,BERYL,HU,18.8,-81.8,95,2024-07-04 12:00:00,Hurricane (>64 knots)
46,AL022024,BERYL,HU,19.3,-83.4,90,2024-07-04 18:00:00,Hurricane (>64 knots)
46,AL022024,BERYL,HU,19.4,-84.8,100,2024-07-05 00:00:00,Hurricane (>64 knots)
46,AL022024,BERYL,HU,19.8,-86.2,95,2024-07-05 06:00:00,Hurricane (>64 knots)
46,AL022024,BERYL,HU,20.3,-87.4,80,2024-07-05 11:00:00,Hurricane (>64 knots)
46,AL022024,BERYL,HU,20.4,-87.6,75,2024-07-05 12:00:00,Hurricane (>64 knots)
46,AL022024,BERYL,TS,20.9,-88.8,60,2024-07-05 18:00:00,Tropical Storm (34-63 knots)
46,AL022024,BERYL,TS,21.4,-89.8,50,2024-07-06 00:00:00,Tropical Storm (34-63 knots)
46,AL022024,BERYL,TS,21.9,-90.9,45,2024-07-06 06:00:00,Tropical Storm (34-63 knots)
46,AL022024,BERYL,TS,22.6,-91.8,50,2024-07-06 12:00:00,Tropical Storm (34-63 knots)
46,AL022024,BERYL,TS,23.6,-92.7,50,2024-07-06 18:00:00,Tropical Storm (34-63 knots)
46,AL022024,BERYL,TS,24.4,-93.6,50,2024-07-07 00:00:00,Tropical Storm (34-63 knots)
46,AL022024,BERYL,TS,24.9,-94.3,50,2024-07-07 06:00:00,Tropical Storm (34-63 knots)
46,AL022024,BERYL,TS,25.5,-94.9,55,2024-07-07 12:00:00,Tropical Storm (34-63 knots)
46,AL022024,BERYL,TS,26.3,-95.4,55,2024-07-07 18:00:00,Tropical Storm (34-63 knots)
46,AL022024,BERYL,TS,27.1,-95.7,60,2024-07-08 00:00:00,Tropical Storm (34-63 knots)
46,AL022024,BERYL,HU,28.2,-95.9,70,2024-07-08 06:00:00,Hurricane (>64 knots)
46,AL022024,BERYL,HU,28.6,-96.0,80,2024-07-08 08:40:00,Hurricane (>64 knots)
46,AL022024,BERYL,HU,29.3,-96.0,70,2024-07-08 12:00:00,Hurricane (>64 knots)
46,AL022024,BERYL,TS,30.7,-95.6,50,2024-07-08 18:00:00,Tropical Storm (34-63 knots)
46,AL032024,CHRIS,TS,19.9,-96.0,35,2024-07-01 00:00:00,Tropical Storm (34-63 knots)
46,AL032024,CHRIS,TS,19.9,-96.5,40,2024-07-01 03:00:00,Tropical Storm (34-63 knots)
53,AL032023,BRET,TS,13.5,-55.9,60,2023-06-22 06:00:00,Tropical Storm (34-63 knots)
53,AL032023,BRET,TS,13.5,-57.3,60,2023-06-22 12:00:00,Tropical Storm (34-63 knots)
53,AL032023,BRET,TS,13.4,-58.8,55,2023-06-22 18:00:00,Tropical Storm (34-63 knots)
53,AL032023,BRET,TS,13.3,-60.3,55,2023-06-23 00:00:00,Tropical Storm (34-63 knots)
53,AL032023,BRET,TS,13.3,-61.2,55,2023-06-23 03:15:00,Tropical Storm (34-63 knots)
53,AL032023,BRET,TS,13.3,-62.0,50,2023-06-23 06:00:00,Tropical Storm (34-63 knots)
53,AL032023,BRET,TS,13.2,-63.8,50,2023-06-23 12:00:00,Tropical Storm (34-63 knots)
53,AL032023,BRET,TS,13.1,-65.6,45,2023-06-23 18:00:00,Tropical Storm (34-63 knots)
53,AL032023,BRET,TS,13.0,-67.4,45,2023-06-24 00:00:00,Tropical Storm (34-63 knots)
53,AL032023,BRET,TS,13.0,-69.2,40,2023-06-24 06:00:00,Tropical Storm (34-63 knots)
53,AL032023,BRET,TS,13.0,-70.9,40,2023-06-24 12:00:00,Tropical Storm (34-63 knots)
53,AL042023,CINDY,TS,11.5,-44.8,35,2023-06-23 00:00:00,Tropical Storm (34-63 knots)
53,AL042023,CINDY,TS,11.8,-46.1,40,2023-06-23 06:00:00,Tropical Storm (34-63 knots)
53,AL042023,CINDY,TS,12.2,-47.5,45,2023-06-23 12:00:00,Tropical Storm (34-63 knots)
53,AL042023,CINDY,TS,12.8,-48.8,45,2023-06-23 18:00:00,Tropical Storm (34-63 knots)
53,AL042023,CINDY,TS,13.6,-50.0,45,2023-06-24 00:00:00,Tropical Storm (34-63 knots)
53,AL042023,CINDY,TS,14.6,-51.2,50,2023-06-24 06:00:00,Tropical Storm (34-63 knots)
53,AL042023,CINDY,TS,15.7,-52.5,50,2023-06-24 12:00:00,Tropical Storm (34-63 knots)
53,AL042023,CINDY,TS,16.8,-53.9,50,2023-06-24 18:00:00,Tropical Storm (34-63 knots)
53,AL042023,CINDY,TS,18.2,-55.2,45,2023-06-25 00:00:00,Tropical Storm (34-63 knots)
53,AL042023,CINDY,TS,19.4,-56.4,45,2023-06-25 06:00:00,Tropical Storm (34-63 knots)
53,AL042023,CINDY,TS,20.5,-57.6,40,2023-06-25 12:00:00,Tropical Storm (34-63 knots)
53,AL042023,CINDY,TS,21.6,-58.8,40,2023-06-25 18:00:00,Tropical Storm (34-63 knots)
53,AL042023,CINDY,TS,22.5,-59.9,35,2023-06-26 00:00:00,Tropical Storm (34-63 knots)
58,AL202023,TAMMY,HU,23.1,-63.1,65,2023-10-24 06:00:00,Hurricane (>64 knots)
58,AL202023,TAMMY,HU,23.6,-62.6,65,2023-10-24 12:00:00,Hurricane (>64 knots)
58,AL202023,TAMMY,HU,24.0,-62.0,65,2023-10-24 18:00:00,Hurricane (>64 knots)
58,AL202023,TAMMY,HU,24.5,-61.2,75,2023-10-25 00:00:00,Hurricane (>64 knots)
58,AL202023,TAMMY,HU,25.1,-60.4,85,2023-10-25 06:00:00,Hurricane (>64 knots)
58,AL202023,TAMMY,HU,26.1,-59.4,95,2023-10-25 12:00:00,Hurricane (>64 knots)
58,AL202023,TAMMY,HU,27.5,-58.3,85,2023-10-25 18:00:00,Hurricane (>64 knots)
58,AL202023,TAMMY,HU,29.1,-57.8,80,2023-10-26 00:00:00,Hurricane (>64 knots)
58,AL202023,TAMMY,HU,30.0,-58.3,75,2023-10-26 06:00:00,Hurricane (>64 knots)
58,AL202023,TAMMY,HU,30.5,-58.8,70,2023-10-26 12:00:00,Hurricane (>64 knots)
58,AL202023,TAMMY,HU,31.0,-59.5,65,2023-10-26 18:00:00,Hurricane (>64 knots)
58,AL202023,TAMMY,TS,31.5,-60.1,60,2023-10-27 00:00:00,Tropical Storm (34-63 knots)
58,AL202023,TAMMY,TS,31.8,-60.6,55,2023-10-27 06:00:00,Tropical Storm (34-63 knots)
58,AL202023,TAMMY,TS,32.0,-61.0,55,2023-10-27 12:00:00,Tropical Storm (34-63 knots)
58,AL202023,TAMMY,TS,32.3,-61.4,55,2023-10-27 18:00:00,Tropical Storm (34-63 knots)
58,AL202023,TAMMY,TS,32.6,-61.5,50,2023-10-28 00:00:00,Tropical Storm (34-63 knots)
58,AL202023,TAMMY,TS,32.9,-61.0,45,2023-10-28 06:00:00,Tropical Storm (34-63 knots)
58,AL202023,TAMMY,TS,33.1,-59.5,45,2023-10-28 12:00:00,Tropical Storm (34-63 knots)
58,AL202023,TAMMY,TS,33.3,-58.0,40,2023-10-28 18:00:00,Tropical Storm (34-63 knots)
58,AL202023,TAMMY,LO,32.8,-56.1,35,2023-10-29 00:00:00,Low (not tropical/subtropical/extratropical)
58,AL202023,TAMMY,LO,32.6,-54.3,35,2023-10-29 06:00:00,Low (not tropical/subtropical/extratropical)
58,AL202023,TAMMY,LO,31.8,-52.5,35,2023-10-29 12:00:00,Low (not tropical/subtropical/extratropical)
58,AL202023,TAMMY,LO,30.9,-50.9,35,2023-10-29 18:00:00,Low (not tropical/subtropical/extratropical)
59,AL012025,ANDREA,LO,33.3,-55.1,35,2025-06-23 12:00:00,Low (not tropical/subtropical/extratropical)
59,AL012025,ANDREA,LO,33.9,-54.0,35,2025-06-23 18:00:00,Low (not tropical/subtropical/extratropical)
59,AL012025,ANDREA,LO,34.7,-53.0,35,2025-06-24 00:00:00,Low (not tropical/subtropical/extratropical)
59,AL012025,ANDREA,LO,35.4,-51.4,35,2025-06-24 06:00:00,Low (not tropical/subtropical/extratropical)
59,AL012025,ANDREA,TS,36.2,-49.7,35,2025-06-24 12:00:00,Tropical Storm (34-63 knots)
59,AL012025,ANDREA,TS,37.3,-48.1,35,2025-06-24 18:00:00,Tropical Storm (34-63 knots)
59,AL022025,BARRY,TS,20.1,-96.0,35,2025-06-29 12:00:00,Tropical Storm (34-63 knots)
59,AL022025,BARRY,TS,20.9,-96.7,40,2025-06-29 18:00:00,Tropical Storm (34-63 knots)
59,AL022025,BARRY,TS,21.7,-97.4,35,2025-06-30 00:00:00,Tropical Storm (34-63 knots)
59,AL032025,CHANTAL,TS,30.8,-79.0,35,2025-07-05 12:00:00,Tropical Storm (34-63 knots)
59,AL032025,CHANTAL,TS,31.6,-78.7,40,2025-07-05 18:00:00,Tropical Storm (34-63 knots)
59,AL032025,CHANTAL,TS,32.3,-78.7,40,2025-07-06 00:00:00,Tropical Storm (34-63 knots)
59,AL032025,CHANTAL,TS,33.3,-78.9,50,2025-07-06 06:00:00,Tropical Storm (34-63 knots)
59,AL032025,CHANTAL,TS,33.6,-79.1,45,2025-07-06 09:00:00,Tropical Storm (34-63 knots)
59,AL032025,CHANTAL,TS,34.0,-79.2,35,2025-07-06 12:00:00,Tropical Storm (34-63 knots)
63,AL152022,LISA,LO,15.7,-73.3,35,2022-10-30 18:00:00,Low (not tropical/subtropical/extratropical)
63,AL152022,LISA,LO,15.7,-74.4,35,2022-10-31 00:00:00,Low (not tropical/subtropical/extratropical)
63,AL152022,LISA,LO,15.6,-75.5,35,2022-10-31 06:00:00,Low (not tropical/subtropical/extratropical)
63,AL152022,LISA,TS,15.5,-76.7,35,2022-10-31 12:00:00,Tropical Storm (34-63 knots)
63,AL152022,LISA,TS,15.5,-77.8,40,2022-10-31 18:00:00,Tropical Storm (34-63 knots)
63,AL152022,LISA,TS,15.6,-78.8,40,2022-11-01 00:00:00,Tropical Storm (34-63 knots)
63,AL152022,LISA,TS,15.9,-79.9,40,2022-11-01 06:00:00,Tropical Storm (34-63 knots)
63,AL152022,LISA,TS,16.2,-81.2,45,2022-11-01 12:00:00,Tropical Storm (34-63 knots)
63,AL152022,LISA,TS,16.5,-82.5,50,2022-11-01 18:00:00,Tropical Storm (34-63 knots)
63,AL152022,LISA,TS,16.7,-84.1,55,2022-11-02 00:00:00,Tropical Storm (34-63 knots)
63,AL152022,LISA,TS,17.0,-85.5,60,2022-11-02 06:00:00,Tropical Storm (34-63 knots)
63,AL152022,LISA,HU,17.1,-86.7,70,2022-11-02 12:00:00,Hurricane (>64 knots)
63,AL152022,LISA,HU,17.3,-87.7,75,2022-11-02 18:00:00,Hurricane (>64 knots)
63,AL152022,LISA,HU,17.4,-88.3,80,2022-11-02 21:30:00,Hurricane (>64 knots)
63,AL152022,LISA,HU,17.5,-88.6,65,2022-11-03 00:00:00,Hurricane (>64 knots)
63,AL152022,LISA,TS,17.7,-89.6,45,2022-11-03 06:00:00,Tropical Storm (34-63 knots)
63,AL162022,MARTIN,EX,34.2,-64.0,40,2022-10-30 18:00:00,Extratropical Cyclone
63,AL162022,MARTIN,EX,34.6,-63.1,45,2022-10-31 00:00:00,Extratropical Cyclone
63,AL162022,MARTIN,EX,34.9,-62.2,45,2022-10-31 06:00:00,Extratropical Cyclone
63,AL162022,MARTIN,EX,35.0,-61.6,40,2022-10-31 12:00:00,Extratropical Cyclone
63,AL162022,MARTIN,EX,35.0,-60.9,40,2022-10-31 18:00:00,Extratropical Cyclone
63,AL162022,MARTIN,EX,35.1,-59.6,35,2022-11-01 00:00:00,Extratropical Cyclone
63,AL162022,MARTIN,EX,35.2,-57.9,35,2022-11-01 06:00:00,Extratropical Cyclone
63,AL162022,MARTIN,TS,35.3,-56.7,40,2022-11-01 12:00:00,Tropical Storm (34-63 knots)
63,AL162022,MARTIN,TS,35.3,-55.4,45,2022-11-01 18:00:00,Tropical Storm (34-63 knots)
63,AL162022,MARTIN,TS,35.1,-54.2,50,2022-11-02 00:00:00,Tropical Storm (34-63 knots)
63,AL162022,MARTIN,TS,35.0,-53.0,55,2022-11-02 06:00:00,Tropical Storm (34-63 knots)
63,AL162022,MARTIN,HU,35.1,-50.9,65,2022-11-02 12:00:00,Hurricane (>64 knots)
63,AL162022,MARTIN,HU,36.1,-48.9,75,2022-11-02 18:00:00,Hurricane (>64 knots)
63,AL162022,MARTIN,HU,38.0,-46.4,75,2022-11-03 00:00:00,Hurricane (>64 knots)
63,AL162022,MARTIN,HU,40.3,-43.6,75,2022-11-03 06:00:00,Hurricane (>64 knots)
63,AL162022,MARTIN,EX,43.7,-38.8,75,2022-11-03 12:00:00,Extratropical Cyclone
63,AL162022,MARTIN,EX,49.0,-35.3,75,2022-11-03 18:00:00,Extratropical Cyclone
63,AL162022,MARTIN,EX,52.7,-38.0,70,2022-11-04 00:00:00,Extratropical Cyclone
63,AL162022,MARTIN,EX,54.7,-37.7,65,2022-11-04 06:00:00,Extratropical Cyclone
63,AL162022,MARTIN,EX,55.8,-37.2,60,2022-11-04 12:00:00,Extratropical Cyclone
63,AL162022,MARTIN,EX,56.5,-36.5,55,2022-11-04 18:00:00,Extratropical Cyclone
63,AL172022,NICOLE,LO,22.4,-66.8,35,2022-11-06 18:00:00,Low (not tropical/subtropical/extratropical)
63,AL172022,NICOLE,LO,23.9,-67.5,35,2022-11-07 00:00:00,Low (not tropical/subtropical/extratropical)
63,AL172022,NICOLE,SS,25.2,-68.2,40,2022-11-07 06:00:00,Subtropical Storm (>34 knots)
63,AL172022,NICOLE,SS,25.9,-69.3,40,2022-11-07 12:00:00,Subtropical Storm (>34 knots)
63,AL172022,NICOLE,SS,26.4,-70.3,40,2022-11-07 18:00:00,Subtropical Storm (>34 knots)
63,AL172022,NICOLE,SS,26.8,-70.7,40,2022-11-08 00:00:00,Subtropical Storm (>34 knots)
63,AL172022,NICOLE,SS,27.5,-71.2,40,2022-11-08 06:00:00,Subtropical Storm (>34 knots)
63,AL172022,NICOLE,SS,27.7,-72.1,45,2022-11-08 12:00:00,Subtropical Storm (>34 knots)
63,AL172022,NICOLE,TS,27.6,-73.3,50,2022-11-08 18:00:00,Tropical Storm (34-63 knots)
63,AL172022,NICOLE,TS,27.2,-74.3,60,2022-11-09 00:00:00,Tropical Storm (34-63 knots)
63,AL172022,NICOLE,TS,26.8,-75.3,60,2022-11-09 06:00:00,Tropical Storm (34-63 knots)
63,AL172022,NICOLE,TS,26.5,-76.2,55,2022-11-09 12:00:00,Tropical Storm (34-63 knots)
63,AL172022,NICOLE,TS,26.5,-77.1,60,2022-11-09 17:00:00,Tropical Storm (34-63 knots)
63,AL172022,NICOLE,TS,26.5,-77.3,60,2022-11-09 18:00:00,Tropical Storm (34-63 knots)
63,AL172022,NICOLE,HU,26.6,-78.2,65,2022-11-09 23:00:00,Hurricane (>64 knots)
63,AL172022,NICOLE,HU,26.7,-78.4,65,2022-11-10 00:00:00,Hurricane (>64 knots)
63,AL172022,NICOLE,HU,27.3,-79.8,65,2022-11-10 06:00:00,Hurricane (>64 knots)
63,AL172022,NICOLE,HU,27.6,-80.3,65,2022-11-10 07:45:00,Hurricane (>64 knots)
63,AL172022,NICOLE,TS,28.0,-81.6,55,2022-11-10 12:00:00,Tropical Storm (34-63 knots)
63,AL172022,NICOLE,TS,29.0,-82.8,40,2022-11-10 18:00:00,Tropical Storm (34-63 knots)
63,AL172022,NICOLE,TS,29.2,-83.0,40,2022-11-10 19:00:00,Tropical Storm (34-63 knots)
63,AL172022,NICOLE,TS,30.1,-84.0,35,2022-11-11 00:00:00,Tropical Storm (34-63 knots)
66,AL022024,BERYL,TS,9.2,-43.1,35,2024-06-29 00:00:00,Tropical Storm (34-63 knots)
66,AL022024,BERYL,TS,9.5,-45.2,45,2024-06-29 06:00:00,Tropical Storm (34-63 knots)
66,AL022024,BERYL,TS,9.7,-47.0,55,2024-06-29 12:00:00,Tropical Storm (34-63 knots)
66,AL022024,BERYL,TS,9.9,-48.7,60,2024-06-29 18:00:00,Tropical Storm (34-63 knots)
66,AL022024,BERYL,HU,10.1,-50.5,70,2024-06-30 00:00:00,Hurricane (>64 knots)
66,AL022024,BERYL,HU,10.4,-52.3,85,2024-06-30 06:00:00,Hurricane (>64 knots)
66,AL022024,BERYL,HU,10.5,-54.0,100,2024-06-30 12:00:00,Hurricane (>64 knots)
66,AL022024,BERYL,HU,10.9,-55.7,115,2024-06-30 18:00:00,Hurricane (>64 knots)
66,AL022024,BERYL,HU,11.2,-57.3,110,2024-07-01 00:00:00,Hurricane (>64 knots)
66,AL022024,BERYL,HU,11.5,-59.0,100,2024-07-01 06:00:00,Hurricane (>64 knots)
66,AL022024,BERYL,HU,12.0,-60.6,115,2024-07-01 12:00:00,Hurricane (>64 knots)
66,AL022024,BERYL,HU,12.5,-61.5,120,2024-07-01 15:20:00,Hurricane (>64 knots)
66,AL022024,BERYL,HU,12.8,-62.3,130,2024-07-01 18:00:00,Hurricane (>64 knots)
66,AL022024,BERYL,HU,13.5,-64.1,140,2024-07-02 00:00:00,Hurricane (>64 knots)
66,AL022024,BERYL,HU,14.3,-65.9,145,2024-07-02 06:00:00,Hurricane (>64 knots)
66,AL022024,BERYL,HU,14.8,-67.2,145,2024-07-02 09:45:00,Hurricane (>64 knots)
66,AL022024,BERYL,HU,15.0,-67.9,140,2024-07-02 12:00:00,Hurricane (>64 knots)
66,AL022024,BERYL,HU,15.6,-69.9,135,2024-07-02 18:00:00,Hurricane (>64 knots)
66,AL022024,BERYL,HU,16.0,-71.8,130,2024-07-03 00:00:00,Hurricane (>64 knots)
66,AL022024,BERYL,HU,16.3,-73.5,125,2024-07-03 06:00:00,Hurricane (>64 knots)
66,AL022024,BERYL,HU,16.8,-75.3,125,2024-07-03 12:00:00,Hurricane (>64 knots)
66,AL022024,BERYL,HU,17.3,-76.8,120,2024-07-03 18:00:00,Hurricane (>64 knots)
66,AL022024,BERYL,HU,17.8,-78.3,115,2024-07-04 00:00:00,Hurricane (>64 knots)
66,AL022024,BERYL,HU,18.3,-80.0,105,2024-07-04 06:00:00,Hurricane (>64 knots)
66,AL022024,BERYL,HU,18.8,-81.8,95,2024-07-04 12:00:00,Hurricane (>64 knots)
66,AL022024,BERYL,HU,19.3,-83.4,90,2024-07-04 18:00:00,Hurricane (>64 knots)
66,AL022024,BERYL,HU,19.4,-84.8,100,2024-07-05 00:00:00,Hurricane (>64 knots)
66,AL022024,BERYL,HU,19.8,-86.2,95,2024-07-05 06:00:00,Hurricane (>64 knots)
66,AL022024,BERYL,HU,20.3,-87.4,80,2024-07-05 11:00:00,Hurricane (>64 knots)
66,AL022024,BERYL,HU,20.4,-87.6,75,2024-07-05 12:00:00,Hurricane (>64 knots)
66,AL022024,BERYL,TS,20.9,-88.8,60,2024-07-05 18:00:00,Tropical Storm (34-63 knots)
66,AL022024,BERYL,TS,21.4,-89.8,50,2024-07-06 00:00:00,Tropical Storm (34-63 knots)
66,AL022024,BERYL,TS,21.9,-90.9,45,2024-07-06 06:00:00,Tropical Storm (34-63 knots)
66,AL022024,BERYL,TS,22.6,-91.8,50,2024-07-06 12:00:00,Tropical Storm (34-63 knots)
66,AL022024,BERYL,TS,23.6,-92.7,50,2024-07-06 18:00:00,Tropical Storm (34-63 knots)
66,AL022024,BERYL,TS,24.4,-93.6,50,2024-07-07 00:00:00,Tropical Storm (34-63 knots)
66,AL022024,BERYL,TS,24.9,-94.3,50,2024-07-07 06:00:00,Tropical Storm (34-63 knots)
66,AL022024,BERYL,TS,25.5,-94.9,55,2024-07-07 12:00:00,Tropical Storm (34-63 knots)
66,AL022024,BERYL,TS,26.3,-95.4,55,2024-07-07 18:00:00,Tropical Storm (34-63 knots)
66,AL022024,BERYL,TS,27.1,-95.7,60,2024-07-08 00:00:00,Tropical Storm (34-63 knots)
66,AL032024,CHRIS,TS,19.9,-96.0,35,2024-07-01 00:00:00,Tropical Storm (34-63 knots)
66,AL032024,CHRIS,TS,19.9,-96.5,40,2024-07-01 03:00:00,Tropical Storm (34-63 knots)
71,AL062023,GERT,TS,16.7,-53.3,35,2023-08-20 12:00:00,Tropical Storm (34-63 knots)
71,AL062023,GERT,TS,16.6,-54.2,35,2023-08-20 18:00:00,Tropical Storm (34-63 knots)
71,AL062023,GERT,TS,16.6,-55.1,35,2023-08-21 00:00:00,Tropical Storm (34-63 knots)
71,AL062023,GERT,TS,16.6,-55.9,35,2023-08-21 06:00:00,Tropical Storm (34-63 knots)
71,AL072023,EMILY,TS,18.0,-36.7,35,2023-08-20 00:00:00,Tropical Storm (34-63 knots)
71,AL072023,EMILY,TS,18.8,-37.5,40,2023-08-20 06:00:00,Tropical Storm (34-63 knots)
71,AL072023,EMILY,TS,19.4,-38.3,45,2023-08-20 12:00:00,Tropical Storm (34-63 knots)
71,AL072023,EMILY,TS,20.0,-39.0,45,2023-08-20 18:00:00,Tropical Storm (34-63 knots)
71,AL072023,EMILY,TS,20.3,-39.8,40,2023-08-21 00:00:00,Tropical Storm (34-63 knots)
71,AL072023,EMILY,LO,20.6,-40.6,35,2023-08-21 06:00:00,Low (not tropical/subtropical/extratropical)
71,AL072023,EMILY,LO,21.0,-41.4,35,2023-08-21 12:00:00,Low (not tropical/subtropical/extratropical)
71,AL072023,EMILY,LO,25.3,-47.2,35,2023-08-23 00:00:00,Low (not tropical/subtropical/extratropical)
71,AL072023,EMILY,LO,26.1,-48.4,35,2023-08-23 06:00:00,Low (not tropical/subtropical/extratropical)
71,AL072023,EMILY,LO,26.9,-49.2,35,2023-08-23 12:00:00,Low (not tropical/subtropical/extratropical)
71,AL072023,EMILY,LO,27.8,-49.6,35,2023-08-23 18:00:00,Low (not tropical/subtropical/extratropical)
71,AL072023,EMILY,LO,28.6,-49.6,35,2023-08-24 00:00:00,Low (not tropical/subtropical/extratropical)
71,AL072023,EMILY,LO,29.3,-49.2,35,2023-08-24 06:00:00,Low (not tropical/subtropical/extratropical)
71,AL072023,EMILY,LO,29.8,-48.9,35,2023-08-24 12:00:00,Low (not tropical/subtropical/extratropical)
71,AL082023,FRANKLIN,TS,14.0,-65.2,35,2023-08-20 12:00:00,Tropical Storm (34-63 knots)
71,AL082023,FRANKLIN,TS,14.5,-66.6,40,2023-08-20 18:00:00,Tropical Storm (34-63 knots)
71,AL082023,FRANKLIN,TS,14.8,-67.9,45,2023-08-21 00:00:00,Tropical Storm (34-63 knots)
71,AL082023,FRANKLIN,TS,14.8,-68.8,45,2023-08-21 06:00:00,Tropical Storm (34-63 knots)
71,AL082023,FRANKLIN,TS,14.6,-69.5,45,2023-08-21 12:00:00,Tropical Storm (34-63 knots)
71,AL082023,FRANKLIN,TS,14.1,-70.0,45,2023-08-21 18:00:00,Tropical Storm (34-63 knots)
71,AL082023,FRANKLIN,TS,14.0,-70.4,45,2023-08-22 00:00:00,Tropical Storm (34-63 knots)
71,AL082023,FRANKLIN,TS,14.1,-70.9,40,2023-08-22 06:00:00,Tropical Storm (34-63 knots)
71,AL082023,FRANKLIN,TS,14.8,-71.1,40,2023-08-22 12:00:00,Tropical Storm (34-63 knots)
71,AL082023,FRANKLIN,TS,15.6,-71.3,35,2023-08-22 18:00:00,Tropical Storm (34-63 knots)
71,AL082023,FRANKLIN,TS,16.5,-71.4,35,2023-08-23 00:00:00,Tropical Storm (34-63 knots)
71,AL082023,FRANKLIN,TS,17.3,-71.4,40,2023-08-23 06:00:00,Tropical Storm (34-63 knots)
71,AL082023,FRANKLIN,TS,17.9,-71.2,40,2023-08-23 10:00:00,Tropical Storm (34-63 knots)
71,AL082023,FRANKLIN,TS,18.3,-71.1,40,2023-08-23 12:00:00,Tropical Storm (34-63 knots)
71,AL082023,FRANKLIN,TS,19.4,-70.8,35,2023-08-23 18:00:00,Tropical Storm (34-63 knots)
71,AL082023,FRANKLIN,TS,20.6,-70.6,40,2023-08-24 00:00:00,Tropical Storm (34-63 knots)
71,AL082023,FRANKLIN,TS,21.6,-70.5,45,2023-08-24 06:00:00,Tropical Storm (34-63 knots)
71,AL082023,FRANKLIN,TS,22.0,-70.0,50,2023-08-24 12:00:00,Tropical Storm (34-63 knots)
71,AL082023,FRANKLIN,TS,22.2,-69.3,50,2023-08-24 18:00:00,Tropical Storm (34-63 knots)
71,AL082023,FRANKLIN,TS,22.4,-68.5,50,2023-08-25 00:00:00,Tropical Storm (34-63 knots)
71,AL082023,FRANKLIN,TS,22.2,-68.1,50,2023-08-25 06:00:00,Tropical Storm (34-63 knots)
71,AL082023,FRANKLIN,TS,21.9,-67.9,45,2023-08-25 12:00:00,Tropical Storm (34-63 knots)
71,AL082023,FRANKLIN,TS,21.8,-67.3,45,2023-08-25 18:00:00,Tropical Storm (34-63 knots)
71,AL082023,FRANKLIN,TS,22.2,-66.5,50,2023-08-26 00:00:00,Tropical Storm (34-63 knots)
71,AL082023,FRANKLIN,TS,22.6,-66.0,55,2023-08-26 06:00:00,Tropical Storm (34-63 knots)
71,AL082023,FRANKLIN,HU,23.2,-66.5,65,2023-08-26 12:00:00,Hurricane (>64 knots)
71,AL082023,FRANKLIN,HU,23.5,-67.3,70,2023-08-26 18:00:00,Hurricane (>64 knots)
71,AL082023,FRANKLIN,HU,23.9,-67.9,75,2023-08-27 00:00:00,Hurricane (>64 knots)
71,AL082023,FRANKLIN,HU,24.4,-68.5,75,2023-08-27 06:00:00,Hurricane (>64 knots)
71,AL082023,FRANKLIN,HU,24.9,-69.1,80,2023-08-27 12:00:00,Hurricane (>64 knots)
71,AL082023,FRANKLIN,HU,25.5,-69.7,80,2023-08-27 18:00:00,Hurricane (>64 knots)
71,AL082023,FRANKLIN,HU,26.0,-70.3,85,2023-08-28 00:00:00,Hurricane (>64 knots)
71,AL082023,FRANKLIN,HU,26.7,-70.6,100,2023-08-28 06:00:00,Hurricane (>64 knots)
71,AL082023,FRANKLIN,HU,27.5,-70.9,125,2023-08-28 12:00:00,Hurricane (>64 knots)
71,AL082023,FRANKLIN,HU,28.2,-71.1,125,2023-08-28 18:00:00,Hurricane (>64 knots)
71,AL082023,FRANKLIN,HU,28.9,-71.1,130,2023-08-29 00:00:00,Hurricane (>64 knots)
71,AL082023,FRANKLIN,HU,29.7,-71.0,120,2023-08-29 06:00:00,Hurricane (>64 knots)
71,AL082023,FRANKLIN,HU,30.3,-70.7,115,2023-08-29 12:00:00,Hurricane (>64 knots)
71,AL082023,FRANKLIN,HU,31.1,-70.2,110,2023-08-29 18:00:00,Hurricane (>64 knots)
71,AL082023,FRANKLIN,HU,31.8,-69.5,100,2023-08-30 00:00:00,Hurricane (>64 knots)
71,AL082023,FRANKLIN,HU,32.6,-68.7,95,2023-08-30 06:00:00,Hurricane (>64 knots)
71,AL082023,FRANKLIN,HU,33.2,-67.8,95,2023-08-30 12:00:00,Hurricane (>64 knots)
71,AL082023,FRANKLIN,HU,33.9,-66.7,90,2023-08-30 18:00:00,Hurricane (>64 knots)
71,AL082023,FRANKLIN,HU,34.4,-65.2,90,2023-08-31 00:00:00,Hurricane (>64 knots)
71,AL082023,FRANKLIN,HU,34.7,-63.9,85,2023-08-31 06:00:00,Hurricane (>64 knots)
71,AL082023,FRANKLIN,HU,35.1,-62.6,85,2023-08-31 12:00:00,Hurricane (>64 knots)
71,AL082023,FRANKLIN,HU,35.6,-61.1,80,2023-08-31 18:00:00,Hurricane (>64 knots)
71,AL082023,FRANKLIN,HU,36.4,-59.7,75,2023-09-01 00:00:00,Hurricane (>64 knots)
71,AL082023,FRANKLIN,HU,37.4,-58.2,70,2023-09-01 06:00:00,Hurricane (>64 knots)
71,AL082023,FRANKLIN,HU,38.2,-56.6,65,2023-09-01 12:00:00,Hurricane (>64 knots)
71,AL092023,HAROLD,TS,25.8,-94.3,40,2023-08-22 06:00:00,Tropical Storm (34-63 knots)
71,AL092023,HAROLD,TS,26.8,-96.4,50,2023-08-22 12:00:00,Tropical Storm (34-63 knots)
71,AL092023,HAROLD,TS,27.1,-97.4,50,2023-08-22 15:00:00,Tropical Storm (34-63 knots)
71,AL092023,HAROLD,TS,27.3,-98.3,40,2023-08-22 18:00:00,Tropical Storm (34-63 knots)
71,AL102023,IDALIA,TS,19.9,-86.3,35,2023-08-27 12:00:00,Tropical Storm (34-63 knots)
71,AL102023,IDALIA,TS,19.9,-85.8,40,2023-08-27 18:00:00,Tropical Storm (34-63 knots)
71,AL102023,IDALIA,TS,19.8,-85.4,45,2023-08-28 00:00:00,Tropical Storm (34-63 knots)
71,AL102023,IDALIA,TS,19.9,-85.2,55,2023-08-28 06:00:00,Tropical Storm (34-63 knots)
71,AL102023,IDALIA,TS,20.6,-85.2,55,2023-08-28 12:00:00,Tropical Storm (34-63 knots)
71,AL102023,IDALIA,TS,21.2,-85.2,60,2023-08-28 18:00:00,Tropical Storm (34-63 knots)
71,AL102023,IDALIA,TS,21.8,-85.1,60,2023-08-29 00:00:00,Tropical Storm (34-63 knots)
71,AL102023,IDALIA,HU,22.6,-85.0,65,2023-08-29 06:00:00,Hurricane (>64 knots)
71,AL102023,IDALIA,HU,23.8,-84.8,70,2023-08-29 12:00:00,Hurricane (>64 knots)
71,AL102023,IDALIA,HU,25.3,-84.8,80,2023-08-29 18:00:00,Hurricane (>64 knots)
71,AL102023,IDALIA,HU,26.9,-84.7,90,2023-08-30 00:00:00,Hurricane (>64 knots)
71,AL102023,IDALIA,HU,28.3,-84.5,105,2023-08-30 06:00:00,Hurricane (>64 knots)
71,AL102023,IDALIA,HU,29.1,-84.1,115,2023-08-30 09:00:00,Hurricane (>64 knots)
71,AL102023,IDALIA,HU,29.9,-83.6,100,2023-08-30 11:45:00,Hurricane (>64 knots)
71,AL102023,IDALIA,HU,30.0,-83.5,100,2023-08-30 12:00:00,Hurricane (>64 knots)
71,AL102023,IDALIA,TS,31.5,-82.5,60,2023-08-30 18:00:00,Tropical Storm (34-63 knots)
71,AL102023,IDALIA,TS,32.7,-80.9,50,2023-08-31 00:00:00,Tropical Storm (34-63 knots)
71,AL102023,IDALIA,TS,33.5,-78.9,50,2023-08-31 06:00:00,Tropical Storm (34-63 knots)
71,AL102023,IDALIA,EX,33.7,-77.0,55,2023-08-31 12:00:00,Extratropical Cyclone
71,AL102023,IDALIA,EX,33.6,-74.6,55,2023-08-31 18:00:00,Extratropical Cyclone
71,AL102023,IDALIA,EX,33.4,-72.3,55,2023-09-01 00:00:00,Extratropical Cyclone
71,AL102023,IDALIA,EX,32.7,-70.5,50,2023-09-01 06:00:00,Extratropical Cyclone
71,AL102023,IDALIA,EX,32.3,-68.8,50,2023-09-01 12:00:00,Extratropical Cyclone
71,AL112023,JOSE,TS,28.3,-52.1,35,2023-08-31 00:00:00,Tropical Storm (34-63 knots)
71,AL112023,JOSE,TS,28.6,-52.1,40,2023-08-31 06:00:00,Tropical Storm (34-63 knots)
71,AL112023,JOSE,TS,29.3,-52.1,45,2023-08-31 12:00:00,Tropical Storm (34-63 knots)
71,AL112023,JOSE,TS,30.4,-52.3,50,2023-08-31 18:00:00,Tropical Storm (34-63 knots)
71,AL112023,JOSE,TS,31.6,-52.5,55,2023-09-01 00:00:00,Tropical Storm (34-63 knots)
71,AL112023,JOSE,TS,32.9,-52.4,55,2023-09-01 06:00:00,Tropical Storm (34-63 knots)
71,AL112023,JOSE,TS,34.9,-51.4,50,2023-09-01 12:00:00,Tropical Storm (34-63 knots)
72,AL012025,ANDREA,LO,33.3,-55.1,35,2025-06-23 12:00:00,Low (not tropical/subtropical/extratropical)
72,AL012025,ANDREA,LO,33.9,-54.0,35,2025-06-23 18:00:00,Low (not tropical/subtropical/extratropical)
73,AL052023,DON,TS,44.7,-47.3,50,2023-07-23 18:00:00,Tropical Storm (34-63 knots)
73,AL052023,DON,TS,45.9,-45.7,45,2023-07-24 00:00:00,Tropical Storm (34-63 knots)
73,AL052023,DON,LO,46.7,-44.1,40,2023-07-24 06:00:00,Low (not tropical/subtropical/extratropical)
73,AL052023,DON,LO,47.3,-41.9,40,2023-07-24 12:00:00,Low (not tropical/subtropical/extratropical)
73,AL052023,DON,LO,47.8,-39.7,40,2023-07-24 18:00:00,Low (not tropical/subtropical/extratropical)
73,AL052023,DON,LO,48.5,-36.8,35,2023-07-25 00:00:00,Low (not tropical/subtropical/extratropical)
73,AL052023,DON,LO,49.1,-33.7,35,2023-07-25 06:00:00,Low (not tropical/subtropical/extratropical)
75,AL152021,ODETTE,EX,40.2,-40.1,45,2021-09-22 00:00:00,Extratropical Cyclone
75,AL152021,ODETTE,EX,41.3,-39.9,45,2021-09-22 06:00:00,Extratropical Cyclone
75,AL152021,ODETTE,EX,42.4,-40.2,45,2021-09-22 12:00:00,Extratropical Cyclone
75,AL152021,ODETTE,EX,43.5,-40.8,40,2021-09-22 18:00:00,Extratropical Cyclone
75,AL152021,ODETTE,EX,44.1,-41.2,40,2021-09-23 00:00:00,Extratropical Cyclone
75,AL152021,ODETTE,EX,44.2,-41.8,40,2021-09-23 06:00:00,Extratropical Cyclone
75,AL152021,ODETTE,EX,44.1,-42.4,40,2021-09-23 12:00:00,Extratropical Cyclone
75,AL152021,ODETTE,EX,43.8,-42.0,35,2021-09-23 18:00:00,Extratropical Cyclone
75,AL152021,ODETTE,EX,44.1,-41.4,35,2021-09-24 00:00:00,Extratropical Cyclone
75,AL152021,ODETTE,EX,44.1,-41.0,35,2021-09-24 06:00:00,Extratropical Cyclone
75,AL152021,ODETTE,EX,43.6,-40.5,35,2021-09-24 12:00:00,Extratropical Cyclone
75,AL152021,ODETTE,LO,42.7,-40.0,35,2021-09-24 18:00:00,Low (not tropical/subtropical/extratropical)
75,AL152021,ODETTE,LO,41.6,-39.4,35,2021-09-25 00:00:00,Low (not tropical/subtropical/extratropical)
75,AL152021,ODETTE,LO,40.3,-38.7,35,2021-09-25 06:00:00,Low (not tropical/subtropical/extratropical)
75,AL152021,ODETTE,LO,38.9,-38.0,35,2021-09-25 12:00:00,Low (not tropical/subtropical/extratropical)
75,AL152021,ODETTE,LO,37.3,-38.1,35,2021-09-25 18:00:00,Low (not tropical/subtropical/extratropical)
75,AL152021,ODETTE,LO,35.8,-38.6,35,2021-09-26 00:00:00,Low (not tropical/subtropical/extratropical)
75,AL172021,ROSE,TS,22.7,-37.7,35,2021-09-22 00:00:00,Tropical Storm (34-63 knots)
75,AL182021,SAM,TS,10.4,-36.0,35,2021-09-23 06:00:00,Tropical Storm (34-63 knots)
75,AL182021,SAM,TS,10.7,-37.6,45,2021-09-23 12:00:00,Tropical Storm (34-63 knots)
75,AL182021,SAM,TS,10.9,-39.0,50,2021-09-23 18:00:00,Tropical Storm (34-63 knots)
75,AL182021,SAM,TS,11.1,-40.3,60,2021-09-24 00:00:00,Tropical Storm (34-63 knots)
75,AL182021,SAM,HU,11.4,-41.6,65,2021-09-24 06:00:00,Hurricane (>64 knots)
75,AL182021,SAM,HU,11.6,-43.0,65,2021-09-24 12:00:00,Hurricane (>64 knots)
75,AL182021,SAM,HU,11.9,-44.3,70,2021-09-24 18:00:00,Hurricane (>64 knots)
75,AL182021,SAM,HU,12.3,-45.4,85,2021-09-25 00:00:00,Hurricane (>64 knots)
75,AL182021,SAM,HU,12.6,-46.3,95,2021-09-25 06:00:00,Hurricane (>64 knots)
75,AL182021,SAM,HU,12.8,-47.2,105,2021-09-25 12:00:00,Hurricane (>64 knots)
75,AL182021,SAM,HU,13.1,-48.1,115,2021-09-25 18:00:00,Hurricane (>64 knots)
75,AL182021,SAM,HU,13.4,-48.8,130,2021-09-26 00:00:00,Hurricane (>64 knots)
75,AL182021,SAM,HU,13.6,-49.4,130,2021-09-26 06:00:00,Hurricane (>64 knots)
75,AL182021,SAM,HU,13.8,-50.0,130,2021-09-26 12:00:00,Hurricane (>64 knots)
75,AL182021,SAM,HU,14.1,-50.3,135,2021-09-26 18:00:00,Hurricane (>64 knots)
75,AL182021,SAM,HU,14.5,-50.6,130,2021-09-27 00:00:00,Hurricane (>64 knots)
75,AL182021,SAM,HU,15.0,-51.1,115,2021-09-27 06:00:00,Hurricane (>64 knots)
75,AL182021,SAM,HU,15.4,-51.7,105,2021-09-27 12:00:00,Hurricane (>64 knots)
75,AL182021,SAM,HU,15.9,-52.3,105,2021-09-27 18:00:00,Hurricane (>64 knots)
75,AL182021,SAM,HU,16.5,-52.9,105,2021-09-28 00:00:00,Hurricane (>64 knots)
75,AL182021,SAM,HU,16.9,-53.5,115,2021-09-28 06:00:00,Hurricane (>64 knots)
75,AL182021,SAM,HU,17.3,-54.1,115,2021-09-28 12:00:00,Hurricane (>64 knots)
75,AL182021,SAM,HU,17.7,-54.7,115,2021-09-28 18:00:00,Hurricane (>64 knots)
75,AL182021,SAM,HU,18.1,-55.3,115,2021-09-29 00:00:00,Hurricane (>64 knots)
75,AL182021,SAM,HU,18.6,-55.9,115,2021-09-29 06:00:00,Hurricane (>64 knots)
75,AL182021,SAM,HU,19.1,-56.6,115,2021-09-29 12:00:00,Hurricane (>64 knots)
75,AL182021,SAM,HU,19.7,-57.3,115,2021-09-29 18:00:00,Hurricane (>64 knots)
75,AL182021,SAM,HU,20.3,-58.0,125,2021-09-30 00:00:00,Hurricane (>64 knots)
75,AL182021,SAM,HU,21.0,-58.8,125,2021-09-30 06:00:00,Hurricane (>64 knots)
75,AL182021,SAM,HU,22.0,-59.6,125,2021-09-30 12:00:00,Hurricane (>64 knots)
75,AL182021,SAM,HU,23.0,-60.4,125,2021-09-30 18:00:00,Hurricane (>64 knots)
75,AL182021,SAM,HU,24.3,-61.0,125,2021-10-01 00:00:00,Hurricane (>64 knots)
75,AL182021,SAM,HU,25.8,-61.6,130,2021-10-01 06:00:00,Hurricane (>64 knots)
75,AL182021,SAM,HU,27.4,-61.9,130,2021-10-01 12:00:00,Hurricane (>64 knots)
75,AL182021,SAM,HU,29.2,-61.9,130,2021-10-01 18:00:00,Hurricane (>64 knots)
75,AL182021,SAM,HU,30.8,-61.5,125,2021-10-02 00:00:00,Hurricane (>64 knots)
75,AL182021,SAM,HU,32.1,-61.0,120,2021-10-02 06:00:00,Hurricane (>64 knots)
75,AL182021,SAM,HU,33.4,-60.1,115,2021-10-02 12:00:00,Hurricane (>64 knots)
75,AL182021,SAM,HU,34.7,-59.1,110,2021-10-02 18:00:00,Hurricane (>64 knots)
75,AL182021,SAM,HU,35.8,-57.9,100,2021-10-03 00:00:00,Hurricane (>64 knots)
75,AL182021,SAM,HU,36.7,-56.6,90,2021-10-03 06:00:00,Hurricane (>64 knots)
75,AL182021,SAM,HU,37.3,-55.4,85,2021-10-03 12:00:00,Hurricane (>64 knots)
75,AL182021,SAM,HU,38.0,-53.9,85,2021-10-03 18:00:00,Hurricane (>64 knots)
75,AL182021,SAM,HU,38.7,-52.2,90,2021-10-04 00:00:00,Hurricane (>64 knots)
75,AL182021,SAM,HU,39.9,-49.9,90,2021-10-04 06:00:00,Hurricane (>64 knots)
75,AL182021,SAM,HU,41.4,-47.1,85,2021-10-04 12:00:00,Hurricane (>64 knots)
75,AL182021,SAM,HU,43.8,-43.6,80,2021-10-04 18:00:00,Hurricane (>64 knots)
75,AL182021,SAM,HU,46.5,-40.5,75,2021-10-05 00:00:00,Hurricane (>64 knots)
75,AL182021,SAM,EX,49.4,-39.7,70,2021-10-05 06:00:00,Extratropical Cyclone
75,AL182021,SAM,EX,52.2,-39.6,65,2021-10-05 12:00:00,Extratropical Cyclone
75,AL182021,SAM,EX,50.6,-42.1,65,2021-10-05 18:00:00,Extratropical Cyclone
75,AL182021,SAM,EX,49.9,-38.9,60,2021-10-06 00:00:00,Extratropical Cyclone
75,AL182021,SAM,EX,50.5,-35.5,55,2021-10-06 06:00:00,Extratropical Cyclone
75,AL182021,SAM,EX,51.5,-32.4,50,2021-10-06 12:00:00,Extratropical Cyclone
75,AL182021,SAM,EX,53.1,-29.0,45,2021-10-06 18:00:00,Extratropical Cyclone
75,AL182021,SAM,EX,55.2,-25.4,45,2021-10-07 00:00:00,Extratropical Cyclone
75,AL182021,SAM,EX,58.1,-22.3,40,2021-10-07 06:00:00,Extratropical Cyclone
75,AL192021,TERESA,SS,32.8,-62.9,35,2021-09-24 12:00:00,Subtropical Storm (>34 knots)
75,AL192021,TERESA,SS,33.6,-64.1,40,2021-09-24 18:00:00,Subtropical Storm (>34 knots)
75,AL192021,TERESA,SS,34.1,-65.0,40,2021-09-25 00:00:00,Subtropical Storm (>34 knots)
75,AL192021,TERESA,SS,34.3,-65.5,35,2021-09-25 06:00:00,Subtropical Storm (>34 knots)
75,AL202021,VICTOR,TS,8.1,-25.1,35,2021-09-29 18:00:00,Tropical Storm (34-63 knots)
75,AL202021,VICTOR,TS,8.3,-26.0,35,2021-09-30 00:00:00,Tropical Storm (34-63 knots)
75,AL202021,VICTOR,TS,8.7,-27.1,40,2021-09-30 06:00:00,Tropical Storm (34-63 knots)
75,AL202021,VICTOR,TS,9.2,-28.4,40,2021-09-30 12:00:00,Tropical Storm (34-63 knots)
75,AL202021,VICTOR,TS,9.8,-29.5,45,2021-09-30 18:00:00,Tropical Storm (34-63 knots)
75,AL202021,VICTOR,TS,10.5,-30.6,50,2021-10-01 00:00:00,Tropical Storm (34-63 knots)
75,AL202021,VICTOR,TS,11.0,-31.8,50,2021-10-01 06:00:00,Tropical Storm (34-63 knots)
75,AL202021,VICTOR,TS,11.4,-33.0,55,2021-10-01 12:00:00,Tropical Storm (34-63 knots)
75,AL202021,VICTOR,TS,11.8,-33.9,55,2021-10-01 18:00:00,Tropical Storm (34-63 knots)
75,AL202021,VICTOR,TS,12.1,-34.9,50,2021-10-02 00:00:00,Tropical Storm (34-63 knots)
75,AL202021,VICTOR,TS,12.5,-35.8,45,2021-10-02 06:00:00,Tropical Storm (34-63 knots)
75,AL202021,VICTOR,TS,12.7,-36.7,35,2021-10-02 12:00:00,Tropical Storm (34-63 knots)
78,AL012022,ALEX,DB,21.9,-87.1,35,2022-06-03 06:00:00,Disturbance
78,AL012022,ALEX,DB,22.2,-86.9,35,2022-06-03 12:00:00,Disturbance
78,AL012022,ALEX,DB,22.8,-86.3,35,2022-06-03 18:00:00,Disturbance
78,AL012022,ALEX,DB,23.9,-85.1,35,2022-06-04 00:00:00,Disturbance
78,AL012022,ALEX,DB,25.0,-83.7,35,2022-06-04 06:00:00,Disturbance
78,AL012022,ALEX,DB,26.2,-82.0,35,2022-06-04 12:00:00,Disturbance
78,AL012022,ALEX,DB,27.2,-80.4,40,2022-06-04 18:00:00,Disturbance
78,AL012022,ALEX,TS,28.0,-78.8,40,2022-06-05 00:00:00,Tropical Storm (34-63 knots)
78,AL012022,ALEX,TS,28.8,-77.2,45,2022-06-05 06:00:00,Tropical Storm (34-63 knots)
78,AL012022,ALEX,TS,29.9,-75.0,50,2022-06-05 12:00:00,Tropical Storm (34-63 knots)
78,AL012022,ALEX,TS,31.0,-72.5,60,2022-06-05 18:00:00,Tropical Storm (34-63 knots)
78,AL012022,ALEX,TS,32.1,-70.2,60,2022-06-06 00:00:00,Tropical Storm (34-63 knots)
78,AL012022,ALEX,TS,33.0,-67.8,55,2022-06-06 06:00:00,Tropical Storm (34-63 knots)
78,AL012022,ALEX,LO,33.8,-65.2,55,2022-06-06 12:00:00,Low (not tropical/subtropical/extratropical)
78,AL012022,ALEX,LO,34.7,-62.2,50,2022-06-06 18:00:00,Low (not tropical/subtropical/extratropical)
79,AL212021,WANDA,EX,32.5,-76.3,35,2021-10-25 18:00:00,Extratropical Cyclone
79,AL212021,WANDA,EX,34.2,-74.1,45,2021-10-26 00:00:00,Extratropical Cyclone
79,AL212021,WANDA,EX,35.9,-71.3,45,2021-10-26 06:00:00,Extratropical Cyclone
79,AL212021,WANDA,EX,37.7,-69.1,50,2021-10-26 12:00:00,Extratropical Cyclone
79,AL212021,WANDA,EX,39.5,-68.2,55,2021-10-26 18:00:00,Extratropical Cyclone
79,AL212021,WANDA,EX,40.8,-67.6,60,2021-10-27 00:00:00,Extratropical Cyclone
79,AL212021,WANDA,EX,41.4,-69.4,60,2021-10-27 06:00:00,Extratropical Cyclone
79,AL212021,WANDA,EX,39.9,-70.1,55,2021-10-27 12:00:00,Extratropical Cyclone
79,AL212021,WANDA,EX,38.7,-68.5,50,2021-10-27 18:00:00,Extratropical Cyclone
79,AL212021,WANDA,EX,39.0,-65.9,45,2021-10-28 00:00:00,Extratropical Cyclone
79,AL212021,WANDA,EX,39.4,-63.9,45,2021-10-28 06:00:00,Extratropical Cyclone
79,AL212021,WANDA,EX,39.8,-61.9,45,2021-10-28 12:00:00,Extratropical Cyclone
79,AL212021,WANDA,EX,40.2,-59.8,45,2021-10-28 18:00:00,Extratropical Cyclone
81,AL152022,LISA,LO,15.7,-73.3,35,2022-10-30 18:00:00,Low (not tropical/subtropical/extratropical)
81,AL152022,LISA,LO,15.7,-74.4,35,2022-10-31 00:00:00,Low (not tropical/subtropical/extratropical)
81,AL152022,LISA,LO,15.6,-75.5,35,2022-10-31 06:00:00,Low (not tropical/subtropical/extratropical)
81,AL152022,LISA,TS,15.5,-76.7,35,2022-10-31 12:00:00,Tropical Storm (34-63 knots)
81,AL152022,LISA,TS,15.5,-77.8,40,2022-10-31 18:00:00,Tropical Storm (34-63 knots)
81,AL152022,LISA,TS,15.6,-78.8,40,2022-11-01 00:00:00,Tropical Storm (34-63 knots)
81,AL152022,LISA,TS,15.9,-79.9,40,2022-11-01 06:00:00,Tropical Storm (34-63 knots)
81,AL152022,LISA,TS,16.2,-81.2,45,2022-11-01 12:00:00,Tropical Storm (34-63 knots)
81,AL152022,LISA,TS,16.5,-82.5,50,2022-11-01 18:00:00,Tropical Storm (34-63 knots)
81,AL152022,LISA,TS,16.7,-84.1,55,2022-11-02 00:00:00,Tropical Storm (34-63 knots)
81,AL152022,LISA,TS,17.0,-85.5,60,2022-11-02 06:00:00,Tropical Storm (34-63 knots)
81,AL152022,LISA,HU,17.1,-86.7,70,2022-11-02 12:00:00,Hurricane (>64 knots)
81,AL152022,LISA,HU,17.3,-87.7,75,2022-11-02 18:00:00,Hurricane (>64 knots)
81,AL152022,LISA,HU,17.4,-88.3,80,2022-11-02 21:30:00,Hurricane (>64 knots)
81,AL152022,LISA,HU,17.5,-88.6,65,2022-11-03 00:00:00,Hurricane (>64 knots)
81,AL152022,LISA,TS,17.7,-89.6,45,2022-11-03 06:00:00,Tropical Storm (34-63 knots)
81,AL162022,MARTIN,EX,34.2,-64.0,40,2022-10-30 18:00:00,Extratropical Cyclone
81,AL162022,MARTIN,EX,34.6,-63.1,45,2022-10-31 00:00:00,Extratropical Cyclone
81,AL162022,MARTIN,EX,34.9,-62.2,45,2022-10-31 06:00:00,Extratropical Cyclone
81,AL162022,MARTIN,EX,35.0,-61.6,40,2022-10-31 12:00:00,Extratropical Cyclone
81,AL162022,MARTIN,EX,35.0,-60.9,40,2022-10-31 18:00:00,Extratropical Cyclone
81,AL162022,MARTIN,EX,35.1,-59.6,35,2022-11-01 00:00:00,Extratropical Cyclone
81,AL162022,MARTIN,EX,35.2,-57.9,35,2022-11-01 06:00:00,Extratropical Cyclone
81,AL162022,MARTIN,TS,35.3,-56.7,40,2022-11-01 12:00:00,Tropical Storm (34-63 knots)
81,AL162022,MARTIN,TS,35.3,-55.4,45,2022-11-01 18:00:00,Tropical Storm (34-63 knots)
81,AL162022,MARTIN,TS,35.1,-54.2,50,2022-11-02 00:00:00,Tropical Storm (34-63 knots)
81,AL162022,MARTIN,TS,35.0,-53.0,55,2022-11-02 06:00:00,Tropical Storm (34-63 knots)
81,AL162022,MARTIN,HU,35.1,-50.9,65,2022-11-02 12:00:00,Hurricane (>64 knots)
81,AL162022,MARTIN,HU,36.1,-48.9,75,2022-11-02 18:00:00,Hurricane (>64 knots)
81,AL162022,MARTIN,HU,38.0,-46.4,75,2022-11-03 00:00:00,Hurricane (>64 knots)
81,AL162022,MARTIN,HU,40.3,-43.6,75,2022-11-03 06:00:00,Hurricane (>64 knots)
81,AL162022,MARTIN,EX,43.7,-38.8,75,2022-11-03 12:00:00,Extratropical Cyclone
81,AL162022,MARTIN,EX,49.0,-35.3,75,2022-11-03 18:00:00,Extratropical Cyclone
81,AL162022,MARTIN,EX,52.7,-38.0,70,2022-11-04 00:00:00,Extratropical Cyclone
81,AL162022,MARTIN,EX,54.7,-37.7,65,2022-11-04 06:00:00,Extratropical Cyclone
81,AL162022,MARTIN,EX,55.8,-37.2,60,2022-11-04 12:00:00,Extratropical Cyclone
81,AL162022,MARTIN,EX,56.5,-36.5,55,2022-11-04 18:00:00,Extratropical Cyclone
81,AL172022,NICOLE,LO,22.4,-66.8,35,2022-11-06 18:00:00,Low (not tropical/subtropical/extratropical)
81,AL172022,NICOLE,LO,23.9,-67.5,35,2022-11-07 00:00:00,Low (not tropical/subtropical/extratropical)
81,AL172022,NICOLE,SS,25.2,-68.2,40,2022-11-07 06:00:00,Subtropical Storm (>34 knots)
81,AL172022,NICOLE,SS,25.9,-69.3,40,2022-11-07 12:00:00,Subtropical Storm (>34 knots)
81,AL172022,NICOLE,SS,26.4,-70.3,40,2022-11-07 18:00:00,Subtropical Storm (>34 knots)
81,AL172022,NICOLE,SS,26.8,-70.7,40,2022-11-08 00:00:00,Subtropical Storm (>34 knots)
81,AL172022,NICOLE,SS,27.5,-71.2,40,2022-11-08 06:00:00,Subtropical Storm (>34 knots)
81,AL172022,NICOLE,SS,27.7,-72.1,45,2022-11-08 12:00:00,Subtropical Storm (>34 knots)
81,AL172022,NICOLE,TS,27.6,-73.3,50,2022-11-08 18:00:00,Tropical Storm (34-63 knots)
81,AL172022,NICOLE,TS,27.2,-74.3,60,2022-11-09 00:00:00,Tropical Storm (34-63 knots)
81,AL172022,NICOLE,TS,26.8,-75.3,60,2022-11-09 06:00:00,Tropical Storm (34-63 knots)
81,AL172022,NICOLE,TS,26.5,-76.2,55,2022-11-09 12:00:00,Tropical Storm (34-63 knots)
81,AL172022,NICOLE,TS,26.5,-77.1,60,2022-11-09 17:00:00,Tropical Storm (34-63 knots)
81,AL172022,NICOLE,TS,26.5,-77.3,60,2022-11-09 18:00:00,Tropical Storm (34-63 knots)
81,AL172022,NICOLE,HU,26.6,-78.2,65,2022-11-09 23:00:00,Hurricane (>64 knots)
81,AL172022,NICOLE,HU,26.7,-78.4,65,2022-11-10 00:00:00,Hurricane (>64 knots)
81,AL172022,NICOLE,HU,27.3,-79.8,65,2022-11-10 06:00:00,Hurricane (>64 knots)
81,AL172022,NICOLE,HU,27.6,-80.3,65,2022-11-10 07:45:00,Hurricane (>64 knots)
81,AL172022,NICOLE,TS,28.0,-81.6,55,2022-11-10 12:00:00,Tropical Storm (34-63 knots)
81,AL172022,NICOLE,TS,29.0,-82.8,40,2022-11-10 18:00:00,Tropical Storm (34-63 knots)
81,AL172022,NICOLE,TS,29.2,-83.0,40,2022-11-10 19:00:00,Tropical Storm (34-63 knots)
81,AL172022,NICOLE,TS,30.1,-84.0,35,2022-11-11 00:00:00,Tropical Storm (34-63 knots)
83,AL152021,ODETTE,EX,45.0,-51.6,55,2021-09-20 06:00:00,Extratropical Cyclone
83,AL152021,ODETTE,EX,44.7,-49.7,50,2021-09-20 12:00:00,Extratropical Cyclone
83,AL152021,ODETTE,EX,44.2,-48.1,50,2021-09-20 18:00:00,Extratropical Cyclone
83,AL152021,ODETTE,EX,43.2,-46.6,50,2021-09-21 00:00:00,Extratropical Cyclone
83,AL152021,ODETTE,EX,41.8,-45.4,50,2021-09-21 06:00:00,Extratropical Cyclone
83,AL152021,ODETTE,EX,40.4,-43.8,45,2021-09-21 12:00:00,Extratropical Cyclone
83,AL152021,ODETTE,EX,39.9,-41.9,45,2021-09-21 18:00:00,Extratropical Cyclone
83,AL152021,ODETTE,EX,40.2,-40.1,45,2021-09-22 00:00:00,Extratropical Cyclone
83,AL152021,ODETTE,EX,41.3,-39.9,45,2021-09-22 06:00:00,Extratropical Cyclone
83,AL152021,ODETTE,EX,42.4,-40.2,45,2021-09-22 12:00:00,Extratropical Cyclone
83,AL152021,ODETTE,EX,43.5,-40.8,40,2021-09-22 18:00:00,Extratropical Cyclone
83,AL152021,ODETTE,EX,44.1,-41.2,40,2021-09-23 00:00:00,Extratropical Cyclone
83,AL152021,ODETTE,EX,44.2,-41.8,40,2021-09-23 06:00:00,Extratropical Cyclone
83,AL152021,ODETTE,EX,44.1,-42.4,40,2021-09-23 12:00:00,Extratropical Cyclone
83,AL152021,ODETTE,EX,43.8,-42.0,35,2021-09-23 18:00:00,Extratropical Cyclone
83,AL152021,ODETTE,EX,44.1,-41.4,35,2021-09-24 00:00:00,Extratropical Cyclone
83,AL152021,ODETTE,EX,44.1,-41.0,35,2021-09-24 06:00:00,Extratropical Cyclone
83,AL152021,ODETTE,EX,43.6,-40.5,35,2021-09-24 12:00:00,Extratropical Cyclone
83,AL152021,ODETTE,LO,42.7,-40.0,35,2021-09-24 18:00:00,Low (not tropical/subtropical/extratropical)
83,AL152021,ODETTE,LO,41.6,-39.4,35,2021-09-25 00:00:00,Low (not tropical/subtropical/extratropical)
83,AL152021,ODETTE,LO,40.3,-38.7,35,2021-09-25 06:00:00,Low (not tropical/subtropical/extratropical)
83,AL152021,ODETTE,LO,38.9,-38.0,35,2021-09-25 12:00:00,Low (not tropical/subtropical/extratropical)
83,AL152021,ODETTE,LO,37.3,-38.1,35,2021-09-25 18:00:00,Low (not tropical/subtropical/extratropical)
83,AL152021,ODETTE,LO,35.8,-38.6,35,2021-09-26 00:00:00,Low (not tropical/subtropical/extratropical)
83,AL162021,PETER,TS,18.8,-59.0,45,2021-09-20 06:00:00,Tropical Storm (34-63 knots)
83,AL162021,PETER,TS,19.2,-60.1,45,2021-09-20 12:00:00,Tropical Storm (34-63 knots)
83,AL162021,PETER,TS,19.5,-61.2,45,2021-09-20 18:00:00,Tropical Storm (34-63 knots)
83,AL162021,PETER,TS,19.6,-62.3,45,2021-09-21 00:00:00,Tropical Storm (34-63 knots)
83,AL162021,PETER,TS,19.6,-63.2,40,2021-09-21 06:00:00,Tropical Storm (34-63 knots)
83,AL162021,PETER,TS,19.8,-64.0,35,2021-09-21 12:00:00,Tropical Storm (34-63 knots)
83,AL172021,ROSE,TS,15.6,-31.8,35,2021-09-20 06:00:00,Tropical Storm (34-63 knots)
83,AL172021,ROSE,TS,16.7,-32.9,35,2021-09-20 12:00:00,Tropical Storm (34-63 knots)
83,AL172021,ROSE,TS,17.7,-34.1,40,2021-09-20 18:00:00,Tropical Storm (34-63 knots)
83,AL172021,ROSE,TS,18.8,-35.3,50,2021-09-21 00:00:00,Tropical Storm (34-63 knots)
83,AL172021,ROSE,TS,20.0,-36.1,40,2021-09-21 06:00:00,Tropical Storm (34-63 knots)
83,AL172021,ROSE,TS,21.1,-36.7,35,2021-09-21 12:00:00,Tropical Storm (34-63 knots)
83,AL172021,ROSE,TS,22.1,-37.3,35,2021-09-21 18:00:00,Tropical Storm (34-63 knots)
83,AL172021,ROSE,TS,22.7,-37.7,35,2021-09-22 00:00:00,Tropical Storm (34-63 knots)
83,AL182021,SAM,TS,10.4,-36.0,35,2021-09-23 06:00:00,Tropical Storm (34-63 knots)
83,AL182021,SAM,TS,10.7,-37.6,45,2021-09-23 12:00:00,Tropical Storm (34-63 knots)
83,AL182021,SAM,TS,10.9,-39.0,50,2021-09-23 18:00:00,Tropical Storm (34-63 knots)
83,AL182021,SAM,TS,11.1,-40.3,60,2021-09-24 00:00:00,Tropical Storm (34-63 knots)
83,AL182021,SAM,HU,11.4,-41.6,65,2021-09-24 06:00:00,Hurricane (>64 knots)
83,AL182021,SAM,HU,11.6,-43.0,65,2021-09-24 12:00:00,Hurricane (>64 knots)
83,AL182021,SAM,HU,11.9,-44.3,70,2021-09-24 18:00:00,Hurricane (>64 knots)
83,AL182021,SAM,HU,12.3,-45.4,85,2021-09-25 00:00:00,Hurricane (>64 knots)
83,AL182021,SAM,HU,12.6,-46.3,95,2021-09-25 06:00:00,Hurricane (>64 knots)
83,AL182021,SAM,HU,12.8,-47.2,105,2021-09-25 12:00:00,Hurricane (>64 knots)
83,AL182021,SAM,HU,13.1,-48.1,115,2021-09-25 18:00:00,Hurricane (>64 knots)
83,AL182021,SAM,HU,13.4,-48.8,130,2021-09-26 00:00:00,Hurricane (>64 knots)
83,AL182021,SAM,HU,13.6,-49.4,130,2021-09-26 06:00:00,Hurricane (>64 knots)
83,AL182021,SAM,HU,13.8,-50.0,130,2021-09-26 12:00:00,Hurricane (>64 knots)
83,AL182021,SAM,HU,14.1,-50.3,135,2021-09-26 18:00:00,Hurricane (>64 knots)
83,AL182021,SAM,HU,14.5,-50.6,130,2021-09-27 00:00:00,Hurricane (>64 knots)
83,AL182021,SAM,HU,15.0,-51.1,115,2021-09-27 06:00:00,Hurricane (>64 knots)
83,AL182021,SAM,HU,15.4,-51.7,105,2021-09-27 12:00:00,Hurricane (>64 knots)
83,AL182021,SAM,HU,15.9,-52.3,105,2021-09-27 18:00:00,Hurricane (>64 knots)
83,AL182021,SAM,HU,16.5,-52.9,105,2021-09-28 00:00:00,Hurricane (>64 knots)
83,AL182021,SAM,HU,16.9,-53.5,115,2021-09-28 06:00:00,Hurricane (>64 knots)
83,AL182021,SAM,HU,17.3,-54.1,115,2021-09-28 12:00:00,Hurricane (>64 knots)
83,AL182021,SAM,HU,17.7,-54.7,115,2021-09-28 18:00:00,Hurricane (>64 knots)
83,AL182021,SAM,HU,18.1,-55.3,115,2021-09-29 00:00:00,Hurricane (>64 knots)
83,AL182021,SAM,HU,18.6,-55.9,115,2021-09-29 06:00:00,Hurricane (>64 knots)
83,AL182021,SAM,HU,19.1,-56.6,115,2021-09-29 12:00:00,Hurricane (>64 knots)
83,AL182021,SAM,HU,19.7,-57.3,115,2021-09-29 18:00:00,Hurricane (>64 knots)
83,AL182021,SAM,HU,20.3,-58.0,125,2021-09-30 00:00:00,Hurricane (>64 knots)
83,AL182021,SAM,HU,21.0,-58.8,125,2021-09-30 06:00:00,Hurricane (>64 knots)
83,AL182021,SAM,HU,22.0,-59.6,125,2021-09-30 12:00:00,Hurricane (>64 knots)
83,AL182021,SAM,HU,23.0,-60.4,125,2021-09-30 18:00:00,Hurricane (>64 knots)
83,AL182021,SAM,HU,24.3,-61.0,125,2021-10-01 00:00:00,Hurricane (>64 knots)
83,AL182021,SAM,HU,25.8,-61.6,130,2021-10-01 06:00:00,Hurricane (>64 knots)
83,AL182021,SAM,HU,27.4,-61.9,130,2021-10-01 12:00:00,Hurricane (>64 knots)
83,AL182021,SAM,HU,29.2,-61.9,130,2021-10-01 18:00:00,Hurricane (>64 knots)
83,AL182021,SAM,HU,30.8,-61.5,125,2021-10-02 00:00:00,Hurricane (>64 knots)
83,AL182021,SAM,HU,32.1,-61.0,120,2021-10-02 06:00:00,Hurricane (>64 knots)
83,AL182021,SAM,HU,33.4,-60.1,115,2021-10-02 12:00:00,Hurricane (>64 knots)
83,AL182021,SAM,HU,34.7,-59.1,110,2021-10-02 18:00:00,Hurricane (>64 knots)
83,AL182021,SAM,HU,35.8,-57.9,100,2021-10-03 00:00:00,Hurricane (>64 knots)
83,AL182021,SAM,HU,36.7,-56.6,90,2021-10-03 06:00:00,Hurricane (>64 knots)
83,AL182021,SAM,HU,37.3,-55.4,85,2021-10-03 12:00:00,Hurricane (>64 knots)
83,AL182021,SAM,HU,38.0,-53.9,85,2021-10-03 18:00:00,Hurricane (>64 knots)
83,AL182021,SAM,HU,38.7,-52.2,90,2021-10-04 00:00:00,Hurricane (>64 knots)
83,AL182021,SAM,HU,39.9,-49.9,90,2021-10-04 06:00:00,Hurricane (>64 knots)
83,AL182021,SAM,HU,41.4,-47.1,85,2021-10-04 12:00:00,Hurricane (>64 knots)
83,AL182021,SAM,HU,43.8,-43.6,80,2021-10-04 18:00:00,Hurricane (>64 knots)
83,AL182021,SAM,HU,46.5,-40.5,75,2021-10-05 00:00:00,Hurricane (>64 knots)
83,AL182021,SAM,EX,49.4,-39.7,70,2021-10-05 06:00:00,Extratropical Cyclone
83,AL182021,SAM,EX,52.2,-39.6,65,2021-10-05 12:00:00,Extratropical Cyclone
83,AL182021,SAM,EX,50.6,-42.1,65,2021-10-05 18:00:00,Extratropical Cyclone
83,AL182021,SAM,EX,49.9,-38.9,60,2021-10-06 00:00:00,Extratropical Cyclone
83,AL182021,SAM,EX,50.5,-35.5,55,2021-10-06 06:00:00,Extratropical Cyclone
83,AL182021,SAM,EX,51.5,-32.4,50,2021-10-06 12:00:00,Extratropical Cyclone
83,AL182021,SAM,EX,53.1,-29.0,45,2021-10-06 18:00:00,Extratropical Cyclone
83,AL182021,SAM,EX,55.2,-25.4,45,2021-10-07 00:00:00,Extratropical Cyclone
83,AL182021,SAM,EX,58.1,-22.3,40,2021-10-07 06:00:00,Extratropical Cyclone
83,AL192021,TERESA,SS,32.8,-62.9,35,2021-09-24 12:00:00,Subtropical Storm (>34 knots)
83,AL192021,TERESA,SS,33.6,-64.1,40,2021-09-24 18:00:00,Subtropical Storm (>34 knots)
83,AL192021,TERESA,SS,34.1,-65.0,40,2021-09-25 00:00:00,Subtropical Storm (>34 knots)
83,AL192021,TERESA,SS,34.3,-65.5,35,2021-09-25 06:00:00,Subtropical Storm (>34 knots)
83,AL202021,VICTOR,TS,8.1,-25.1,35,2021-09-29 18:00:00,Tropical Storm (34-63 knots)
83,AL202021,VICTOR,TS,8.3,-26.0,35,2021-09-30 00:00:00,Tropical Storm (34-63 knots)
83,AL202021,VICTOR,TS,8.7,-27.1,40,2021-09-30 06:00:00,Tropical Storm (34-63 knots)
83,AL202021,VICTOR,TS,9.2,-28.4,40,2021-09-30 12:00:00,Tropical Storm (34-63 knots)
83,AL202021,VICTOR,TS,9.8,-29.5,45,2021-09-30 18:00:00,Tropical Storm (34-63 knots)
83,AL202021,VICTOR,TS,10.5,-30.6,50,2021-10-01 00:00:00,Tropical Storm (34-63 knots)
83,AL202021,VICTOR,TS,11.0,-31.8,50,2021-10-01 06:00:00,Tropical Storm (34-63 knots)
83,AL202021,VICTOR,TS,11.4,-33.0,55,2021-10-01 12:00:00,Tropical Storm (34-63 knots)
83,AL202021,VICTOR,TS,11.8,-33.9,55,2021-10-01 18:00:00,Tropical Storm (34-63 knots)
83,AL202021,VICTOR,TS,12.1,-34.9,50,2021-10-02 00:00:00,Tropical Storm (34-63 knots)
83,AL202021,VICTOR,TS,12.5,-35.8,45,2021-10-02 06:00:00,Tropical Storm (34-63 knots)
83,AL202021,VICTOR,TS,12.7,-36.7,35,2021-10-02 12:00:00,Tropical Storm (34-63 knots)
84,AL052023,DON,SS,33.8,-47.2,40,2023-07-14 18:00:00,Subtropical Storm (>34 knots)
84,AL052023,DON,SS,34.3,-47.2,40,2023-07-15 00:00:00,Subtropical Storm (>34 knots)
84,AL052023,DON,SS,35.3,-47.7,40,2023-07-15 06:00:00,Subtropical Storm (>34 knots)
84,AL052023,DON,SS,36.2,-48.4,40,2023-07-15 12:00:00,Subtropical Storm (>34 knots)
84,AL052023,DON,SS,37.1,-48.7,35,2023-07-15 18:00:00,Subtropical Storm (>34 knots)
84,AL052023,DON,SS,37.8,-48.8,35,2023-07-16 00:00:00,Subtropical Storm (>34 knots)
84,AL052023,DON,SS,38.4,-48.7,35,2023-07-16 06:00:00,Subtropical Storm (>34 knots)
84,AL052023,DON,TS,37.8,-40.9,35,2023-07-18 00:00:00,Tropical Storm (34-63 knots)
84,AL052023,DON,TS,36.8,-39.9,35,2023-07-18 06:00:00,Tropical Storm (34-63 knots)
84,AL052023,DON,TS,36.0,-39.4,35,2023-07-18 12:00:00,Tropical Storm (34-63 knots)
84,AL052023,DON,TS,35.3,-39.2,35,2023-07-18 18:00:00,Tropical Storm (34-63 knots)
84,AL052023,DON,TS,34.6,-39.1,35,2023-07-19 00:00:00,Tropical Storm (34-63 knots)
84,AL052023,DON,TS,34.2,-39.1,35,2023-07-19 06:00:00,Tropical Storm (34-63 knots)
84,AL052023,DON,TS,33.9,-39.3,35,2023-07-19 12:00:00,Tropical Storm (34-63 knots)
84,AL052023,DON,TS,33.8,-39.9,40,2023-07-19 18:00:00,Tropical Storm (34-63 knots)
84,AL052023,DON,TS,33.8,-40.6,45,2023-07-20 00:00:00,Tropical Storm (34-63 knots)
84,AL052023,DON,TS,34.0,-41.3,45,2023-07-20 06:00:00,Tropical Storm (34-63 knots)
84,AL052023,DON,TS,34.3,-42.2,40,2023-07-20 12:00:00,Tropical Storm (34-63 knots)
84,AL052023,DON,TS,34.5,-43.3,40,2023-07-20 18:00:00,Tropical Storm (34-63 knots)
84,AL052023,DON,TS,34.6,-44.2,40,2023-07-21 00:00:00,Tropical Storm (34-63 knots)
84,AL052023,DON,TS,35.0,-45.1,40,2023-07-21 06:00:00,Tropical Storm (34-63 knots)
84,AL052023,DON,TS,35.4,-46.0,45,2023-07-21 12:00:00,Tropical Storm (34-63 knots)
84,AL052023,DON,TS,36.2,-47.0,45,2023-07-21 18:00:00,Tropical Storm (34-63 knots)
84,AL052023,DON,TS,36.9,-48.2,45,2023-07-22 00:00:00,Tropical Storm (34-63 knots)
84,AL052023,DON,TS,37.7,-49.3,45,2023-07-22 06:00:00,Tropical Storm (34-63 knots)
84,AL052023,DON,TS,38.5,-49.9,55,2023-07-22 12:00:00,Tropical Storm (34-63 knots)
84,AL052023,DON,HU,39.5,-50.1,65,2023-07-22 18:00:00,Hurricane (>64 knots)
84,AL052023,DON,HU,40.7,-49.9,65,2023-07-23 00:00:00,Hurricane (>64 knots)
84,AL052023,DON,TS,42.0,-49.4,60,2023-07-23 06:00:00,Tropical Storm (34-63 knots)
84,AL052023,DON,TS,43.3,-48.5,55,2023-07-23 12:00:00,Tropical Storm (34-63 knots)
84,AL052023,DON,TS,44.7,-47.3,50,2023-07-23 18:00:00,Tropical Storm (34-63 knots)
84,AL052023,DON,TS,45.9,-45.7,45,2023-07-24 00:00:00,Tropical Storm (34-63 knots)
84,AL052023,DON,LO,46.7,-44.1,40,2023-07-24 06:00:00,Low (not tropical/subtropical/extratropical)
84,AL052023,DON,LO,47.3,-41.9,40,2023-07-24 12:00:00,Low (not tropical/subtropical/extratropical)
84,AL052023,DON,LO,47.8,-39.7,40,2023-07-24 18:00:00,Low (not tropical/subtropical/extratropical)
84,AL052023,DON,LO,48.5,-36.8,35,2023-07-25 00:00:00,Low (not tropical/subtropical/extratropical)
84,AL052023,DON,LO,49.1,-33.7,35,2023-07-25 06:00:00,Low (not tropical/subtropical/extratropical)
86,AL212021,WANDA,EX,32.5,-76.3,35,2021-10-25 18:00:00,Extratropical Cyclone
86,AL212021,WANDA,EX,34.2,-74.1,45,2021-10-26 00:00:00,Extratropical Cyclone
86,AL212021,WANDA,EX,35.9,-71.3,45,2021-10-26 06:00:00,Extratropical Cyclone
86,AL212021,WANDA,EX,37.7,-69.1,50,2021-10-26 12:00:00,Extratropical Cyclone
86,AL212021,WANDA,EX,39.5,-68.2,55,2021-10-26 18:00:00,Extratropical Cyclone
86,AL212021,WANDA,EX,40.8,-67.6,60,2021-10-27 00:00:00,Extratropical Cyclone
86,AL212021,WANDA,EX,41.4,-69.4,60,2021-10-27 06:00:00,Extratropical Cyclone
86,AL212021,WANDA,EX,39.9,-70.1,55,2021-10-27 12:00:00,Extratropical Cyclone
86,AL212021,WANDA,EX,38.7,-68.5,50,2021-10-27 18:00:00,Extratropical Cyclone
86,AL212021,WANDA,EX,39.0,-65.9,45,2021-10-28 00:00:00,Extratropical Cyclone
86,AL212021,WANDA,EX,39.4,-63.9,45,2021-10-28 06:00:00,Extratropical Cyclone
86,AL212021,WANDA,EX,39.8,-61.9,45,2021-10-28 12:00:00,Extratropical Cyclone
86,AL212021,WANDA,EX,40.2,-59.8,45,2021-10-28 18:00:00,Extratropical Cyclone
86,AL212021,WANDA,EX,40.6,-58.1,45,2021-10-29 00:00:00,Extratropical Cyclone
86,AL212021,WANDA,EX,40.7,-56.8,45,2021-10-29 06:00:00,Extratropical Cyclone
86,AL212021,WANDA,EX,40.6,-55.5,45,2021-10-29 12:00:00,Extratropical Cyclone
89,AL052022,DANIELLE,EX,48.5,-30.8,55,2022-09-08 18:00:00,Extratropical Cyclone
89,AL052022,DANIELLE,EX,49.8,-30.5,55,2022-09-09 00:00:00,Extratropical Cyclone
89,AL052022,DANIELLE,EX,51.0,-31.1,50,2022-09-09 06:00:00,Extratropical Cyclone
89,AL052022,DANIELLE,EX,51.1,-33.2,50,2022-09-09 12:00:00,Extratropical Cyclone
89,AL052022,DANIELLE,EX,49.8,-34.8,45,2022-09-09 18:00:00,Extratropical Cyclone
89,AL052022,DANIELLE,EX,47.8,-34.1,45,2022-09-10 00:00:00,Extratropical Cyclone
89,AL052022,DANIELLE,EX,46.1,-31.2,45,2022-09-10 06:00:00,Extratropical Cyclone
89,AL052022,DANIELLE,EX,45.2,-28.0,40,2022-09-10 12:00:00,Extratropical Cyclone
89,AL052022,DANIELLE,EX,44.7,-26.1,40,2022-09-10 18:00:00,Extratropical Cyclone
89,AL052022,DANIELLE,EX,43.9,-24.7,40,2022-09-11 00:00:00,Extratropical Cyclone
89,AL052022,DANIELLE,EX,42.7,-23.4,35,2022-09-11 06:00:00,Extratropical Cyclone
89,AL052022,DANIELLE,EX,41.2,-21.9,35,2022-09-11 12:00:00,Extratropical Cyclone
89,AL052022,DANIELLE,EX,40.1,-20.4,35,2022-09-11 18:00:00,Extratropical Cyclone
89,AL052022,DANIELLE,EX,39.1,-18.8,35,2022-09-12 00:00:00,Extratropical Cyclone
89,AL052022,DANIELLE,EX,38.4,-17.0,35,2022-09-12 06:00:00,Extratropical Cyclone
89,AL052022,DANIELLE,EX,38.6,-15.0,35,2022-09-12 12:00:00,Extratropical Cyclone
89,AL052022,DANIELLE,EX,39.4,-12.7,35,2022-09-12 18:00:00,Extratropical Cyclone
89,AL052022,DANIELLE,EX,40.8,-11.2,35,2022-09-13 00:00:00,Extratropical Cyclone
89,AL052022,DANIELLE,EX,42.5,-10.6,35,2022-09-13 06:00:00,Extratropical Cyclone
89,AL052022,DANIELLE,EX,43.3,-10.7,35,2022-09-13 12:00:00,Extratropical Cyclone
89,AL052022,DANIELLE,EX,43.6,-11.3,35,2022-09-13 18:00:00,Extratropical Cyclone
89,AL062022,EARL,HU,29.7,-64.8,80,2022-09-08 18:00:00,Hurricane (>64 knots)
89,AL062022,EARL,HU,30.6,-64.3,80,2022-09-09 00:00:00,Hurricane (>64 knots)
89,AL062022,EARL,HU,31.9,-63.2,80,2022-09-09 06:00:00,Hurricane (>64 knots)
89,AL062022,EARL,HU,33.4,-61.9,85,2022-09-09 12:00:00,Hurricane (>64 knots)
89,AL062022,EARL,HU,34.9,-59.8,90,2022-09-09 18:00:00,Hurricane (>64 knots)
89,AL062022,EARL,HU,37.1,-56.8,95,2022-09-10 00:00:00,Hurricane (>64 knots)
89,AL062022,EARL,HU,40.0,-54.3,90,2022-09-10 06:00:00,Hurricane (>64 knots)
89,AL062022,EARL,HU,42.4,-53.3,80,2022-09-10 12:00:00,Hurricane (>64 knots)
89,AL062022,EARL,EX,43.3,-52.8,70,2022-09-10 18:00:00,Extratropical Cyclone
89,AL062022,EARL,EX,43.3,-52.6,60,2022-09-11 00:00:00,Extratropical Cyclone
89,AL062022,EARL,EX,43.8,-52.2,55,2022-09-11 06:00:00,Extratropical Cyclone
89,AL062022,EARL,EX,44.2,-52.0,50,2022-09-11 12:00:00,Extratropical Cyclone
89,AL062022,EARL,EX,44.3,-51.9,45,2022-09-11 18:00:00,Extratropical Cyclone
89,AL062022,EARL,EX,44.2,-51.9,45,2022-09-12 00:00:00,Extratropical Cyclone
89,AL062022,EARL,EX,44.3,-52.1,40,2022-09-12 06:00:00,Extratropical Cyclone
89,AL062022,EARL,EX,43.9,-51.9,40,2022-09-12 12:00:00,Extratropical Cyclone
89,AL062022,EARL,EX,43.2,-51.2,35,2022-09-12 18:00:00,Extratropical Cyclone
89,AL062022,EARL,EX,42.9,-48.3,35,2022-09-13 00:00:00,Extratropical Cyclone
89,AL062022,EARL,EX,43.0,-46.8,35,2022-09-13 06:00:00,Extratropical Cyclone
89,AL062022,EARL,EX,43.4,-45.2,35,2022-09-13 12:00:00,Extratropical Cyclone
89,AL062022,EARL,EX,44.3,-43.7,35,2022-09-13 18:00:00,Extratropical Cyclone
89,AL062022,EARL,EX,45.0,-42.4,35,2022-09-14 00:00:00,Extratropical Cyclone
89,AL062022,EARL,EX,45.4,-41.6,35,2022-09-14 06:00:00,Extratropical Cyclone
89,AL062022,EARL,EX,45.5,-40.9,35,2022-09-14 12:00:00,Extratropical Cyclone
89,AL072022,FIONA,TS,16.6,-50.1,35,2022-09-14 18:00:00,Tropical Storm (34-63 knots)
89,AL072022,FIONA,TS,16.6,-51.3,45,2022-09-15 00:00:00,Tropical Storm (34-63 knots)
89,AL072022,FIONA,TS,16.5,-52.4,45,2022-09-15 06:00:00,Tropical Storm (34-63 knots)
89,AL072022,FIONA,TS,16.4,-53.6,45,2022-09-15 12:00:00,Tropical Storm (34-63 knots)
89,AL072022,FIONA,TS,16.3,-54.8,50,2022-09-15 18:00:00,Tropical Storm (34-63 knots)
89,AL072022,FIONA,TS,16.1,-56.2,50,2022-09-16 00:00:00,Tropical Storm (34-63 knots)
89,AL072022,FIONA,TS,15.8,-57.5,50,2022-09-16 06:00:00,Tropical Storm (34-63 knots)
89,AL072022,FIONA,TS,15.8,-58.8,45,2022-09-16 12:00:00,Tropical Storm (34-63 knots)
89,AL072022,FIONA,TS,16.3,-60.4,45,2022-09-16 18:00:00,Tropical Storm (34-63 knots)
89,AL072022,FIONA,TS,16.4,-61.4,50,2022-09-16 23:15:00,Tropical Storm (34-63 knots)
89,AL072022,FIONA,TS,16.4,-61.6,50,2022-09-17 00:00:00,Tropical Storm (34-63 knots)
89,AL072022,FIONA,TS,16.3,-62.6,50,2022-09-17 06:00:00,Tropical Storm (34-63 knots)
89,AL072022,FIONA,TS,16.4,-63.3,50,2022-09-17 12:00:00,Tropical Storm (34-63 knots)
89,AL072022,FIONA,TS,16.5,-64.0,50,2022-09-17 18:00:00,Tropical Storm (34-63 knots)
89,AL072022,FIONA,TS,16.5,-64.7,50,2022-09-18 00:00:00,Tropical Storm (34-63 knots)
89,AL072022,FIONA,TS,16.9,-65.5,55,2022-09-18 06:00:00,Tropical Storm (34-63 knots)
89,AL072022,FIONA,HU,17.2,-66.2,65,2022-09-18 12:00:00,Hurricane (>64 knots)
89,AL072022,FIONA,HU,17.8,-66.9,75,2022-09-18 18:00:00,Hurricane (>64 knots)
89,AL072022,FIONA,HU,18.0,-67.1,75,2022-09-18 19:20:00,Hurricane (>64 knots)
89,AL072022,FIONA,HU,18.1,-67.8,75,2022-09-19 00:00:00,Hurricane (>64 knots)
89,AL072022,FIONA,HU,18.2,-68.4,80,2022-09-19 06:00:00,Hurricane (>64 knots)
89,AL072022,FIONA,HU,18.4,-68.5,80,2022-09-19 07:30:00,Hurricane (>64 knots)
89,AL072022,FIONA,HU,18.8,-68.9,75,2022-09-19 12:00:00,Hurricane (>64 knots)
89,AL072022,FIONA,HU,19.5,-69.5,85,2022-09-19 18:00:00,Hurricane (>64 knots)
89,AL072022,FIONA,HU,20.2,-70.1,95,2022-09-20 00:00:00,Hurricane (>64 knots)
89,AL072022,FIONA,HU,20.8,-70.7,100,2022-09-20 06:00:00,Hurricane (>64 knots)
89,AL072022,FIONA,HU,21.4,-71.1,100,2022-09-20 11:00:00,Hurricane (>64 knots)
89,AL072022,FIONA,HU,21.5,-71.2,100,2022-09-20 12:00:00,Hurricane (>64 knots)
89,AL072022,FIONA,HU,22.3,-71.7,100,2022-09-20 18:00:00,Hurricane (>64 knots)
89,AL072022,FIONA,HU,22.9,-71.8,110,2022-09-21 00:00:00,Hurricane (>64 knots)
89,AL072022,FIONA,HU,23.5,-71.8,120,2022-09-21 06:00:00,Hurricane (>64 knots)
89,AL072022,FIONA,HU,24.2,-71.7,115,2022-09-21 12:00:00,Hurricane (>64 knots)
89,AL072022,FIONA,HU,25.1,-71.6,115,2022-09-21 18:00:00,Hurricane (>64 knots)
89,AL072022,FIONA,HU,26.0,-71.4,115,2022-09-22 00:00:00,Hurricane (>64 knots)
89,AL072022,FIONA,HU,26.9,-71.1,115,2022-09-22 06:00:00,Hurricane (>64 knots)
89,AL072022,FIONA,HU,28.0,-70.6,115,2022-09-22 12:00:00,Hurricane (>64 knots)
89,AL072022,FIONA,HU,29.5,-70.0,115,2022-09-22 18:00:00,Hurricane (>64 knots)
89,AL072022,FIONA,HU,30.9,-69.0,115,2022-09-23 00:00:00,Hurricane (>64 knots)
89,AL072022,FIONA,HU,32.5,-67.5,115,2022-09-23 06:00:00,Hurricane (>64 knots)
89,AL072022,FIONA,HU,34.3,-65.0,115,2022-09-23 12:00:00,Hurricane (>64 knots)
89,AL072022,FIONA,HU,37.8,-61.7,110,2022-09-23 18:00:00,Hurricane (>64 knots)
89,AL072022,FIONA,EX,42.3,-60.7,100,2022-09-24 00:00:00,Extratropical Cyclone
89,AL072022,FIONA,EX,45.0,-61.2,85,2022-09-24 06:00:00,Extratropical Cyclone
89,AL072022,FIONA,EX,45.2,-61.2,85,2022-09-24 07:00:00,Extratropical Cyclone
89,AL072022,FIONA,EX,46.8,-61.2,75,2022-09-24 12:00:00,Extratropical Cyclone
89,AL072022,FIONA,EX,47.9,-60.8,65,2022-09-24 18:00:00,Extratropical Cyclone
89,AL072022,FIONA,EX,48.8,-59.8,60,2022-09-25 00:00:00,Extratropical Cyclone
89,AL072022,FIONA,EX,50.6,-58.6,50,2022-09-25 06:00:00,Extratropical Cyclone
89,AL072022,FIONA,EX,51.3,-58.3,45,2022-09-25 08:00:00,Extratropical Cyclone
89,AL072022,FIONA,EX,53.1,-57.5,45,2022-09-25 12:00:00,Extratropical Cyclone
89,AL072022,FIONA,EX,55.5,-58.0,40,2022-09-25 18:00:00,Extratropical Cyclone
89,AL072022,FIONA,EX,57.5,-59.0,35,2022-09-26 00:00:00,Extratropical Cyclone
89,AL082022,GASTON,TS,34.0,-45.0,35,2022-09-20 18:00:00,Tropical Storm (34-63 knots)
89,AL082022,GASTON,TS,35.5,-44.1,45,2022-09-21 00:00:00,Tropical Storm (34-63 knots)
89,AL082022,GASTON,TS,36.9,-43.1,55,2022-09-21 06:00:00,Tropical Storm (34-63 knots)
89,AL082022,GASTON,TS,37.9,-42.0,55,2022-09-21 12:00:00,Tropical Storm (34-63 knots)
89,AL082022,GASTON,TS,38.6,-40.7,55,2022-09-21 18:00:00,Tropical Storm (34-63 knots)
89,AL082022,GASTON,TS,39.4,-38.6,55,2022-09-22 00:00:00,Tropical Storm (34-63 knots)
89,AL082022,GASTON,TS,40.1,-36.5,55,2022-09-22 06:00:00,Tropical Storm (34-63 knots)
89,AL082022,GASTON,TS,40.7,-34.8,55,2022-09-22 12:00:00,Tropical Storm (34-63 knots)
89,AL082022,GASTON,TS,41.0,-33.1,55,2022-09-22 18:00:00,Tropical Storm (34-63 knots)
89,AL082022,GASTON,TS,41.1,-31.5,55,2022-09-23 00:00:00,Tropical Storm (34-63 knots)
89,AL082022,GASTON,TS,40.9,-30.1,55,2022-09-23 06:00:00,Tropical Storm (34-63 knots)
89,AL082022,GASTON,TS,40.5,-29.2,55,2022-09-23 12:00:00,Tropical Storm (34-63 knots)
89,AL082022,GASTON,TS,39.8,-28.8,50,2022-09-23 18:00:00,Tropical Storm (34-63 knots)
89,AL082022,GASTON,TS,39.1,-29.2,45,2022-09-24 00:00:00,Tropical Storm (34-63 knots)
89,AL082022,GASTON,TS,38.7,-29.7,45,2022-09-24 06:00:00,Tropical Storm (34-63 knots)
89,AL082022,GASTON,TS,38.2,-30.4,40,2022-09-24 12:00:00,Tropical Storm (34-63 knots)
89,AL082022,GASTON,TS,38.0,-31.4,45,2022-09-24 18:00:00,Tropical Storm (34-63 knots)
89,AL082022,GASTON,TS,38.4,-32.7,45,2022-09-25 00:00:00,Tropical Storm (34-63 knots)
89,AL082022,GASTON,TS,38.9,-34.1,45,2022-09-25 06:00:00,Tropical Storm (34-63 knots)
89,AL082022,GASTON,TS,39.4,-35.7,45,2022-09-25 12:00:00,Tropical Storm (34-63 knots)
89,AL082022,GASTON,TS,39.2,-37.0,40,2022-09-25 18:00:00,Tropical Storm (34-63 knots)
89,AL082022,GASTON,LO,38.8,-37.7,35,2022-09-26 00:00:00,Low (not tropical/subtropical/extratropical)
89,AL092022,IAN,TS,14.7,-71.7,35,2022-09-24 00:00:00,Tropical Storm (34-63 knots)
89,AL092022,IAN,TS,14.7,-72.9,35,2022-09-24 06:00:00,Tropical Storm (34-63 knots)
89,AL092022,IAN,TS,14.5,-74.4,40,2022-09-24 12:00:00,Tropical Storm (34-63 knots)
89,AL092022,IAN,TS,14.4,-75.8,40,2022-09-24 18:00:00,Tropical Storm (34-63 knots)
89,AL092022,IAN,TS,14.6,-77.2,40,2022-09-25 00:00:00,Tropical Storm (34-63 knots)
89,AL092022,IAN,TS,14.6,-78.3,40,2022-09-25 06:00:00,Tropical Storm (34-63 knots)
89,AL092022,IAN,TS,15.0,-79.4,40,2022-09-25 12:00:00,Tropical Storm (34-63 knots)
89,AL092022,IAN,TS,15.8,-80.1,40,2022-09-25 18:00:00,Tropical Storm (34-63 knots)
89,AL092022,IAN,TS,16.8,-80.9,50,2022-09-26 00:00:00,Tropical Storm (34-63 knots)
89,AL102022,HERMINE,TS,18.1,-20.3,35,2022-09-23 18:00:00,Tropical Storm (34-63 knots)
89,AL102022,HERMINE,TS,18.7,-20.7,35,2022-09-24 00:00:00,Tropical Storm (34-63 knots)
89,AL102022,HERMINE,TS,19.4,-20.9,35,2022-09-24 06:00:00,Tropical Storm (34-63 knots)
90,AL152023,NIGEL,EX,48.9,-26.8,55,2023-09-22 18:00:00,Extratropical Cyclone
90,AL152023,NIGEL,EX,50.9,-24.0,55,2023-09-23 00:00:00,Extratropical Cyclone
90,AL152023,NIGEL,EX,53.3,-22.2,55,2023-09-23 06:00:00,Extratropical Cyclone
90,AL152023,NIGEL,EX,55.6,-22.7,55,2023-09-23 12:00:00,Extratropical Cyclone
90,AL152023,NIGEL,EX,57.7,-23.2,55,2023-09-23 18:00:00,Extratropical Cyclone
90,AL152023,NIGEL,EX,58.3,-25.6,50,2023-09-24 00:00:00,Extratropical Cyclone
90,AL152023,NIGEL,EX,57.4,-27.4,50,2023-09-24 06:00:00,Extratropical Cyclone
90,AL152023,NIGEL,EX,56.1,-26.7,45,2023-09-24 12:00:00,Extratropical Cyclone
90,AL152023,NIGEL,EX,56.4,-23.5,45,2023-09-24 18:00:00,Extratropical Cyclone
90,AL152023,NIGEL,EX,58.0,-20.9,40,2023-09-25 00:00:00,Extratropical Cyclone
90,AL152023,NIGEL,EX,60.1,-18.6,40,2023-09-25 06:00:00,Extratropical Cyclone
90,AL152023,NIGEL,EX,61.0,-18.5,40,2023-09-25 12:00:00,Extratropical Cyclone
90,AL152023,NIGEL,EX,61.5,-19.4,40,2023-09-25 18:00:00,Extratropical Cyclone
90,AL152023,NIGEL,EX,61.5,-20.9,40,2023-09-26 00:00:00,Extratropical Cyclone
90,AL152023,NIGEL,EX,61.5,-22.5,40,2023-09-26 06:00:00,Extratropical Cyclone
90,AL152023,NIGEL,EX,61.5,-23.3,40,2023-09-26 12:00:00,Extratropical Cyclone
90,AL162023,OPHELIA,TS,32.7,-76.1,60,2023-09-22 18:00:00,Tropical Storm (34-63 knots)
90,AL162023,OPHELIA,TS,33.3,-76.6,60,2023-09-23 00:00:00,Tropical Storm (34-63 knots)
90,AL162023,OPHELIA,TS,33.8,-77.1,60,2023-09-23 06:00:00,Tropical Storm (34-63 knots)
90,AL162023,OPHELIA,TS,34.7,-77.1,60,2023-09-23 10:15:00,Tropical Storm (34-63 knots)
90,AL162023,OPHELIA,TS,35.1,-77.1,50,2023-09-23 12:00:00,Tropical Storm (34-63 knots)
90,AL162023,OPHELIA,TS,36.3,-77.5,40,2023-09-23 18:00:00,Tropical Storm (34-63 knots)
90,AL172023,PHILIPPE,TS,15.7,-39.1,35,2023-09-23 18:00:00,Tropical Storm (34-63 knots)
90,AL172023,PHILIPPE,TS,15.8,-39.8,40,2023-09-24 00:00:00,Tropical Storm (34-63 knots)
90,AL172023,PHILIPPE,TS,16.0,-40.5,45,2023-09-24 06:00:00,Tropical Storm (34-63 knots)
90,AL172023,PHILIPPE,TS,16.3,-41.3,45,2023-09-24 12:00:00,Tropical Storm (34-63 knots)
90,AL172023,PHILIPPE,TS,16.6,-42.0,45,2023-09-24 18:00:00,Tropical Storm (34-63 knots)
90,AL172023,PHILIPPE,TS,16.9,-42.9,45,2023-09-25 00:00:00,Tropical Storm (34-63 knots)
90,AL172023,PHILIPPE,TS,17.1,-43.8,50,2023-09-25 06:00:00,Tropical Storm (34-63 knots)
90,AL172023,PHILIPPE,TS,17.1,-44.8,50,2023-09-25 12:00:00,Tropical Storm (34-63 knots)
90,AL172023,PHILIPPE,TS,17.1,-46.2,45,2023-09-25 18:00:00,Tropical Storm (34-63 knots)
90,AL172023,PHILIPPE,TS,17.4,-47.3,45,2023-09-26 00:00:00,Tropical Storm (34-63 knots)
90,AL172023,PHILIPPE,TS,17.5,-48.5,45,2023-09-26 06:00:00,Tropical Storm (34-63 knots)
90,AL172023,PHILIPPE,TS,17.4,-49.7,40,2023-09-26 12:00:00,Tropical Storm (34-63 knots)
90,AL172023,PHILIPPE,TS,17.1,-50.8,40,2023-09-26 18:00:00,Tropical Storm (34-63 knots)
90,AL172023,PHILIPPE,TS,17.2,-51.6,40,2023-09-27 00:00:00,Tropical Storm (34-63 knots)
90,AL172023,PHILIPPE,TS,17.4,-52.3,40,2023-09-27 06:00:00,Tropical Storm (34-63 knots)
90,AL172023,PHILIPPE,TS,17.5,-53.0,45,2023-09-27 12:00:00,Tropical Storm (34-63 knots)
90,AL172023,PHILIPPE,TS,17.8,-53.7,45,2023-09-27 18:00:00,Tropical Storm (34-63 knots)
90,AL172023,PHILIPPE,TS,18.1,-54.3,40,2023-09-28 00:00:00,Tropical Storm (34-63 knots)
90,AL172023,PHILIPPE,TS,18.5,-54.5,40,2023-09-28 06:00:00,Tropical Storm (34-63 knots)
90,AL172023,PHILIPPE,TS,18.7,-54.7,40,2023-09-28 12:00:00,Tropical Storm (34-63 knots)
90,AL172023,PHILIPPE,TS,18.6,-54.8,40,2023-09-28 18:00:00,Tropical Storm (34-63 knots)
90,AL172023,PHILIPPE,TS,18.5,-54.9,40,2023-09-29 00:00:00,Tropical Storm (34-63 knots)
90,AL172023,PHILIPPE,TS,18.4,-55.0,40,2023-09-29 06:00:00,Tropical Storm (34-63 knots)
90,AL172023,PHILIPPE,TS,18.2,-55.3,45,2023-09-29 12:00:00,Tropical Storm (34-63 knots)
90,AL172023,PHILIPPE,TS,18.0,-55.6,45,2023-09-29 18:00:00,Tropical Storm (34-63 knots)
90,AL172023,PHILIPPE,TS,17.6,-55.7,45,2023-09-30 00:00:00,Tropical Storm (34-63 knots)
90,AL172023,PHILIPPE,TS,17.2,-55.8,45,2023-09-30 06:00:00,Tropical Storm (34-63 knots)
90,AL172023,PHILIPPE,TS,16.8,-56.0,45,2023-09-30 12:00:00,Tropical Storm (34-63 knots)
90,AL172023,PHILIPPE,TS,16.4,-56.3,50,2023-09-30 18:00:00,Tropical Storm (34-63 knots)
90,AL172023,PHILIPPE,TS,16.1,-56.7,50,2023-10-01 00:00:00,Tropical Storm (34-63 knots)
90,AL172023,PHILIPPE,TS,16.0,-57.5,50,2023-10-01 06:00:00,Tropical Storm (34-63 knots)
90,AL172023,PHILIPPE,TS,16.0,-58.4,45,2023-10-01 12:00:00,Tropical Storm (34-63 knots)
90,AL172023,PHILIPPE,TS,16.2,-58.8,45,2023-10-01 18:00:00,Tropical Storm (34-63 knots)
90,AL172023,PHILIPPE,TS,16.5,-59.0,45,2023-10-02 00:00:00,Tropical Storm (34-63 knots)
90,AL172023,PHILIPPE,TS,16.8,-59.7,45,2023-10-02 06:00:00,Tropical Storm (34-63 knots)
90,AL172023,PHILIPPE,TS,16.9,-60.5,45,2023-10-02 12:00:00,Tropical Storm (34-63 knots)
90,AL172023,PHILIPPE,TS,17.3,-61.2,45,2023-10-02 18:00:00,Tropical Storm (34-63 knots)
90,AL172023,PHILIPPE,TS,17.6,-61.8,45,2023-10-02 22:45:00,Tropical Storm (34-63 knots)
90,AL172023,PHILIPPE,TS,17.6,-61.9,45,2023-10-03 00:00:00,Tropical Storm (34-63 knots)
90,AL172023,PHILIPPE,TS,18.1,-62.7,45,2023-10-03 06:00:00,Tropical Storm (34-63 knots)
90,AL172023,PHILIPPE,TS,18.6,-63.6,40,2023-10-03 12:00:00,Tropical Storm (34-63 knots)
90,AL172023,PHILIPPE,TS,19.1,-64.5,40,2023-10-03 18:00:00,Tropical Storm (34-63 knots)
90,AL172023,PHILIPPE,TS,19.5,-65.2,40,2023-10-04 00:00:00,Tropical Storm (34-63 knots)
90,AL172023,PHILIPPE,TS,20.2,-65.4,40,2023-10-04 06:00:00,Tropical Storm (34-63 knots)
90,AL172023,PHILIPPE,TS,21.2,-65.6,40,2023-10-04 12:00:00,Tropical Storm (34-63 knots)
90,AL172023,PHILIPPE,TS,22.2,-65.8,35,2023-10-04 18:00:00,Tropical Storm (34-63 knots)
90,AL172023,PHILIPPE,TS,23.1,-66.0,35,2023-10-05 00:00:00,Tropical Storm (34-63 knots)
90,AL172023,PHILIPPE,TS,24.0,-66.2,40,2023-10-05 06:00:00,Tropical Storm (34-63 knots)
90,AL172023,PHILIPPE,TS,25.1,-66.3,45,2023-10-05 12:00:00,Tropical Storm (34-63 knots)
90,AL172023,PHILIPPE,TS,26.4,-66.1,45,2023-10-05 18:00:00,Tropical Storm (34-63 knots)
90,AL182023,RINA,TS,15.6,-44.5,35,2023-09-28 06:00:00,Tropical Storm (34-63 knots)
90,AL182023,RINA,TS,16.9,-45.1,35,2023-09-28 12:00:00,Tropical Storm (34-63 knots)
90,AL182023,RINA,TS,17.7,-45.8,35,2023-09-28 18:00:00,Tropical Storm (34-63 knots)
90,AL182023,RINA,TS,18.2,-46.2,40,2023-09-29 00:00:00,Tropical Storm (34-63 knots)
90,AL182023,RINA,TS,18.6,-46.4,45,2023-09-29 06:00:00,Tropical Storm (34-63 knots)
90,AL182023,RINA,TS,19.1,-46.7,45,2023-09-29 12:00:00,Tropical Storm (34-63 knots)
90,AL182023,RINA,TS,19.8,-47.5,45,2023-09-29 18:00:00,Tropical Storm (34-63 knots)
90,AL182023,RINA,TS,20.2,-48.4,45,2023-09-30 00:00:00,Tropical Storm (34-63 knots)
90,AL182023,RINA,TS,20.5,-49.1,45,2023-09-30 06:00:00,Tropical Storm (34-63 knots)
90,AL182023,RINA,TS,21.0,-50.0,40,2023-09-30 12:00:00,Tropical Storm (34-63 knots)
90,AL182023,RINA,TS,22.1,-51.0,40,2023-09-30 18:00:00,Tropical Storm (34-63 knots)
90,AL182023,RINA,TS,23.0,-52.2,35,2023-10-01 00:00:00,Tropical Storm (34-63 knots)
90,AL182023,RINA,TS,23.8,-53.3,35,2023-10-01 06:00:00,Tropical Storm (34-63 knots)
90,AL182023,RINA,TS,24.8,-54.4,35,2023-10-01 12:00:00,Tropical Storm (34-63 knots)
92,AL072022,FIONA,EX,62.5,-57.0,35,2022-09-27 06:00:00,Extratropical Cyclone
92,AL072022,FIONA,EX,63.3,-55.0,35,2022-09-27 12:00:00,Extratropical Cyclone
92,AL092022,IAN,HU,21.8,-83.6,100,2022-09-27 06:00:00,Hurricane (>64 knots)
92,AL092022,IAN,HU,22.2,-83.7,110,2022-09-27 08:30:00,Hurricane (>64 knots)
92,AL092022,IAN,HU,22.6,-83.6,100,2022-09-27 12:00:00,Hurricane (>64 knots)
92,AL092022,IAN,HU,23.5,-83.3,105,2022-09-27 18:00:00,Hurricane (>64 knots)
92,AL092022,IAN,HU,24.4,-83.0,105,2022-09-28 00:00:00,Hurricane (>64 knots)
92,AL092022,IAN,HU,24.6,-82.9,110,2022-09-28 02:00:00,Hurricane (>64 knots)
92,AL092022,IAN,HU,25.2,-82.9,120,2022-09-28 06:00:00,Hurricane (>64 knots)
92,AL092022,IAN,HU,26.0,-82.7,140,2022-09-28 12:00:00,Hurricane (>64 knots)
92,AL092022,IAN,HU,26.6,-82.4,135,2022-09-28 18:00:00,Hurricane (>64 knots)
92,AL092022,IAN,HU,26.7,-82.2,130,2022-09-28 19:05:00,Hurricane (>64 knots)
92,AL092022,IAN,HU,26.8,-82.0,125,2022-09-28 20:35:00,Hurricane (>64 knots)
92,AL092022,IAN,HU,27.2,-81.7,100,2022-09-29 00:00:00,Hurricane (>64 knots)
92,AL092022,IAN,HU,27.7,-81.1,65,2022-09-29 06:00:00,Hurricane (>64 knots)
92,AL092022,IAN,TS,28.4,-80.6,60,2022-09-29 12:00:00,Tropical Storm (34-63 knots)
92,AL092022,IAN,HU,28.9,-80.1,65,2022-09-29 18:00:00,Hurricane (>64 knots)
92,AL092022,IAN,HU,29.6,-79.4,70,2022-09-30 00:00:00,Hurricane (>64 knots)
92,AL092022,IAN,HU,30.3,-79.1,75,2022-09-30 06:00:00,Hurricane (>64 knots)
92,AL092022,IAN,HU,31.5,-79.0,75,2022-09-30 12:00:00,Hurricane (>64 knots)
92,AL092022,IAN,HU,33.3,-79.2,70,2022-09-30 18:00:00,Hurricane (>64 knots)
92,AL092022,IAN,HU,33.3,-79.2,70,2022-09-30 18:05:00,Hurricane (>64 knots)
92,AL092022,IAN,EX,34.4,-79.3,50,2022-10-01 00:00:00,Extratropical Cyclone
92,AL132022,JULIA,TS,12.5,-72.1,35,2022-10-07 12:00:00,Tropical Storm (34-63 knots)
92,AL132022,JULIA,TS,12.8,-73.8,40,2022-10-07 18:00:00,Tropical Storm (34-63 knots)
92,AL132022,JULIA,TS,12.8,-75.5,45,2022-10-08 00:00:00,Tropical Storm (34-63 knots)
92,AL132022,JULIA,TS,12.7,-77.2,50,2022-10-08 06:00:00,Tropical Storm (34-63 knots)
92,AL132022,JULIA,TS,12.7,-78.9,55,2022-10-08 12:00:00,Tropical Storm (34-63 knots)
92,AL132022,JULIA,TS,12.6,-80.5,60,2022-10-08 18:00:00,Tropical Storm (34-63 knots)
92,AL132022,JULIA,HU,12.5,-82.0,65,2022-10-09 00:00:00,Hurricane (>64 knots)
92,AL132022,JULIA,HU,12.4,-83.3,75,2022-10-09 06:00:00,Hurricane (>64 knots)
92,AL132022,JULIA,HU,12.4,-83.6,75,2022-10-09 07:15:00,Hurricane (>64 knots)
92,AL132022,JULIA,HU,12.3,-84.7,65,2022-10-09 12:00:00,Hurricane (>64 knots)
92,AL132022,JULIA,TS,12.3,-86.2,45,2022-10-09 18:00:00,Tropical Storm (34-63 knots)
92,AL132022,JULIA,TS,12.6,-87.6,40,2022-10-10 00:00:00,Tropical Storm (34-63 knots)
92,AL132022,JULIA,TS,13.1,-88.8,35,2022-10-10 06:00:00,Tropical Storm (34-63 knots)
92,AL132022,JULIA,TS,13.6,-89.7,35,2022-10-10 11:00:00,Tropical Storm (34-63 knots)
92,AL142022,KARL,TS,19.6,-94.5,35,2022-10-11 18:00:00,Tropical Storm (34-63 knots)
94,AL012024,ALBERTO,DB,19.9,-92.7,35,2024-06-17 18:00:00,Disturbance
94,AL012024,ALBERTO,DB,20.4,-92.7,35,2024-06-18 00:00:00,Disturbance
94,AL012024,ALBERTO,DB,20.9,-92.7,35,2024-06-18 06:00:00,Disturbance
94,AL012024,ALBERTO,DB,21.5,-92.6,35,2024-06-18 12:00:00,Disturbance
94,AL012024,ALBERTO,DB,22.0,-92.6,35,2024-06-18 18:00:00,Disturbance
94,AL012024,ALBERTO,DB,22.3,-92.8,35,2024-06-19 00:00:00,Disturbance
94,AL012024,ALBERTO,DB,22.4,-93.5,35,2024-06-19 06:00:00,Disturbance
94,AL012024,ALBERTO,TS,22.1,-94.2,35,2024-06-19 12:00:00,Tropical Storm (34-63 knots)
94,AL012024,ALBERTO,TS,21.8,-94.8,40,2024-06-19 18:00:00,Tropical Storm (34-63 knots)
94,AL012024,ALBERTO,TS,21.5,-95.5,45,2024-06-20 00:00:00,Tropical Storm (34-63 knots)
94,AL012024,ALBERTO,TS,22.0,-96.7,45,2024-06-20 06:00:00,Tropical Storm (34-63 knots)
94,AL012024,ALBERTO,TS,22.4,-97.8,45,2024-06-20 09:00:00,Tropical Storm (34-63 knots)
94,AL012024,ALBERTO,TS,22.4,-98.8,35,2024-06-20 12:00:00,Tropical Storm (34-63 knots)
94,AL022024,BERYL,TS,9.2,-43.1,35,2024-06-29 00:00:00,Tropical Storm (34-63 knots)
94,AL022024,BERYL,TS,9.5,-45.2,45,2024-06-29 06:00:00,Tropical Storm (34-63 knots)
94,AL022024,BERYL,TS,9.7,-47.0,55,2024-06-29 12:00:00,Tropical Storm (34-63 knots)
94,AL022024,BERYL,TS,9.9,-48.7,60,2024-06-29 18:00:00,Tropical Storm (34-63 knots)
94,AL022024,BERYL,HU,10.1,-50.5,70,2024-06-30 00:00:00,Hurricane (>64 knots)
94,AL022024,BERYL,HU,10.4,-52.3,85,2024-06-30 06:00:00,Hurricane (>64 knots)
94,AL022024,BERYL,HU,10.5,-54.0,100,2024-06-30 12:00:00,Hurricane (>64 knots)
94,AL022024,BERYL,HU,10.9,-55.7,115,2024-06-30 18:00:00,Hurricane (>64 knots)
94,AL022024,BERYL,HU,11.2,-57.3,110,2024-07-01 00:00:00,Hurricane (>64 knots)
94,AL022024,BERYL,HU,11.5,-59.0,100,2024-07-01 06:00:00,Hurricane (>64 knots)
94,AL022024,BERYL,HU,12.0,-60.6,115,2024-07-01 12:00:00,Hurricane (>64 knots)
94,AL022024,BERYL,HU,12.5,-61.5,120,2024-07-01 15:20:00,Hurricane (>64 knots)
94,AL022024,BERYL,HU,12.8,-62.3,130,2024-07-01 18:00:00,Hurricane (>64 knots)
94,AL022024,BERYL,HU,13.5,-64.1,140,2024-07-02 00:00:00,Hurricane (>64 knots)
94,AL022024,BERYL,HU,14.3,-65.9,145,2024-07-02 06:00:00,Hurricane (>64 knots)
94,AL022024,BERYL,HU,14.8,-67.2,145,2024-07-02 09:45:00,Hurricane (>64 knots)
94,AL022024,BERYL,HU,15.0,-67.9,140,2024-07-02 12:00:00,Hurricane (>64 knots)
94,AL022024,BERYL,HU,15.6,-69.9,135,2024-07-02 18:00:00,Hurricane (>64 knots)
94,AL022024,BERYL,HU,16.0,-71.8,130,2024-07-03 00:00:00,Hurricane (>64 knots)
94,AL022024,BERYL,HU,16.3,-73.5,125,2024-07-03 06:00:00,Hurricane (>64 knots)
94,AL022024,BERYL,HU,16.8,-75.3,125,2024-07-03 12:00:00,Hurricane (>64 knots)
94,AL022024,BERYL,HU,17.3,-76.8,120,2024-07-03 18:00:00,Hurricane (>64 knots)
94,AL022024,BERYL,HU,17.8,-78.3,115,2024-07-04 00:00:00,Hurricane (>64 knots)
94,AL022024,BERYL,HU,18.3,-80.0,105,2024-07-04 06:00:00,Hurricane (>64 knots)
94,AL022024,BERYL,HU,18.8,-81.8,95,2024-07-04 12:00:00,Hurricane (>64 knots)
94,AL022024,BERYL,HU,19.3,-83.4,90,2024-07-04 18:00:00,Hurricane (>64 knots)
94,AL032024,CHRIS,TS,19.9,-96.0,35,2024-07-01 00:00:00,Tropical Storm (34-63 knots)
94,AL032024,CHRIS,TS,19.9,-96.5,40,2024-07-01 03:00:00,Tropical Storm (34-63 knots)
103,AL012022,ALEX,DB,21.9,-87.1,35,2022-06-03 06:00:00,Disturbance
103,AL012022,ALEX,DB,22.2,-86.9,35,2022-06-03 12:00:00,Disturbance
103,AL012022,ALEX,DB,22.8,-86.3,35,2022-06-03 18:00:00,Disturbance
103,AL012022,ALEX,DB,23.9,-85.1,35,2022-06-04 00:00:00,Disturbance
103,AL012022,ALEX,DB,25.0,-83.7,35,2022-06-04 06:00:00,Disturbance
103,AL012022,ALEX,DB,26.2,-82.0,35,2022-06-04 12:00:00,Disturbance
103,AL012022,ALEX,DB,27.2,-80.4,40,2022-06-04 18:00:00,Disturbance
103,AL012022,ALEX,TS,28.0,-78.8,40,2022-06-05 00:00:00,Tropical Storm (34-63 knots)
103,AL012022,ALEX,TS,28.8,-77.2,45,2022-06-05 06:00:00,Tropical Storm (34-63 knots)
103,AL012022,ALEX,TS,29.9,-75.0,50,2022-06-05 12:00:00,Tropical Storm (34-63 knots)
103,AL012022,ALEX,TS,31.0,-72.5,60,2022-06-05 18:00:00,Tropical Storm (34-63 knots)
103,AL012022,ALEX,TS,32.1,-70.2,60,2022-06-06 00:00:00,Tropical Storm (34-63 knots)
103,AL012022,ALEX,TS,33.0,-67.8,55,2022-06-06 06:00:00,Tropical Storm (34-63 knots)
103,AL012022,ALEX,LO,33.8,-65.2,55,2022-06-06 12:00:00,Low (not tropical/subtropical/extratropical)
103,AL012022,ALEX,LO,34.7,-62.2,50,2022-06-06 18:00:00,Low (not tropical/subtropical/extratropical)
104,AL182024,RAFAEL,HU,24.4,-87.6,105,2024-11-08 06:00:00,Hurricane (>64 knots)
104,AL182024,RAFAEL,HU,24.4,-88.4,95,2024-11-08 12:00:00,Hurricane (>64 knots)
104,AL182024,RAFAEL,HU,24.6,-89.1,80,2024-11-08 18:00:00,Hurricane (>64 knots)
104,AL182024,RAFAEL,HU,24.7,-89.7,65,2024-11-09 00:00:00,Hurricane (>64 knots)
104,AL182024,RAFAEL,TS,24.8,-90.5,55,2024-11-09 06:00:00,Tropical Storm (34-63 knots)
104,AL182024,RAFAEL,TS,25.0,-91.2,50,2024-11-09 12:00:00,Tropical Storm (34-63 knots)
104,AL182024,RAFAEL,TS,25.3,-91.5,45,2024-11-09 18:00:00,Tropical Storm (34-63 knots)
104,AL182024,RAFAEL,TS,25.6,-91.7,40,2024-11-10 00:00:00,Tropical Storm (34-63 knots)
104,AL182024,RAFAEL,TS,25.9,-91.9,35,2024-11-10 06:00:00,Tropical Storm (34-63 knots)
104,AL182024,RAFAEL,LO,26.1,-91.9,35,2024-11-10 12:00:00,Low (not tropical/subtropical/extratropical)
104,AL192024,SARA,TS,15.8,-82.2,35,2024-11-14 12:00:00,Tropical Storm (34-63 knots)
104,AL192024,SARA,TS,15.8,-83.1,35,2024-11-14 18:00:00,Tropical Storm (34-63 knots)
104,AL192024,SARA,TS,15.7,-84.0,40,2024-11-15 00:00:00,Tropical Storm (34-63 knots)
104,AL192024,SARA,TS,15.8,-84.3,40,2024-11-15 01:20:00,Tropical Storm (34-63 knots)
104,AL192024,SARA,TS,16.0,-85.0,40,2024-11-15 06:00:00,Tropical Storm (34-63 knots)
104,AL192024,SARA,TS,16.1,-85.6,45,2024-11-15 12:00:00,Tropical Storm (34-63 knots)
104,AL192024,SARA,TS,16.1,-86.1,45,2024-11-15 18:00:00,Tropical Storm (34-63 knots)
104,AL192024,SARA,TS,16.1,-86.1,45,2024-11-16 00:00:00,Tropical Storm (34-63 knots)
104,AL192024,SARA,TS,16.2,-86.2,40,2024-11-16 06:00:00,Tropical Storm (34-63 knots)
104,AL192024,SARA,TS,16.2,-86.4,40,2024-11-16 12:00:00,Tropical Storm (34-63 knots)
104,AL192024,SARA,TS,16.3,-86.8,35,2024-11-16 18:00:00,Tropical Storm (34-63 knots)
104,AL192024,SARA,TS,16.4,-87.1,35,2024-11-17 00:00:00,Tropical Storm (34-63 knots)
104,AL192024,SARA,TS,16.5,-87.5,35,2024-11-17 06:00:00,Tropical Storm (34-63 knots)
104,AL192024,SARA,TS,16.8,-87.9,35,2024-11-17 12:00:00,Tropical Storm (34-63 knots)
104,AL192024,SARA,TS,17.0,-88.3,35,2024-11-17 14:00:00,Tropical Storm (34-63 knots)
106,AL082023,FRANKLIN,EX,40.1,-19.4,35,2023-09-06 06:00:00,Extratropical Cyclone
106,AL082023,FRANKLIN,EX,41.3,-17.7,40,2023-09-06 12:00:00,Extratropical Cyclone
106,AL082023,FRANKLIN,EX,43.3,-16.5,45,2023-09-06 18:00:00,Extratropical Cyclone
106,AL082023,FRANKLIN,EX,45.4,-16.0,50,2023-09-07 00:00:00,Extratropical Cyclone
106,AL082023,FRANKLIN,EX,46.8,-16.1,50,2023-09-07 06:00:00,Extratropical Cyclone
106,AL082023,FRANKLIN,EX,47.7,-16.3,45,2023-09-07 12:00:00,Extratropical Cyclone
106,AL082023,FRANKLIN,EX,48.5,-16.5,40,2023-09-07 18:00:00,Extratropical Cyclone
106,AL082023,FRANKLIN,EX,48.5,-17.2,35,2023-09-08 00:00:00,Extratropical Cyclone
106,AL102023,IDALIA,EX,42.6,-61.4,35,2023-09-06 06:00:00,Extratropical Cyclone
106,AL102023,IDALIA,EX,42.6,-62.0,35,2023-09-06 12:00:00,Extratropical Cyclone
106,AL102023,IDALIA,EX,42.6,-62.8,35,2023-09-06 18:00:00,Extratropical Cyclone
106,AL132023,LEE,TS,13.5,-43.9,55,2023-09-06 06:00:00,Tropical Storm (34-63 knots)
106,AL132023,LEE,TS,14.0,-45.0,60,2023-09-06 12:00:00,Tropical Storm (34-63 knots)
106,AL132023,LEE,HU,14.6,-46.1,65,2023-09-06 18:00:00,Hurricane (>64 knots)
106,AL132023,LEE,HU,15.1,-47.1,70,2023-09-07 00:00:00,Hurricane (>64 knots)
106,AL132023,LEE,HU,15.6,-48.2,75,2023-09-07 06:00:00,Hurricane (>64 knots)
106,AL132023,LEE,HU,16.1,-49.4,85,2023-09-07 12:00:00,Hurricane (>64 knots)
106,AL132023,LEE,HU,16.6,-50.7,105,2023-09-07 18:00:00,Hurricane (>64 knots)
106,AL132023,LEE,HU,17.0,-51.8,135,2023-09-08 00:00:00,Hurricane (>64 knots)
106,AL132023,LEE,HU,17.5,-53.0,145,2023-09-08 06:00:00,Hurricane (>64 knots)
106,AL132023,LEE,HU,17.9,-54.1,135,2023-09-08 12:00:00,Hurricane (>64 knots)
106,AL132023,LEE,HU,18.5,-55.1,125,2023-09-08 18:00:00,Hurricane (>64 knots)
106,AL132023,LEE,HU,19.0,-56.0,105,2023-09-09 00:00:00,Hurricane (>64 knots)
106,AL132023,LEE,HU,19.5,-57.0,100,2023-09-09 06:00:00,Hurricane (>64 knots)
106,AL132023,LEE,HU,20.0,-57.9,100,2023-09-09 12:00:00,Hurricane (>64 knots)
106,AL132023,LEE,HU,20.4,-58.8,95,2023-09-09 18:00:00,Hurricane (>64 knots)
106,AL132023,LEE,HU,20.8,-59.5,85,2023-09-10 00:00:00,Hurricane (>64 knots)
106,AL132023,LEE,HU,21.2,-60.2,90,2023-09-10 06:00:00,Hurricane (>64 knots)
106,AL132023,LEE,HU,21.5,-60.8,95,2023-09-10 12:00:00,Hurricane (>64 knots)
106,AL132023,LEE,HU,21.9,-61.4,105,2023-09-10 18:00:00,Hurricane (>64 knots)
106,AL132023,LEE,HU,22.3,-61.9,105,2023-09-11 00:00:00,Hurricane (>64 knots)
106,AL132023,LEE,HU,22.8,-62.5,105,2023-09-11 06:00:00,Hurricane (>64 knots)
106,AL132023,LEE,HU,23.2,-63.2,105,2023-09-11 12:00:00,Hurricane (>64 knots)
106,AL132023,LEE,HU,23.5,-63.9,100,2023-09-11 18:00:00,Hurricane (>64 knots)
106,AL132023,LEE,HU,23.7,-64.5,100,2023-09-12 00:00:00,Hurricane (>64 knots)
106,AL132023,LEE,HU,23.9,-65.1,100,2023-09-12 06:00:00,Hurricane (>64 knots)
106,AL132023,LEE,HU,24.1,-65.7,100,2023-09-12 12:00:00,Hurricane (>64 knots)
106,AL132023,LEE,HU,24.5,-66.2,100,2023-09-12 18:00:00,Hurricane (>64 knots)
106,AL132023,LEE,HU,24.9,-66.6,100,2023-09-13 00:00:00,Hurricane (>64 knots)
106,AL132023,LEE,HU,25.3,-66.9,100,2023-09-13 06:00:00,Hurricane (>64 knots)
106,AL132023,LEE,HU,26.0,-67.2,95,2023-09-13 12:00:00,Hurricane (>64 knots)
106,AL132023,LEE,HU,26.8,-67.6,90,2023-09-13 18:00:00,Hurricane (>64 knots)
106,AL132023,LEE,HU,27.6,-67.8,90,2023-09-14 00:00:00,Hurricane (>64 knots)
106,AL132023,LEE,HU,28.5,-68.0,85,2023-09-14 06:00:00,Hurricane (>64 knots)
106,AL132023,LEE,HU,29.8,-68.2,80,2023-09-14 12:00:00,Hurricane (>64 knots)
106,AL132023,LEE,HU,31.1,-68.3,75,2023-09-14 18:00:00,Hurricane (>64 knots)
106,AL132023,LEE,HU,32.1,-67.8,75,2023-09-15 00:00:00,Hurricane (>64 knots)
106,AL132023,LEE,HU,33.6,-67.6,75,2023-09-15 06:00:00,Hurricane (>64 knots)
106,AL132023,LEE,HU,35.1,-67.1,75,2023-09-15 12:00:00,Hurricane (>64 knots)
106,AL132023,LEE,HU,37.1,-66.7,75,2023-09-15 18:00:00,Hurricane (>64 knots)
106,AL132023,LEE,HU,38.7,-65.9,75,2023-09-16 00:00:00,Hurricane (>64 knots)
106,AL132023,LEE,EX,40.9,-66.0,70,2023-09-16 06:00:00,Extratropical Cyclone
106,AL132023,LEE,EX,42.7,-66.3,65,2023-09-16 12:00:00,Extratropical Cyclone
106,AL132023,LEE,EX,43.8,-66.4,55,2023-09-16 18:00:00,Extratropical Cyclone
106,AL132023,LEE,EX,44.3,-66.3,55,2023-09-16 20:00:00,Extratropical Cyclone
106,AL132023,LEE,EX,44.7,-66.2,55,2023-09-17 00:00:00,Extratropical Cyclone
106,AL132023,LEE,EX,45.9,-64.8,50,2023-09-17 06:00:00,Extratropical Cyclone
106,AL132023,LEE,EX,47.3,-63.0,40,2023-09-17 12:00:00,Extratropical Cyclone
106,AL132023,LEE,EX,48.6,-60.1,40,2023-09-17 18:00:00,Extratropical Cyclone
106,AL132023,LEE,EX,50.7,-57.9,35,2023-09-18 00:00:00,Extratropical Cyclone
106,AL132023,LEE,EX,51.7,-53.2,35,2023-09-18 06:00:00,Extratropical Cyclone
106,AL132023,LEE,EX,52.6,-48.6,40,2023-09-18 12:00:00,Extratropical Cyclone
106,AL132023,LEE,EX,53.0,-42.0,40,2023-09-18 18:00:00,Extratropical Cyclone
106,AL142023,MARGOT,TS,16.0,-27.3,35,2023-09-07 18:00:00,Tropical Storm (34-63 knots)
106,AL142023,MARGOT,TS,16.5,-28.6,35,2023-09-08 00:00:00,Tropical Storm (34-63 knots)
106,AL142023,MARGOT,TS,17.1,-30.1,35,2023-09-08 06:00:00,Tropical Storm (34-63 knots)
106,AL142023,MARGOT,TS,17.8,-31.8,35,2023-09-08 12:00:00,Tropical Storm (34-63 knots)
106,AL142023,MARGOT,TS,18.5,-33.6,35,2023-09-08 18:00:00,Tropical Storm (34-63 knots)
106,AL142023,MARGOT,TS,19.1,-35.1,35,2023-09-09 00:00:00,Tropical Storm (34-63 knots)
106,AL142023,MARGOT,TS,19.7,-36.4,40,2023-09-09 06:00:00,Tropical Storm (34-63 knots)
106,AL142023,MARGOT,TS,20.2,-37.5,40,2023-09-09 12:00:00,Tropical Storm (34-63 knots)
106,AL142023,MARGOT,TS,20.7,-38.3,40,2023-09-09 18:00:00,Tropical Storm (34-63 knots)
106,AL142023,MARGOT,TS,21.2,-38.9,45,2023-09-10 00:00:00,Tropical Storm (34-63 knots)
106,AL142023,MARGOT,TS,21.8,-39.4,45,2023-09-10 06:00:00,Tropical Storm (34-63 knots)
106,AL142023,MARGOT,TS,22.5,-39.8,45,2023-09-10 12:00:00,Tropical Storm (34-63 knots)
106,AL142023,MARGOT,TS,23.3,-40.0,50,2023-09-10 18:00:00,Tropical Storm (34-63 knots)
106,AL142023,MARGOT,TS,24.0,-40.0,55,2023-09-11 00:00:00,Tropical Storm (34-63 knots)
106,AL142023,MARGOT,TS,24.7,-40.0,55,2023-09-11 06:00:00,Tropical Storm (34-63 knots)
106,AL142023,MARGOT,TS,25.5,-40.0,60,2023-09-11 12:00:00,Tropical Storm (34-63 knots)
106,AL142023,MARGOT,HU,26.4,-39.9,65,2023-09-11 18:00:00,Hurricane (>64 knots)
106,AL142023,MARGOT,HU,27.5,-39.6,70,2023-09-12 00:00:00,Hurricane (>64 knots)
106,AL142023,MARGOT,HU,28.6,-39.4,75,2023-09-12 06:00:00,Hurricane (>64 knots)
106,AL142023,MARGOT,HU,29.8,-39.3,75,2023-09-12 12:00:00,Hurricane (>64 knots)
106,AL142023,MARGOT,HU,31.0,-39.4,75,2023-09-12 18:00:00,Hurricane (>64 knots)
106,AL142023,MARGOT,HU,32.1,-39.6,75,2023-09-13 00:00:00,Hurricane (>64 knots)
106,AL142023,MARGOT,HU,33.0,-39.9,80,2023-09-13 06:00:00,Hurricane (>64 knots)
106,AL142023,MARGOT,HU,33.7,-40.3,80,2023-09-13 12:00:00,Hurricane (>64 knots)
106,AL142023,MARGOT,HU,34.4,-40.6,75,2023-09-13 18:00:00,Hurricane (>64 knots)
106,AL142023,MARGOT,HU,35.1,-40.7,75,2023-09-14 00:00:00,Hurricane (>64 knots)
106,AL142023,MARGOT,HU,35.8,-40.5,70,2023-09-14 06:00:00,Hurricane (>64 knots)
106,AL142023,MARGOT,HU,36.3,-40.1,70,2023-09-14 12:00:00,Hurricane (>64 knots)
106,AL142023,MARGOT,HU,36.6,-39.6,70,2023-09-14 18:00:00,Hurricane (>64 knots)
106,AL142023,MARGOT,HU,36.7,-39.1,65,2023-09-15 00:00:00,Hurricane (>64 knots)
106,AL142023,MARGOT,TS,36.7,-38.6,60,2023-09-15 06:00:00,Tropical Storm (34-63 knots)
106,AL142023,MARGOT,TS,36.5,-38.1,55,2023-09-15 12:00:00,Tropical Storm (34-63 knots)
106,AL142023,MARGOT,TS,36.1,-37.8,55,2023-09-15 18:00:00,Tropical Storm (34-63 knots)
106,AL142023,MARGOT,TS,35.7,-37.8,55,2023-09-16 00:00:00,Tropical Storm (34-63 knots)
106,AL142023,MARGOT,TS,35.2,-38.0,55,2023-09-16 06:00:00,Tropical Storm (34-63 knots)
106,AL142023,MARGOT,TS,34.7,-38.5,50,2023-09-16 12:00:00,Tropical Storm (34-63 knots)
106,AL142023,MARGOT,TS,34.3,-39.2,45,2023-09-16 18:00:00,Tropical Storm (34-63 knots)
106,AL142023,MARGOT,LO,34.0,-40.1,40,2023-09-17 00:00:00,Low (not tropical/subtropical/extratropical)
106,AL142023,MARGOT,LO,34.0,-41.1,35,2023-09-17 06:00:00,Low (not tropical/subtropical/extratropical)
106,AL142023,MARGOT,LO,34.3,-42.0,35,2023-09-17 12:00:00,Low (not tropical/subtropical/extratropical)
106,AL142023,MARGOT,LO,34.7,-43.0,35,2023-09-17 18:00:00,Low (not tropical/subtropical/extratropical)
106,AL152023,NIGEL,TS,21.4,-47.6,35,2023-09-17 00:00:00,Tropical Storm (34-63 knots)
106,AL152023,NIGEL,TS,22.5,-48.3,45,2023-09-17 06:00:00,Tropical Storm (34-63 knots)
106,AL152023,NIGEL,TS,23.5,-48.8,50,2023-09-17 12:00:00,Tropical Storm (34-63 knots)
106,AL152023,NIGEL,TS,24.5,-49.4,55,2023-09-17 18:00:00,Tropical Storm (34-63 knots)
106,AL152023,NIGEL,TS,25.3,-50.0,60,2023-09-18 00:00:00,Tropical Storm (34-63 knots)
106,AL152023,NIGEL,HU,26.0,-50.6,65,2023-09-18 06:00:00,Hurricane (>64 knots)
106,AL152023,NIGEL,HU,26.8,-51.1,65,2023-09-18 12:00:00,Hurricane (>64 knots)
106,AL152023,NIGEL,HU,27.5,-51.7,70,2023-09-18 18:00:00,Hurricane (>64 knots)
106,AL152023,NIGEL,HU,28.2,-52.4,75,2023-09-19 00:00:00,Hurricane (>64 knots)
106,AL152023,NIGEL,HU,29.0,-53.2,75,2023-09-19 06:00:00,Hurricane (>64 knots)
106,AL152023,NIGEL,HU,29.9,-54.0,80,2023-09-19 12:00:00,Hurricane (>64 knots)
106,AL152023,NIGEL,HU,31.1,-54.7,85,2023-09-19 18:00:00,Hurricane (>64 knots)
106,AL152023,NIGEL,HU,32.4,-55.0,85,2023-09-20 00:00:00,Hurricane (>64 knots)
106,AL152023,NIGEL,HU,33.7,-55.2,85,2023-09-20 06:00:00,Hurricane (>64 knots)
106,AL152023,NIGEL,HU,35.2,-54.7,80,2023-09-20 12:00:00,Hurricane (>64 knots)
106,AL152023,NIGEL,HU,36.7,-53.6,80,2023-09-20 18:00:00,Hurricane (>64 knots)
106,AL152023,NIGEL,HU,38.3,-51.6,80,2023-09-21 00:00:00,Hurricane (>64 knots)
106,AL152023,NIGEL,HU,40.0,-49.2,75,2023-09-21 06:00:00,Hurricane (>64 knots)
106,AL152023,NIGEL,HU,41.3,-46.3,75,2023-09-21 12:00:00,Hurricane (>64 knots)
106,AL152023,NIGEL,HU,42.8,-42.8,70,2023-09-21 18:00:00,Hurricane (>64 knots)
106,AL152023,NIGEL,HU,44.3,-38.7,65,2023-09-22 00:00:00,Hurricane (>64 knots)
106,AL152023,NIGEL,EX,45.4,-34.3,60,2023-09-22 06:00:00,Extratropical Cyclone
106,AL152023,NIGEL,EX,47.2,-30.2,55,2023-09-22 12:00:00,Extratropical Cyclone
106,AL152023,NIGEL,EX,48.9,-26.8,55,2023-09-22 18:00:00,Extratropical Cyclone
106,AL152023,NIGEL,EX,50.9,-24.0,55,2023-09-23 00:00:00,Extratropical Cyclone
106,AL152023,NIGEL,EX,53.3,-22.2,55,2023-09-23 06:00:00,Extratropical Cyclone
106,AL152023,NIGEL,EX,55.6,-22.7,55,2023-09-23 12:00:00,Extratropical Cyclone
106,AL152023,NIGEL,EX,57.7,-23.2,55,2023-09-23 18:00:00,Extratropical Cyclone
106,AL152023,NIGEL,EX,58.3,-25.6,50,2023-09-24 00:00:00,Extratropical Cyclone
106,AL152023,NIGEL,EX,57.4,-27.4,50,2023-09-24 06:00:00,Extratropical Cyclone
106,AL152023,NIGEL,EX,56.1,-26.7,45,2023-09-24 12:00:00,Extratropical Cyclone
106,AL152023,NIGEL,EX,56.4,-23.5,45,2023-09-24 18:00:00,Extratropical Cyclone
106,AL152023,NIGEL,EX,58.0,-20.9,40,2023-09-25 00:00:00,Extratropical Cyclone
106,AL152023,NIGEL,EX,60.1,-18.6,40,2023-09-25 06:00:00,Extratropical Cyclone
106,AL152023,NIGEL,EX,61.0,-18.5,40,2023-09-25 12:00:00,Extratropical Cyclone
106,AL152023,NIGEL,EX,61.5,-19.4,40,2023-09-25 18:00:00,Extratropical Cyclone
106,AL152023,NIGEL,EX,61.5,-20.9,40,2023-09-26 00:00:00,Extratropical Cyclone
106,AL162023,OPHELIA,EX,29.5,-75.3,35,2023-09-22 00:00:00,Extratropical Cyclone
106,AL162023,OPHELIA,EX,30.3,-75.1,40,2023-09-22 06:00:00,Extratropical Cyclone
106,AL162023,OPHELIA,EX,31.6,-75.5,50,2023-09-22 12:00:00,Extratropical Cyclone
106,AL162023,OPHELIA,TS,32.7,-76.1,60,2023-09-22 18:00:00,Tropical Storm (34-63 knots)
106,AL162023,OPHELIA,TS,33.3,-76.6,60,2023-09-23 00:00:00,Tropical Storm (34-63 knots)
106,AL162023,OPHELIA,TS,33.8,-77.1,60,2023-09-23 06:00:00,Tropical Storm (34-63 knots)
106,AL162023,OPHELIA,TS,34.7,-77.1,60,2023-09-23 10:15:00,Tropical Storm (34-63 knots)
106,AL162023,OPHELIA,TS,35.1,-77.1,50,2023-09-23 12:00:00,Tropical Storm (34-63 knots)
106,AL162023,OPHELIA,TS,36.3,-77.5,40,2023-09-23 18:00:00,Tropical Storm (34-63 knots)
106,AL172023,PHILIPPE,TS,15.7,-39.1,35,2023-09-23 18:00:00,Tropical Storm (34-63 knots)
106,AL172023,PHILIPPE,TS,15.8,-39.8,40,2023-09-24 00:00:00,Tropical Storm (34-63 knots)
106,AL172023,PHILIPPE,TS,16.0,-40.5,45,2023-09-24 06:00:00,Tropical Storm (34-63 knots)
106,AL172023,PHILIPPE,TS,16.3,-41.3,45,2023-09-24 12:00:00,Tropical Storm (34-63 knots)
106,AL172023,PHILIPPE,TS,16.6,-42.0,45,2023-09-24 18:00:00,Tropical Storm (34-63 knots)
106,AL172023,PHILIPPE,TS,16.9,-42.9,45,2023-09-25 00:00:00,Tropical Storm (34-63 knots)
106,AL172023,PHILIPPE,TS,17.1,-43.8,50,2023-09-25 06:00:00,Tropical Storm (34-63 knots)
106,AL172023,PHILIPPE,TS,17.1,-44.8,50,2023-09-25 12:00:00,Tropical Storm (34-63 knots)
106,AL172023,PHILIPPE,TS,17.1,-46.2,45,2023-09-25 18:00:00,Tropical Storm (34-63 knots)
106,AL172023,PHILIPPE,TS,17.4,-47.3,45,2023-09-26 00:00:00,Tropical Storm (34-63 knots)
107,AL212021,WANDA,EX,32.5,-76.3,35,2021-10-25 18:00:00,Extratropical Cyclone
107,AL212021,WANDA,EX,34.2,-74.1,45,2021-10-26 00:00:00,Extratropical Cyclone
107,AL212021,WANDA,EX,35.9,-71.3,45,2021-10-26 06:00:00,Extratropical Cyclone
107,AL212021,WANDA,EX,37.7,-69.1,50,2021-10-26 12:00:00,Extratropical Cyclone
107,AL212021,WANDA,EX,39.5,-68.2,55,2021-10-26 18:00:00,Extratropical Cyclone
107,AL212021,WANDA,EX,40.8,-67.6,60,2021-10-27 00:00:00,Extratropical Cyclone
107,AL212021,WANDA,EX,41.4,-69.4,60,2021-10-27 06:00:00,Extratropical Cyclone
107,AL212021,WANDA,EX,39.9,-70.1,55,2021-10-27 12:00:00,Extratropical Cyclone
107,AL212021,WANDA,EX,38.7,-68.5,50,2021-10-27 18:00:00,Extratropical Cyclone
107,AL212021,WANDA,EX,39.0,-65.9,45,2021-10-28 00:00:00,Extratropical Cyclone
107,AL212021,WANDA,EX,39.4,-63.9,45,2021-10-28 06:00:00,Extratropical Cyclone
107,AL212021,WANDA,EX,39.8,-61.9,45,2021-10-28 12:00:00,Extratropical Cyclone
107,AL212021,WANDA,EX,40.2,-59.8,45,2021-10-28 18:00:00,Extratropical Cyclone
107,AL212021,WANDA,EX,40.6,-58.1,45,2021-10-29 00:00:00,Extratropical Cyclone
107,AL212021,WANDA,EX,40.7,-56.8,45,2021-10-29 06:00:00,Extratropical Cyclone
107,AL212021,WANDA,EX,40.6,-55.5,45,2021-10-29 12:00:00,Extratropical Cyclone
107,AL212021,WANDA,EX,40.4,-54.0,45,2021-10-29 18:00:00,Extratropical Cyclone
107,AL212021,WANDA,EX,40.1,-52.4,45,2021-10-30 00:00:00,Extratropical Cyclone
107,AL212021,WANDA,EX,39.4,-51.2,40,2021-10-30 06:00:00,Extratropical Cyclone
107,AL212021,WANDA,SS,38.5,-49.6,40,2021-10-30 12:00:00,Subtropical Storm (>34 knots)
107,AL212021,WANDA,SS,37.5,-47.8,40,2021-10-30 18:00:00,Subtropical Storm (>34 knots)
107,AL212021,WANDA,SS,36.5,-46.0,45,2021-10-31 00:00:00,Subtropical Storm (>34 knots)
107,AL212021,WANDA,SS,36.6,-44.2,50,2021-10-31 06:00:00,Subtropical Storm (>34 knots)
107,AL212021,WANDA,SS,36.5,-43.4,50,2021-10-31 12:00:00,Subtropical Storm (>34 knots)
107,AL212021,WANDA,SS,36.4,-43.5,50,2021-10-31 18:00:00,Subtropical Storm (>34 knots)
107,AL212021,WANDA,SS,35.8,-44.0,45,2021-11-01 00:00:00,Subtropical Storm (>34 knots)
107,AL212021,WANDA,SS,34.8,-44.2,40,2021-11-01 06:00:00,Subtropical Storm (>34 knots)
107,AL212021,WANDA,TS,34.1,-43.4,40,2021-11-01 12:00:00,Tropical Storm (34-63 knots)
107,AL212021,WANDA,TS,34.1,-42.6,35,2021-11-01 18:00:00,Tropical Storm (34-63 knots)
107,AL212021,WANDA,TS,34.4,-41.9,35,2021-11-02 00:00:00,Tropical Storm (34-63 knots)
107,AL212021,WANDA,TS,34.9,-41.3,40,2021-11-02 06:00:00,Tropical Storm (34-63 knots)
107,AL212021,WANDA,TS,35.5,-40.7,40,2021-11-02 12:00:00,Tropical Storm (34-63 knots)
107,AL212021,WANDA,TS,36.2,-40.5,40,2021-11-02 18:00:00,Tropical Storm (34-63 knots)
107,AL212021,WANDA,TS,36.9,-40.4,40,2021-11-03 00:00:00,Tropical Storm (34-63 knots)
107,AL212021,WANDA,TS,37.6,-40.2,40,2021-11-03 06:00:00,Tropical Storm (34-63 knots)
107,AL212021,WANDA,TS,38.4,-39.9,40,2021-11-03 12:00:00,Tropical Storm (34-63 knots)
107,AL212021,WANDA,TS,39.3,-39.7,45,2021-11-03 18:00:00,Tropical Storm (34-63 knots)
107,AL212021,WANDA,TS,40.2,-39.7,45,2021-11-04 00:00:00,Tropical Storm (34-63 knots)
107,AL212021,WANDA,TS,41.0,-39.7,45,2021-11-04 06:00:00,Tropical Storm (34-63 knots)
107,AL212021,WANDA,TS,41.7,-39.7,40,2021-11-04 12:00:00,Tropical Storm (34-63 knots)
107,AL212021,WANDA,TS,42.1,-39.6,40,2021-11-04 18:00:00,Tropical Storm (34-63 knots)
107,AL212021,WANDA,TS,42.3,-39.0,45,2021-11-05 00:00:00,Tropical Storm (34-63 knots)
107,AL212021,WANDA,TS,42.0,-38.3,45,2021-11-05 06:00:00,Tropical Storm (34-63 knots)
107,AL212021,WANDA,TS,41.1,-37.8,45,2021-11-05 12:00:00,Tropical Storm (34-63 knots)
107,AL212021,WANDA,TS,39.6,-37.5,45,2021-11-05 18:00:00,Tropical Storm (34-63 knots)
107,AL212021,WANDA,TS,38.4,-38.0,45,2021-11-06 00:00:00,Tropical Storm (34-63 knots)
107,AL212021,WANDA,TS,37.6,-38.3,45,2021-11-06 06:00:00,Tropical Storm (34-63 knots)
107,AL212021,WANDA,TS,37.2,-38.4,40,2021-11-06 12:00:00,Tropical Storm (34-63 knots)
107,AL212021,WANDA,TS,37.1,-38.0,35,2021-11-06 18:00:00,Tropical Storm (34-63 knots)
107,AL212021,WANDA,TS,37.4,-37.4,35,2021-11-07 00:00:00,Tropical Storm (34-63 knots)
107,AL212021,WANDA,TS,38.1,-36.4,35,2021-11-07 06:00:00,Tropical Storm (34-63 knots)
107,AL212021,WANDA,LO,39.2,-34.9,35,2021-11-07 12:00:00,Low (not tropical/subtropical/extratropical)
107,AL212021,WANDA,LO,40.9,-32.8,40,2021-11-07 18:00:00,Low (not tropical/subtropical/extratropical)
107,AL212021,WANDA,LO,43.2,-29.7,40,2021-11-08 00:00:00,Low (not tropical/subtropical/extratropical)
113,AL062023,GERT,TS,16.7,-53.3,35,2023-08-20 12:00:00,Tropical Storm (34-63 knots)
113,AL062023,GERT,TS,16.6,-54.2,35,2023-08-20 18:00:00,Tropical Storm (34-63 knots)
113,AL062023,GERT,TS,16.6,-55.1,35,2023-08-21 00:00:00,Tropical Storm (34-63 knots)
113,AL062023,GERT,TS,16.6,-55.9,35,2023-08-21 06:00:00,Tropical Storm (34-63 knots)
113,AL072023,EMILY,TS,18.0,-36.7,35,2023-08-20 00:00:00,Tropical Storm (34-63 knots)
113,AL072023,EMILY,TS,18.8,-37.5,40,2023-08-20 06:00:00,Tropical Storm (34-63 knots)
113,AL072023,EMILY,TS,19.4,-38.3,45,2023-08-20 12:00:00,Tropical Storm (34-63 knots)
113,AL072023,EMILY,TS,20.0,-39.0,45,2023-08-20 18:00:00,Tropical Storm (34-63 knots)
113,AL072023,EMILY,TS,20.3,-39.8,40,2023-08-21 00:00:00,Tropical Storm (34-63 knots)
113,AL072023,EMILY,LO,20.6,-40.6,35,2023-08-21 06:00:00,Low (not tropical/subtropical/extratropical)
113,AL072023,EMILY,LO,21.0,-41.4,35,2023-08-21 12:00:00,Low (not tropical/subtropical/extratropical)
113,AL082023,FRANKLIN,TS,14.0,-65.2,35,2023-08-20 12:00:00,Tropical Storm (34-63 knots)
113,AL082023,FRANKLIN,TS,14.5,-66.6,40,2023-08-20 18:00:00,Tropical Storm (34-63 knots)
113,AL082023,FRANKLIN,TS,14.8,-67.9,45,2023-08-21 00:00:00,Tropical Storm (34-63 knots)
113,AL082023,FRANKLIN,TS,14.8,-68.8,45,2023-08-21 06:00:00,Tropical Storm (34-63 knots)
113,AL082023,FRANKLIN,TS,14.6,-69.5,45,2023-08-21 12:00:00,Tropical Storm (34-63 knots)
113,AL082023,FRANKLIN,TS,14.1,-70.0,45,2023-08-21 18:00:00,Tropical Storm (34-63 knots)
113,AL082023,FRANKLIN,TS,14.0,-70.4,45,2023-08-22 00:00:00,Tropical Storm (34-63 knots)
113,AL082023,FRANKLIN,TS,14.1,-70.9,40,2023-08-22 06:00:00,Tropical Storm (34-63 knots)
113,AL092023,HAROLD,TS,25.8,-94.3,40,2023-08-22 06:00:00,Tropical Storm (34-63 knots)
116,AL182024,RAFAEL,HU,23.1,-83.2,95,2024-11-07 00:00:00,Hurricane (>64 knots)
116,AL182024,RAFAEL,HU,23.8,-84.1,90,2024-11-07 06:00:00,Hurricane (>64 knots)
116,AL182024,RAFAEL,HU,24.3,-84.9,90,2024-11-07 12:00:00,Hurricane (>64 knots)
116,AL182024,RAFAEL,HU,24.6,-85.7,90,2024-11-07 18:00:00,Hurricane (>64 knots)
116,AL182024,RAFAEL,HU,24.6,-86.6,90,2024-11-08 00:00:00,Hurricane (>64 knots)
116,AL182024,RAFAEL,HU,24.4,-87.6,105,2024-11-08 06:00:00,Hurricane (>64 knots)
116,AL182024,RAFAEL,HU,24.4,-88.4,95,2024-11-08 12:00:00,Hurricane (>64 knots)
116,AL182024,RAFAEL,HU,24.6,-89.1,80,2024-11-08 18:00:00,Hurricane (>64 knots)
116,AL182024,RAFAEL,HU,24.7,-89.7,65,2024-11-09 00:00:00,Hurricane (>64 knots)
116,AL182024,RAFAEL,TS,24.8,-90.5,55,2024-11-09 06:00:00,Tropical Storm (34-63 knots)
116,AL182024,RAFAEL,TS,25.0,-91.2,50,2024-11-09 12:00:00,Tropical Storm (34-63 knots)
116,AL182024,RAFAEL,TS,25.3,-91.5,45,2024-11-09 18:00:00,Tropical Storm (34-63 knots)
116,AL182024,RAFAEL,TS,25.6,-91.7,40,2024-11-10 00:00:00,Tropical Storm (34-63 knots)
116,AL182024,RAFAEL,TS,25.9,-91.9,35,2024-11-10 06:00:00,Tropical Storm (34-63 knots)
116,AL182024,RAFAEL,LO,26.1,-91.9,35,2024-11-10 12:00:00,Low (not tropical/subtropical/extratropical)
116,AL192024,SARA,TS,15.8,-82.2,35,2024-11-14 12:00:00,Tropical Storm (34-63 knots)
116,AL192024,SARA,TS,15.8,-83.1,35,2024-11-14 18:00:00,Tropical Storm (34-63 knots)
116,AL192024,SARA,TS,15.7,-84.0,40,2024-11-15 00:00:00,Tropical Storm (34-63 knots)
116,AL192024,SARA,TS,15.8,-84.3,40,2024-11-15 01:20:00,Tropical Storm (34-63 knots)
116,AL192024,SARA,TS,16.0,-85.0,40,2024-11-15 06:00:00,Tropical Storm (34-63 knots)
116,AL192024,SARA,TS,16.1,-85.6,45,2024-11-15 12:00:00,Tropical Storm (34-63 knots)
116,AL192024,SARA,TS,16.1,-86.1,45,2024-11-15 18:00:00,Tropical Storm (34-63 knots)
116,AL192024,SARA,TS,16.1,-86.1,45,2024-11-16 00:00:00,Tropical Storm (34-63 knots)
116,AL192024,SARA,TS,16.2,-86.2,40,2024-11-16 06:00:00,Tropical Storm (34-63 knots)
116,AL192024,SARA,TS,16.2,-86.4,40,2024-11-16 12:00:00,Tropical Storm (34-63 knots)
116,AL192024,SARA,TS,16.3,-86.8,35,2024-11-16 18:00:00,Tropical Storm (34-63 knots)
116,AL192024,SARA,TS,16.4,-87.1,35,2024-11-17 00:00:00,Tropical Storm (34-63 knots)
116,AL192024,SARA,TS,16.5,-87.5,35,2024-11-17 06:00:00,Tropical Storm (34-63 knots)
116,AL192024,SARA,TS,16.8,-87.9,35,2024-11-17 12:00:00,Tropical Storm (34-63 knots)
116,AL192024,SARA,TS,17.0,-88.3,35,2024-11-17 14:00:00,Tropical Storm (34-63 knots)
119,AL182021,SAM,HU,23.0,-60.4,125,2021-09-30 18:00:00,Hurricane (>64 knots)
119,AL182021,SAM,HU,24.3,-61.0,125,2021-10-01 00:00:00,Hurricane (>64 knots)
119,AL182021,SAM,HU,25.8,-61.6,130,2021-10-01 06:00:00,Hurricane (>64 knots)
119,AL182021,SAM,HU,27.4,-61.9,130,2021-10-01 12:00:00,Hurricane (>64 knots)
119,AL182021,SAM,HU,29.2,-61.9,130,2021-10-01 18:00:00,Hurricane (>64 knots)
119,AL182021,SAM,HU,30.8,-61.5,125,2021-10-02 00:00:00,Hurricane (>64 knots)
119,AL182021,SAM,HU,32.1,-61.0,120,2021-10-02 06:00:00,Hurricane (>64 knots)
119,AL182021,SAM,HU,33.4,-60.1,115,2021-10-02 12:00:00,Hurricane (>64 knots)
119,AL182021,SAM,HU,34.7,-59.1,110,2021-10-02 18:00:00,Hurricane (>64 knots)
119,AL182021,SAM,HU,35.8,-57.9,100,2021-10-03 00:00:00,Hurricane (>64 knots)
119,AL182021,SAM,HU,36.7,-56.6,90,2021-10-03 06:00:00,Hurricane (>64 knots)
119,AL182021,SAM,HU,37.3,-55.4,85,2021-10-03 12:00:00,Hurricane (>64 knots)
119,AL182021,SAM,HU,38.0,-53.9,85,2021-10-03 18:00:00,Hurricane (>64 knots)
119,AL182021,SAM,HU,38.7,-52.2,90,2021-10-04 00:00:00,Hurricane (>64 knots)
119,AL182021,SAM,HU,39.9,-49.9,90,2021-10-04 06:00:00,Hurricane (>64 knots)
119,AL182021,SAM,HU,41.4,-47.1,85,2021-10-04 12:00:00,Hurricane (>64 knots)
119,AL182021,SAM,HU,43.8,-43.6,80,2021-10-04 18:00:00,Hurricane (>64 knots)
119,AL182021,SAM,HU,46.5,-40.5,75,2021-10-05 00:00:00,Hurricane (>64 knots)
119,AL182021,SAM,EX,49.4,-39.7,70,2021-10-05 06:00:00,Extratropical Cyclone
119,AL182021,SAM,EX,52.2,-39.6,65,2021-10-05 12:00:00,Extratropical Cyclone
119,AL182021,SAM,EX,50.6,-42.1,65,2021-10-05 18:00:00,Extratropical Cyclone
119,AL182021,SAM,EX,49.9,-38.9,60,2021-10-06 00:00:00,Extratropical Cyclone
119,AL182021,SAM,EX,50.5,-35.5,55,2021-10-06 06:00:00,Extratropical Cyclone
119,AL182021,SAM,EX,51.5,-32.4,50,2021-10-06 12:00:00,Extratropical Cyclone
119,AL182021,SAM,EX,53.1,-29.0,45,2021-10-06 18:00:00,Extratropical Cyclone
119,AL182021,SAM,EX,55.2,-25.4,45,2021-10-07 00:00:00,Extratropical Cyclone
119,AL182021,SAM,EX,58.1,-22.3,40,2021-10-07 06:00:00,Extratropical Cyclone
119,AL202021,VICTOR,TS,9.8,-29.5,45,2021-09-30 18:00:00,Tropical Storm (34-63 knots)
119,AL202021,VICTOR,TS,10.5,-30.6,50,2021-10-01 00:00:00,Tropical Storm (34-63 knots)
119,AL202021,VICTOR,TS,11.0,-31.8,50,2021-10-01 06:00:00,Tropical Storm (34-63 knots)
119,AL202021,VICTOR,TS,11.4,-33.0,55,2021-10-01 12:00:00,Tropical Storm (34-63 knots)
119,AL202021,VICTOR,TS,11.8,-33.9,55,2021-10-01 18:00:00,Tropical Storm (34-63 knots)
119,AL202021,VICTOR,TS,12.1,-34.9,50,2021-10-02 00:00:00,Tropical Storm (34-63 knots)
119,AL202021,VICTOR,TS,12.5,-35.8,45,2021-10-02 06:00:00,Tropical Storm (34-63 knots)
119,AL202021,VICTOR,TS,12.7,-36.7,35,2021-10-02 12:00:00,Tropical Storm (34-63 knots)
122,AL062022,EARL,EX,45.5,-40.9,35,2022-09-14 12:00:00,Extratropical Cyclone
122,AL072022,FIONA,TS,16.6,-50.1,35,2022-09-14 18:00:00,Tropical Storm (34-63 knots)
122,AL072022,FIONA,TS,16.6,-51.3,45,2022-09-15 00:00:00,Tropical Storm (34-63 knots)
122,AL072022,FIONA,TS,16.5,-52.4,45,2022-09-15 06:00:00,Tropical Storm (34-63 knots)
122,AL072022,FIONA,TS,16.4,-53.6,45,2022-09-15 12:00:00,Tropical Storm (34-63 knots)
122,AL072022,FIONA,TS,16.3,-54.8,50,2022-09-15 18:00:00,Tropical Storm (34-63 knots)
122,AL072022,FIONA,TS,16.1,-56.2,50,2022-09-16 00:00:00,Tropical Storm (34-63 knots)
122,AL072022,FIONA,TS,15.8,-57.5,50,2022-09-16 06:00:00,Tropical Storm (34-63 knots)
122,AL072022,FIONA,TS,15.8,-58.8,45,2022-09-16 12:00:00,Tropical Storm (34-63 knots)
122,AL072022,FIONA,TS,16.3,-60.4,45,2022-09-16 18:00:00,Tropical Storm (34-63 knots)
122,AL072022,FIONA,TS,16.4,-61.4,50,2022-09-16 23:15:00,Tropical Storm (34-63 knots)
122,AL072022,FIONA,TS,16.4,-61.6,50,2022-09-17 00:00:00,Tropical Storm (34-63 knots)
122,AL072022,FIONA,TS,16.3,-62.6,50,2022-09-17 06:00:00,Tropical Storm (34-63 knots)
122,AL072022,FIONA,TS,16.4,-63.3,50,2022-09-17 12:00:00,Tropical Storm (34-63 knots)
122,AL072022,FIONA,TS,16.5,-64.0,50,2022-09-17 18:00:00,Tropical Storm (34-63 knots)
122,AL072022,FIONA,TS,16.5,-64.7,50,2022-09-18 00:00:00,Tropical Storm (34-63 knots)
122,AL072022,FIONA,TS,16.9,-65.5,55,2022-09-18 06:00:00,Tropical Storm (34-63 knots)
122,AL072022,FIONA,HU,17.2,-66.2,65,2022-09-18 12:00:00,Hurricane (>64 knots)
122,AL072022,FIONA,HU,17.8,-66.9,75,2022-09-18 18:00:00,Hurricane (>64 knots)
122,AL072022,FIONA,HU,18.0,-67.1,75,2022-09-18 19:20:00,Hurricane (>64 knots)
122,AL072022,FIONA,HU,18.1,-67.8,75,2022-09-19 00:00:00,Hurricane (>64 knots)
122,AL072022,FIONA,HU,18.2,-68.4,80,2022-09-19 06:00:00,Hurricane (>64 knots)
122,AL072022,FIONA,HU,18.4,-68.5,80,2022-09-19 07:30:00,Hurricane (>64 knots)
122,AL072022,FIONA,HU,18.8,-68.9,75,2022-09-19 12:00:00,Hurricane (>64 knots)
122,AL072022,FIONA,HU,19.5,-69.5,85,2022-09-19 18:00:00,Hurricane (>64 knots)
122,AL072022,FIONA,HU,20.2,-70.1,95,2022-09-20 00:00:00,Hurricane (>64 knots)
122,AL072022,FIONA,HU,20.8,-70.7,100,2022-09-20 06:00:00,Hurricane (>64 knots)
122,AL072022,FIONA,HU,21.4,-71.1,100,2022-09-20 11:00:00,Hurricane (>64 knots)
122,AL072022,FIONA,HU,21.5,-71.2,100,2022-09-20 12:00:00,Hurricane (>64 knots)
122,AL072022,FIONA,HU,22.3,-71.7,100,2022-09-20 18:00:00,Hurricane (>64 knots)
122,AL072022,FIONA,HU,22.9,-71.8,110,2022-09-21 00:00:00,Hurricane (>64 knots)
122,AL072022,FIONA,HU,23.5,-71.8,120,2022-09-21 06:00:00,Hurricane (>64 knots)
122,AL072022,FIONA,HU,24.2,-71.7,115,2022-09-21 12:00:00,Hurricane (>64 knots)
122,AL072022,FIONA,HU,25.1,-71.6,115,2022-09-21 18:00:00,Hurricane (>64 knots)
122,AL072022,FIONA,HU,26.0,-71.4,115,2022-09-22 00:00:00,Hurricane (>64 knots)
122,AL072022,FIONA,HU,26.9,-71.1,115,2022-09-22 06:00:00,Hurricane (>64 knots)
122,AL072022,FIONA,HU,28.0,-70.6,115,2022-09-22 12:00:00,Hurricane (>64 knots)
122,AL072022,FIONA,HU,29.5,-70.0,115,2022-09-22 18:00:00,Hurricane (>64 knots)
122,AL072022,FIONA,HU,30.9,-69.0,115,2022-09-23 00:00:00,Hurricane (>64 knots)
122,AL072022,FIONA,HU,32.5,-67.5,115,2022-09-23 06:00:00,Hurricane (>64 knots)
122,AL072022,FIONA,HU,34.3,-65.0,115,2022-09-23 12:00:00,Hurricane (>64 knots)
122,AL072022,FIONA,HU,37.8,-61.7,110,2022-09-23 18:00:00,Hurricane (>64 knots)
122,AL072022,FIONA,EX,42.3,-60.7,100,2022-09-24 00:00:00,Extratropical Cyclone
122,AL072022,FIONA,EX,45.0,-61.2,85,2022-09-24 06:00:00,Extratropical Cyclone
122,AL072022,FIONA,EX,45.2,-61.2,85,2022-09-24 07:00:00,Extratropical Cyclone
122,AL072022,FIONA,EX,46.8,-61.2,75,2022-09-24 12:00:00,Extratropical Cyclone
122,AL072022,FIONA,EX,47.9,-60.8,65,2022-09-24 18:00:00,Extratropical Cyclone
122,AL072022,FIONA,EX,48.8,-59.8,60,2022-09-25 00:00:00,Extratropical Cyclone
122,AL072022,FIONA,EX,50.6,-58.6,50,2022-09-25 06:00:00,Extratropical Cyclone
122,AL072022,FIONA,EX,51.3,-58.3,45,2022-09-25 08:00:00,Extratropical Cyclone
122,AL072022,FIONA,EX,53.1,-57.5,45,2022-09-25 12:00:00,Extratropical Cyclone
122,AL072022,FIONA,EX,55.5,-58.0,40,2022-09-25 18:00:00,Extratropical Cyclone
122,AL072022,FIONA,EX,57.5,-59.0,35,2022-09-26 00:00:00,Extratropical Cyclone
122,AL072022,FIONA,EX,58.5,-59.0,35,2022-09-26 06:00:00,Extratropical Cyclone
122,AL072022,FIONA,EX,59.5,-59.0,35,2022-09-26 12:00:00,Extratropical Cyclone
122,AL072022,FIONA,EX,60.5,-58.5,35,2022-09-26 18:00:00,Extratropical Cyclone
122,AL072022,FIONA,EX,61.5,-58.0,35,2022-09-27 00:00:00,Extratropical Cyclone
122,AL072022,FIONA,EX,62.5,-57.0,35,2022-09-27 06:00:00,Extratropical Cyclone
122,AL072022,FIONA,EX,63.3,-55.0,35,2022-09-27 12:00:00,Extratropical Cyclone
122,AL082022,GASTON,TS,34.0,-45.0,35,2022-09-20 18:00:00,Tropical Storm (34-63 knots)
122,AL082022,GASTON,TS,35.5,-44.1,45,2022-09-21 00:00:00,Tropical Storm (34-63 knots)
122,AL082022,GASTON,TS,36.9,-43.1,55,2022-09-21 06:00:00,Tropical Storm (34-63 knots)
122,AL082022,GASTON,TS,37.9,-42.0,55,2022-09-21 12:00:00,Tropical Storm (34-63 knots)
122,AL082022,GASTON,TS,38.6,-40.7,55,2022-09-21 18:00:00,Tropical Storm (34-63 knots)
122,AL082022,GASTON,TS,39.4,-38.6,55,2022-09-22 00:00:00,Tropical Storm (34-63 knots)
122,AL082022,GASTON,TS,40.1,-36.5,55,2022-09-22 06:00:00,Tropical Storm (34-63 knots)
122,AL082022,GASTON,TS,40.7,-34.8,55,2022-09-22 12:00:00,Tropical Storm (34-63 knots)
122,AL082022,GASTON,TS,41.0,-33.1,55,2022-09-22 18:00:00,Tropical Storm (34-63 knots)
122,AL082022,GASTON,TS,41.1,-31.5,55,2022-09-23 00:00:00,Tropical Storm (34-63 knots)
122,AL082022,GASTON,TS,40.9,-30.1,55,2022-09-23 06:00:00,Tropical Storm (34-63 knots)
122,AL082022,GASTON,TS,40.5,-29.2,55,2022-09-23 12:00:00,Tropical Storm (34-63 knots)
122,AL082022,GASTON,TS,39.8,-28.8,50,2022-09-23 18:00:00,Tropical Storm (34-63 knots)
122,AL082022,GASTON,TS,39.1,-29.2,45,2022-09-24 00:00:00,Tropical Storm (34-63 knots)
122,AL082022,GASTON,TS,38.7,-29.7,45,2022-09-24 06:00:00,Tropical Storm (34-63 knots)
122,AL082022,GASTON,TS,38.2,-30.4,40,2022-09-24 12:00:00,Tropical Storm (34-63 knots)
122,AL082022,GASTON,TS,38.0,-31.4,45,2022-09-24 18:00:00,Tropical Storm (34-63 knots)
122,AL082022,GASTON,TS,38.4,-32.7,45,2022-09-25 00:00:00,Tropical Storm (34-63 knots)
122,AL082022,GASTON,TS,38.9,-34.1,45,2022-09-25 06:00:00,Tropical Storm (34-63 knots)
122,AL082022,GASTON,TS,39.4,-35.7,45,2022-09-25 12:00:00,Tropical Storm (34-63 knots)
122,AL082022,GASTON,TS,39.2,-37.0,40,2022-09-25 18:00:00,Tropical Storm (34-63 knots)
122,AL082022,GASTON,LO,38.8,-37.7,35,2022-09-26 00:00:00,Low (not tropical/subtropical/extratropical)
122,AL082022,GASTON,LO,38.5,-38.5,35,2022-09-26 06:00:00,Low (not tropical/subtropical/extratropical)
122,AL092022,IAN,TS,14.7,-71.7,35,2022-09-24 00:00:00,Tropical Storm (34-63 knots)
122,AL092022,IAN,TS,14.7,-72.9,35,2022-09-24 06:00:00,Tropical Storm (34-63 knots)
122,AL092022,IAN,TS,14.5,-74.4,40,2022-09-24 12:00:00,Tropical Storm (34-63 knots)
122,AL092022,IAN,TS,14.4,-75.8,40,2022-09-24 18:00:00,Tropical Storm (34-63 knots)
122,AL092022,IAN,TS,14.6,-77.2,40,2022-09-25 00:00:00,Tropical Storm (34-63 knots)
122,AL092022,IAN,TS,14.6,-78.3,40,2022-09-25 06:00:00,Tropical Storm (34-63 knots)
122,AL092022,IAN,TS,15.0,-79.4,40,2022-09-25 12:00:00,Tropical Storm (34-63 knots)
122,AL092022,IAN,TS,15.8,-80.1,40,2022-09-25 18:00:00,Tropical Storm (34-63 knots)
122,AL092022,IAN,TS,16.8,-80.9,50,2022-09-26 00:00:00,Tropical Storm (34-63 knots)
122,AL092022,IAN,HU,17.7,-81.7,65,2022-09-26 06:00:00,Hurricane (>64 knots)
122,AL092022,IAN,HU,18.7,-82.4,70,2022-09-26 12:00:00,Hurricane (>64 knots)
122,AL092022,IAN,HU,19.7,-83.0,80,2022-09-26 18:00:00,Hurricane (>64 knots)
122,AL092022,IAN,HU,20.8,-83.3,85,2022-09-27 00:00:00,Hurricane (>64 knots)
122,AL092022,IAN,HU,21.8,-83.6,100,2022-09-27 06:00:00,Hurricane (>64 knots)
122,AL092022,IAN,HU,22.2,-83.7,110,2022-09-27 08:30:00,Hurricane (>64 knots)
122,AL092022,IAN,HU,22.6,-83.6,100,2022-09-27 12:00:00,Hurricane (>64 knots)
122,AL092022,IAN,HU,23.5,-83.3,105,2022-09-27 18:00:00,Hurricane (>64 knots)
122,AL092022,IAN,HU,24.4,-83.0,105,2022-09-28 00:00:00,Hurricane (>64 knots)
122,AL092022,IAN,HU,24.6,-82.9,110,2022-09-28 02:00:00,Hurricane (>64 knots)
122,AL092022,IAN,HU,25.2,-82.9,120,2022-09-28 06:00:00,Hurricane (>64 knots)
122,AL092022,IAN,HU,26.0,-82.7,140,2022-09-28 12:00:00,Hurricane (>64 knots)
122,AL092022,IAN,HU,26.6,-82.4,135,2022-09-28 18:00:00,Hurricane (>64 knots)
122,AL092022,IAN,HU,26.7,-82.2,130,2022-09-28 19:05:00,Hurricane (>64 knots)
122,AL092022,IAN,HU,26.8,-82.0,125,2022-09-28 20:35:00,Hurricane (>64 knots)
122,AL092022,IAN,HU,27.2,-81.7,100,2022-09-29 00:00:00,Hurricane (>64 knots)
122,AL092022,IAN,HU,27.7,-81.1,65,2022-09-29 06:00:00,Hurricane (>64 knots)
122,AL092022,IAN,TS,28.4,-80.6,60,2022-09-29 12:00:00,Tropical Storm (34-63 knots)
122,AL092022,IAN,HU,28.9,-80.1,65,2022-09-29 18:00:00,Hurricane (>64 knots)
122,AL092022,IAN,HU,29.6,-79.4,70,2022-09-30 00:00:00,Hurricane (>64 knots)
122,AL092022,IAN,HU,30.3,-79.1,75,2022-09-30 06:00:00,Hurricane (>64 knots)
122,AL092022,IAN,HU,31.5,-79.0,75,2022-09-30 12:00:00,Hurricane (>64 knots)
122,AL092022,IAN,HU,33.3,-79.2,70,2022-09-30 18:00:00,Hurricane (>64 knots)
122,AL092022,IAN,HU,33.3,-79.2,70,2022-09-30 18:05:00,Hurricane (>64 knots)
122,AL092022,IAN,EX,34.4,-79.3,50,2022-10-01 00:00:00,Extratropical Cyclone
122,AL102022,HERMINE,TS,18.1,-20.3,35,2022-09-23 18:00:00,Tropical Storm (34-63 knots)
122,AL102022,HERMINE,TS,18.7,-20.7,35,2022-09-24 00:00:00,Tropical Storm (34-63 knots)
122,AL102022,HERMINE,TS,19.4,-20.9,35,2022-09-24 06:00:00,Tropical Storm (34-63 knots)
124,AL012023,UNNAMED,EX,36.4,-71.3,45,2023-01-15 00:00:00,Extratropical Cyclone
124,AL012023,UNNAMED,EX,36.8,-70.6,45,2023-01-15 06:00:00,Extratropical Cyclone
124,AL012023,UNNAMED,EX,37.2,-69.7,45,2023-01-15 12:00:00,Extratropical Cyclone
124,AL012023,UNNAMED,EX,37.4,-68.8,45,2023-01-15 18:00:00,Extratropical Cyclone
124,AL012023,UNNAMED,EX,37.5,-68.3,45,2023-01-16 00:00:00,Extratropical Cyclone
124,AL012023,UNNAMED,EX,37.3,-67.6,50,2023-01-16 06:00:00,Extratropical Cyclone
124,AL012023,UNNAMED,SS,37.1,-66.1,50,2023-01-16 12:00:00,Subtropical Storm (>34 knots)
124,AL012023,UNNAMED,SS,37.6,-63.6,55,2023-01-16 18:00:00,Subtropical Storm (>34 knots)
124,AL012023,UNNAMED,SS,39.8,-61.6,60,2023-01-17 00:00:00,Subtropical Storm (>34 knots)
124,AL012023,UNNAMED,SS,42.4,-60.6,55,2023-01-17 06:00:00,Subtropical Storm (>34 knots)
124,AL012023,UNNAMED,SS,45.5,-60.0,45,2023-01-17 12:00:00,Subtropical Storm (>34 knots)
124,AL012023,UNNAMED,SS,45.9,-60.0,45,2023-01-17 12:45:00,Subtropical Storm (>34 knots)
124,AL012023,UNNAMED,LO,48.4,-60.2,40,2023-01-17 18:00:00,Low (not tropical/subtropical/extratropical)
124,AL012023,UNNAMED,LO,50.4,-60.2,35,2023-01-18 00:00:00,Low (not tropical/subtropical/extratropical)
126,AL022022,BONNIE,DB,11.9,-76.7,35,2022-07-01 00:00:00,Disturbance
126,AL022022,BONNIE,TS,11.6,-78.5,35,2022-07-01 06:00:00,Tropical Storm (34-63 knots)
126,AL022022,BONNIE,TS,11.3,-80.2,35,2022-07-01 12:00:00,Tropical Storm (34-63 knots)
126,AL022022,BONNIE,TS,11.2,-81.8,40,2022-07-01 18:00:00,Tropical Storm (34-63 knots)
126,AL022022,BONNIE,TS,10.9,-83.1,50,2022-07-02 00:00:00,Tropical Storm (34-63 knots)
126,AL022022,BONNIE,TS,11.0,-83.8,50,2022-07-02 03:00:00,Tropical Storm (34-63 knots)
126,AL022022,BONNIE,TS,11.1,-84.5,40,2022-07-02 06:00:00,Tropical Storm (34-63 knots)
126,AL022022,BONNIE,TS,11.2,-85.9,35,2022-07-02 12:00:00,Tropical Storm (34-63 knots)
126,AL022022,BONNIE,TS,11.2,-87.4,45,2022-07-02 18:00:00,Tropical Storm (34-63 knots)
126,AL022022,BONNIE,TS,11.2,-88.9,50,2022-07-03 00:00:00,Tropical Storm (34-63 knots)
126,AL022022,BONNIE,TS,11.5,-90.4,50,2022-07-03 06:00:00,Tropical Storm (34-63 knots)
126,AL022022,BONNIE,TS,11.8,-91.9,55,2022-07-03 12:00:00,Tropical Storm (34-63 knots)
126,AL022022,BONNIE,TS,12.2,-93.4,60,2022-07-03 18:00:00,Tropical Storm (34-63 knots)
126,AL022022,BONNIE,HU,12.9,-94.9,65,2022-07-04 00:00:00,Hurricane (>64 knots)
126,AL022022,BONNIE,HU,13.4,-96.6,70,2022-07-04 06:00:00,Hurricane (>64 knots)
126,AL022022,BONNIE,HU,13.6,-98.2,75,2022-07-04 12:00:00,Hurricane (>64 knots)
126,AL022022,BONNIE,HU,13.8,-99.6,85,2022-07-04 18:00:00,Hurricane (>64 knots)
126,AL022022,BONNIE,HU,14.4,-100.9,90,2022-07-05 00:00:00,Hurricane (>64 knots)
126,AL022022,BONNIE,HU,14.9,-102.4,95,2022-07-05 06:00:00,Hurricane (>64 knots)
126,AL022022,BONNIE,HU,15.1,-103.8,100,2022-07-05 12:00:00,Hurricane (>64 knots)
126,AL022022,BONNIE,HU,15.4,-105.1,95,2022-07-05 18:00:00,Hurricane (>64 knots)
126,AL022022,BONNIE,HU,15.6,-106.4,90,2022-07-06 00:00:00,Hurricane (>64 knots)
126,AL022022,BONNIE,HU,15.8,-107.6,85,2022-07-06 06:00:00,Hurricane (>64 knots)
126,AL022022,BONNIE,HU,16.0,-108.5,85,2022-07-06 12:00:00,Hurricane (>64 knots)
126,AL022022,BONNIE,HU,16.3,-109.5,85,2022-07-06 18:00:00,Hurricane (>64 knots)
126,AL022022,BONNIE,HU,16.6,-110.6,80,2022-07-07 00:00:00,Hurricane (>64 knots)
126,AL022022,BONNIE,HU,16.9,-111.8,80,2022-07-07 06:00:00,Hurricane (>64 knots)
126,AL022022,BONNIE,HU,17.2,-113.1,80,2022-07-07 12:00:00,Hurricane (>64 knots)
126,AL022022,BONNIE,HU,17.5,-114.5,85,2022-07-07 18:00:00,Hurricane (>64 knots)
126,AL022022,BONNIE,HU,17.8,-116.1,85,2022-07-08 00:00:00,Hurricane (>64 knots)
126,AL022022,BONNIE,HU,18.0,-117.7,75,2022-07-08 06:00:00,Hurricane (>64 knots)
126,AL022022,BONNIE,HU,18.2,-119.3,65,2022-07-08 12:00:00,Hurricane (>64 knots)
126,AL022022,BONNIE,TS,18.6,-121.0,55,2022-07-08 18:00:00,Tropical Storm (34-63 knots)
126,AL022022,BONNIE,TS,19.0,-122.8,50,2022-07-09 00:00:00,Tropical Storm (34-63 knots)
126,AL022022,BONNIE,TS,19.2,-124.7,45,2022-07-09 06:00:00,Tropical Storm (34-63 knots)
126,AL022022,BONNIE,TS,19.4,-126.6,40,2022-07-09 12:00:00,Tropical Storm (34-63 knots)
126,AL022022,BONNIE,LO,19.5,-128.6,40,2022-07-09 18:00:00,Low (not tropical/subtropical/extratropical)
126,AL022022,BONNIE,LO,19.6,-130.5,35,2022-07-10 00:00:00,Low (not tropical/subtropical/extratropical)
126,AL022022,BONNIE,LO,19.5,-132.3,35,2022-07-10 06:00:00,Low (not tropical/subtropical/extratropical)
126,AL032022,COLIN,TS,32.4,-80.5,35,2022-07-01 23:30:00,Tropical Storm (34-63 knots)
126,AL032022,COLIN,TS,32.5,-80.4,35,2022-07-02 00:00:00,Tropical Storm (34-63 knots)
126,AL032022,COLIN,TS,33.0,-79.9,35,2022-07-02 06:00:00,Tropical Storm (34-63 knots)
126,AL032022,COLIN,TS,33.4,-79.4,35,2022-07-02 12:00:00,Tropical Storm (34-63 knots)
128,AL052023,DON,TS,35.0,-45.1,40,2023-07-21 06:00:00,Tropical Storm (34-63 knots)
128,AL052023,DON,TS,35.4,-46.0,45,2023-07-21 12:00:00,Tropical Storm (34-63 knots)
128,AL052023,DON,TS,36.2,-47.0,45,2023-07-21 18:00:00,Tropical Storm (34-63 knots)
128,AL052023,DON,TS,36.9,-48.2,45,2023-07-22 00:00:00,Tropical Storm (34-63 knots)
128,AL052023,DON,TS,37.7,-49.3,45,2023-07-22 06:00:00,Tropical Storm (34-63 knots)
128,AL052023,DON,TS,38.5,-49.9,55,2023-07-22 12:00:00,Tropical Storm (34-63 knots)
128,AL052023,DON,HU,39.5,-50.1,65,2023-07-22 18:00:00,Hurricane (>64 knots)
128,AL052023,DON,HU,40.7,-49.9,65,2023-07-23 00:00:00,Hurricane (>64 knots)
128,AL052023,DON,TS,42.0,-49.4,60,2023-07-23 06:00:00,Tropical Storm (34-63 knots)
128,AL052023,DON,TS,43.3,-48.5,55,2023-07-23 12:00:00,Tropical Storm (34-63 knots)
128,AL052023,DON,TS,44.7,-47.3,50,2023-07-23 18:00:00,Tropical Storm (34-63 knots)
128,AL052023,DON,TS,45.9,-45.7,45,2023-07-24 00:00:00,Tropical Storm (34-63 knots)
128,AL052023,DON,LO,46.7,-44.1,40,2023-07-24 06:00:00,Low (not tropical/subtropical/extratropical)
128,AL052023,DON,LO,47.3,-41.9,40,2023-07-24 12:00:00,Low (not tropical/subtropical/extratropical)
128,AL052023,DON,LO,47.8,-39.7,40,2023-07-24 18:00:00,Low (not tropical/subtropical/extratropical)
128,AL052023,DON,LO,48.5,-36.8,35,2023-07-25 00:00:00,Low (not tropical/subtropical/extratropical)
128,AL052023,DON,LO,49.1,-33.7,35,2023-07-25 06:00:00,Low (not tropical/subtropical/extratropical)
130,AL152021,ODETTE,TS,35.9,-72.7,35,2021-09-17 18:00:00,Tropical Storm (34-63 knots)
130,AL152021,ODETTE,TS,36.8,-71.4,40,2021-09-18 00:00:00,Tropical Storm (34-63 knots)
130,AL152021,ODETTE,TS,37.6,-70.1,40,2021-09-18 06:00:00,Tropical Storm (34-63 knots)
130,AL152021,ODETTE,EX,38.3,-68.3,40,2021-09-18 12:00:00,Extratropical Cyclone
130,AL152021,ODETTE,EX,38.7,-66.2,40,2021-09-18 18:00:00,Extratropical Cyclone
130,AL152021,ODETTE,EX,39.2,-64.1,45,2021-09-19 00:00:00,Extratropical Cyclone
130,AL152021,ODETTE,EX,39.9,-61.9,45,2021-09-19 06:00:00,Extratropical Cyclone
130,AL152021,ODETTE,EX,41.1,-59.4,45,2021-09-19 12:00:00,Extratropical Cyclone
130,AL152021,ODETTE,EX,42.7,-56.6,50,2021-09-19 18:00:00,Extratropical Cyclone
130,AL152021,ODETTE,EX,44.1,-54.1,55,2021-09-20 00:00:00,Extratropical Cyclone
130,AL152021,ODETTE,EX,45.0,-51.6,55,2021-09-20 06:00:00,Extratropical Cyclone
130,AL152021,ODETTE,EX,44.7,-49.7,50,2021-09-20 12:00:00,Extratropical Cyclone
130,AL152021,ODETTE,EX,44.2,-48.1,50,2021-09-20 18:00:00,Extratropical Cyclone
130,AL152021,ODETTE,EX,43.2,-46.6,50,2021-09-21 00:00:00,Extratropical Cyclone
130,AL152021,ODETTE,EX,41.8,-45.4,50,2021-09-21 06:00:00,Extratropical Cyclone
130,AL152021,ODETTE,EX,40.4,-43.8,45,2021-09-21 12:00:00,Extratropical Cyclone
130,AL152021,ODETTE,EX,39.9,-41.9,45,2021-09-21 18:00:00,Extratropical Cyclone
130,AL152021,ODETTE,EX,40.2,-40.1,45,2021-09-22 00:00:00,Extratropical Cyclone
130,AL152021,ODETTE,EX,41.3,-39.9,45,2021-09-22 06:00:00,Extratropical Cyclone
130,AL152021,ODETTE,EX,42.4,-40.2,45,2021-09-22 12:00:00,Extratropical Cyclone
130,AL152021,ODETTE,EX,43.5,-40.8,40,2021-09-22 18:00:00,Extratropical Cyclone
130,AL152021,ODETTE,EX,44.1,-41.2,40,2021-09-23 00:00:00,Extratropical Cyclone
130,AL152021,ODETTE,EX,44.2,-41.8,40,2021-09-23 06:00:00,Extratropical Cyclone
130,AL152021,ODETTE,EX,44.1,-42.4,40,2021-09-23 12:00:00,Extratropical Cyclone
130,AL152021,ODETTE,EX,43.8,-42.0,35,2021-09-23 18:00:00,Extratropical Cyclone
130,AL152021,ODETTE,EX,44.1,-41.4,35,2021-09-24 00:00:00,Extratropical Cyclone
130,AL152021,ODETTE,EX,44.1,-41.0,35,2021-09-24 06:00:00,Extratropical Cyclone
130,AL152021,ODETTE,EX,43.6,-40.5,35,2021-09-24 12:00:00,Extratropical Cyclone
130,AL152021,ODETTE,LO,42.7,-40.0,35,2021-09-24 18:00:00,Low (not tropical/subtropical/extratropical)
130,AL152021,ODETTE,LO,41.6,-39.4,35,2021-09-25 00:00:00,Low (not tropical/subtropical/extratropical)
130,AL152021,ODETTE,LO,40.3,-38.7,35,2021-09-25 06:00:00,Low (not tropical/subtropical/extratropical)
130,AL152021,ODETTE,LO,38.9,-38.0,35,2021-09-25 12:00:00,Low (not tropical/subtropical/extratropical)
130,AL152021,ODETTE,LO,37.3,-38.1,35,2021-09-25 18:00:00,Low (not tropical/subtropical/extratropical)
130,AL152021,ODETTE,LO,35.8,-38.6,35,2021-09-26 00:00:00,Low (not tropical/subtropical/extratropical)
130,AL162021,PETER,TS,16.8,-54.4,35,2021-09-19 06:00:00,Tropical Storm (34-63 knots)
130,AL162021,PETER,TS,17.3,-55.8,40,2021-09-19 12:00:00,Tropical Storm (34-63 knots)
130,AL162021,PETER,TS,17.9,-57.0,45,2021-09-19 18:00:00,Tropical Storm (34-63 knots)
130,AL162021,PETER,TS,18.4,-58.0,45,2021-09-20 00:00:00,Tropical Storm (34-63 knots)
130,AL162021,PETER,TS,18.8,-59.0,45,2021-09-20 06:00:00,Tropical Storm (34-63 knots)
130,AL162021,PETER,TS,19.2,-60.1,45,2021-09-20 12:00:00,Tropical Storm (34-63 knots)
130,AL162021,PETER,TS,19.5,-61.2,45,2021-09-20 18:00:00,Tropical Storm (34-63 knots)
130,AL162021,PETER,TS,19.6,-62.3,45,2021-09-21 00:00:00,Tropical Storm (34-63 knots)
130,AL162021,PETER,TS,19.6,-63.2,40,2021-09-21 06:00:00,Tropical Storm (34-63 knots)
130,AL162021,PETER,TS,19.8,-64.0,35,2021-09-21 12:00:00,Tropical Storm (34-63 knots)
130,AL172021,ROSE,TS,13.8,-29.4,35,2021-09-19 18:00:00,Tropical Storm (34-63 knots)
130,AL172021,ROSE,TS,14.7,-30.6,35,2021-09-20 00:00:00,Tropical Storm (34-63 knots)
130,AL172021,ROSE,TS,15.6,-31.8,35,2021-09-20 06:00:00,Tropical Storm (34-63 knots)
130,AL172021,ROSE,TS,16.7,-32.9,35,2021-09-20 12:00:00,Tropical Storm (34-63 knots)
130,AL172021,ROSE,TS,17.7,-34.1,40,2021-09-20 18:00:00,Tropical Storm (34-63 knots)
130,AL172021,ROSE,TS,18.8,-35.3,50,2021-09-21 00:00:00,Tropical Storm (34-63 knots)
130,AL172021,ROSE,TS,20.0,-36.1,40,2021-09-21 06:00:00,Tropical Storm (34-63 knots)
130,AL172021,ROSE,TS,21.1,-36.7,35,2021-09-21 12:00:00,Tropical Storm (34-63 knots)
130,AL172021,ROSE,TS,22.1,-37.3,35,2021-09-21 18:00:00,Tropical Storm (34-63 knots)
130,AL172021,ROSE,TS,22.7,-37.7,35,2021-09-22 00:00:00,Tropical Storm (34-63 knots)
130,AL182021,SAM,TS,10.4,-36.0,35,2021-09-23 06:00:00,Tropical Storm (34-63 knots)
130,AL182021,SAM,TS,10.7,-37.6,45,2021-09-23 12:00:00,Tropical Storm (34-63 knots)
130,AL182021,SAM,TS,10.9,-39.0,50,2021-09-23 18:00:00,Tropical Storm (34-63 knots)
130,AL182021,SAM,TS,11.1,-40.3,60,2021-09-24 00:00:00,Tropical Storm (34-63 knots)
130,AL182021,SAM,HU,11.4,-41.6,65,2021-09-24 06:00:00,Hurricane (>64 knots)
130,AL182021,SAM,HU,11.6,-43.0,65,2021-09-24 12:00:00,Hurricane (>64 knots)
130,AL182021,SAM,HU,11.9,-44.3,70,2021-09-24 18:00:00,Hurricane (>64 knots)
130,AL182021,SAM,HU,12.3,-45.4,85,2021-09-25 00:00:00,Hurricane (>64 knots)
130,AL182021,SAM,HU,12.6,-46.3,95,2021-09-25 06:00:00,Hurricane (>64 knots)
130,AL182021,SAM,HU,12.8,-47.2,105,2021-09-25 12:00:00,Hurricane (>64 knots)
130,AL182021,SAM,HU,13.1,-48.1,115,2021-09-25 18:00:00,Hurricane (>64 knots)
130,AL182021,SAM,HU,13.4,-48.8,130,2021-09-26 00:00:00,Hurricane (>64 knots)
130,AL182021,SAM,HU,13.6,-49.4,130,2021-09-26 06:00:00,Hurricane (>64 knots)
130,AL182021,SAM,HU,13.8,-50.0,130,2021-09-26 12:00:00,Hurricane (>64 knots)
130,AL182021,SAM,HU,14.1,-50.3,135,2021-09-26 18:00:00,Hurricane (>64 knots)
130,AL182021,SAM,HU,14.5,-50.6,130,2021-09-27 00:00:00,Hurricane (>64 knots)
130,AL182021,SAM,HU,15.0,-51.1,115,2021-09-27 06:00:00,Hurricane (>64 knots)
130,AL182021,SAM,HU,15.4,-51.7,105,2021-09-27 12:00:00,Hurricane (>64 knots)
130,AL182021,SAM,HU,15.9,-52.3,105,2021-09-27 18:00:00,Hurricane (>64 knots)
130,AL182021,SAM,HU,16.5,-52.9,105,2021-09-28 00:00:00,Hurricane (>64 knots)
130,AL182021,SAM,HU,16.9,-53.5,115,2021-09-28 06:00:00,Hurricane (>64 knots)
130,AL182021,SAM,HU,17.3,-54.1,115,2021-09-28 12:00:00,Hurricane (>64 knots)
130,AL182021,SAM,HU,17.7,-54.7,115,2021-09-28 18:00:00,Hurricane (>64 knots)
130,AL182021,SAM,HU,18.1,-55.3,115,2021-09-29 00:00:00,Hurricane (>64 knots)
130,AL182021,SAM,HU,18.6,-55.9,115,2021-09-29 06:00:00,Hurricane (>64 knots)
130,AL182021,SAM,HU,19.1,-56.6,115,2021-09-29 12:00:00,Hurricane (>64 knots)
130,AL182021,SAM,HU,19.7,-57.3,115,2021-09-29 18:00:00,Hurricane (>64 knots)
130,AL182021,SAM,HU,20.3,-58.0,125,2021-09-30 00:00:00,Hurricane (>64 knots)
130,AL182021,SAM,HU,21.0,-58.8,125,2021-09-30 06:00:00,Hurricane (>64 knots)
130,AL182021,SAM,HU,22.0,-59.6,125,2021-09-30 12:00:00,Hurricane (>64 knots)
130,AL182021,SAM,HU,23.0,-60.4,125,2021-09-30 18:00:00,Hurricane (>64 knots)
130,AL182021,SAM,HU,24.3,-61.0,125,2021-10-01 00:00:00,Hurricane (>64 knots)
130,AL182021,SAM,HU,25.8,-61.6,130,2021-10-01 06:00:00,Hurricane (>64 knots)
130,AL182021,SAM,HU,27.4,-61.9,130,2021-10-01 12:00:00,Hurricane (>64 knots)
130,AL182021,SAM,HU,29.2,-61.9,130,2021-10-01 18:00:00,Hurricane (>64 knots)
130,AL182021,SAM,HU,30.8,-61.5,125,2021-10-02 00:00:00,Hurricane (>64 knots)
130,AL182021,SAM,HU,32.1,-61.0,120,2021-10-02 06:00:00,Hurricane (>64 knots)
130,AL182021,SAM,HU,33.4,-60.1,115,2021-10-02 12:00:00,Hurricane (>64 knots)
130,AL182021,SAM,HU,34.7,-59.1,110,2021-10-02 18:00:00,Hurricane (>64 knots)
130,AL182021,SAM,HU,35.8,-57.9,100,2021-10-03 00:00:00,Hurricane (>64 knots)
130,AL182021,SAM,HU,36.7,-56.6,90,2021-10-03 06:00:00,Hurricane (>64 knots)
130,AL182021,SAM,HU,37.3,-55.4,85,2021-10-03 12:00:00,Hurricane (>64 knots)
130,AL182021,SAM,HU,38.0,-53.9,85,2021-10-03 18:00:00,Hurricane (>64 knots)
130,AL182021,SAM,HU,38.7,-52.2,90,2021-10-04 00:00:00,Hurricane (>64 knots)
130,AL182021,SAM,HU,39.9,-49.9,90,2021-10-04 06:00:00,Hurricane (>64 knots)
130,AL192021,TERESA,SS,32.8,-62.9,35,2021-09-24 12:00:00,Subtropical Storm (>34 knots)
130,AL192021,TERESA,SS,33.6,-64.1,40,2021-09-24 18:00:00,Subtropical Storm (>34 knots)
130,AL192021,TERESA,SS,34.1,-65.0,40,2021-09-25 00:00:00,Subtropical Storm (>34 knots)
130,AL192021,TERESA,SS,34.3,-65.5,35,2021-09-25 06:00:00,Subtropical Storm (>34 knots)
130,AL202021,VICTOR,TS,8.1,-25.1,35,2021-09-29 18:00:00,Tropical Storm (34-63 knots)
130,AL202021,VICTOR,TS,8.3,-26.0,35,2021-09-30 00:00:00,Tropical Storm (34-63 knots)
130,AL202021,VICTOR,TS,8.7,-27.1,40,2021-09-30 06:00:00,Tropical Storm (34-63 knots)
130,AL202021,VICTOR,TS,9.2,-28.4,40,2021-09-30 12:00:00,Tropical Storm (34-63 knots)
130,AL202021,VICTOR,TS,9.8,-29.5,45,2021-09-30 18:00:00,Tropical Storm (34-63 knots)
130,AL202021,VICTOR,TS,10.5,-30.6,50,2021-10-01 00:00:00,Tropical Storm (34-63 knots)
130,AL202021,VICTOR,TS,11.0,-31.8,50,2021-10-01 06:00:00,Tropical Storm (34-63 knots)
130,AL202021,VICTOR,TS,11.4,-33.0,55,2021-10-01 12:00:00,Tropical Storm (34-63 knots)
130,AL202021,VICTOR,TS,11.8,-33.9,55,2021-10-01 18:00:00,Tropical Storm (34-63 knots)
130,AL202021,VICTOR,TS,12.1,-34.9,50,2021-10-02 00:00:00,Tropical Storm (34-63 knots)
130,AL202021,VICTOR,TS,12.5,-35.8,45,2021-10-02 06:00:00,Tropical Storm (34-63 knots)
130,AL202021,VICTOR,TS,12.7,-36.7,35,2021-10-02 12:00:00,Tropical Storm (34-63 knots)
131,AL072021,GRACE,HU,20.7,-95.8,105,2021-08-21 00:00:00,Hurricane (>64 knots)
131,AL072021,GRACE,HU,20.6,-97.1,105,2021-08-21 05:30:00,Hurricane (>64 knots)
131,AL072021,GRACE,HU,20.6,-97.2,100,2021-08-21 06:00:00,Hurricane (>64 knots)
131,AL072021,GRACE,TS,20.2,-98.0,60,2021-08-21 12:00:00,Tropical Storm (34-63 knots)
131,AL082021,HENRI,TS,31.6,-73.7,60,2021-08-21 00:00:00,Tropical Storm (34-63 knots)
131,AL082021,HENRI,TS,32.5,-73.4,60,2021-08-21 06:00:00,Tropical Storm (34-63 knots)
131,AL082021,HENRI,HU,33.6,-72.7,65,2021-08-21 12:00:00,Hurricane (>64 knots)
131,AL082021,HENRI,HU,35.4,-71.8,65,2021-08-21 18:00:00,Hurricane (>64 knots)
131,AL082021,HENRI,HU,37.6,-70.9,65,2021-08-22 00:00:00,Hurricane (>64 knots)
131,AL082021,HENRI,HU,39.4,-71.0,65,2021-08-22 06:00:00,Hurricane (>64 knots)
131,AL082021,HENRI,TS,40.7,-71.3,55,2021-08-22 12:00:00,Tropical Storm (34-63 knots)
131,AL082021,HENRI,TS,41.2,-71.6,55,2021-08-22 15:20:00,Tropical Storm (34-63 knots)
131,AL082021,HENRI,TS,41.3,-71.8,55,2021-08-22 16:15:00,Tropical Storm (34-63 knots)
131,AL082021,HENRI,TS,41.5,-72.0,40,2021-08-22 18:00:00,Tropical Storm (34-63 knots)
131,AL092021,IDA,TS,17.4,-79.5,35,2021-08-26 18:00:00,Tropical Storm (34-63 knots)
131,AL092021,IDA,TS,18.3,-80.2,40,2021-08-27 00:00:00,Tropical Storm (34-63 knots)
131,AL092021,IDA,TS,19.4,-80.9,45,2021-08-27 06:00:00,Tropical Storm (34-63 knots)
131,AL092021,IDA,TS,20.4,-81.7,55,2021-08-27 12:00:00,Tropical Storm (34-63 knots)
131,AL092021,IDA,HU,21.5,-82.6,70,2021-08-27 18:00:00,Hurricane (>64 knots)
131,AL092021,IDA,HU,22.4,-83.2,70,2021-08-27 23:25:00,Hurricane (>64 knots)
131,AL092021,IDA,HU,22.6,-83.5,70,2021-08-28 00:00:00,Hurricane (>64 knots)
131,AL092021,IDA,HU,23.5,-84.7,70,2021-08-28 06:00:00,Hurricane (>64 knots)
131,AL092021,IDA,HU,24.4,-85.7,70,2021-08-28 12:00:00,Hurricane (>64 knots)
131,AL092021,IDA,HU,25.6,-86.6,80,2021-08-28 18:00:00,Hurricane (>64 knots)
131,AL092021,IDA,HU,26.7,-87.6,90,2021-08-29 00:00:00,Hurricane (>64 knots)
131,AL092021,IDA,HU,27.6,-88.7,115,2021-08-29 06:00:00,Hurricane (>64 knots)
131,AL092021,IDA,HU,28.5,-89.6,130,2021-08-29 12:00:00,Hurricane (>64 knots)
131,AL092021,IDA,HU,29.1,-90.2,130,2021-08-29 16:55:00,Hurricane (>64 knots)
131,AL092021,IDA,HU,29.2,-90.4,125,2021-08-29 18:00:00,Hurricane (>64 knots)
131,AL092021,IDA,HU,29.9,-90.6,105,2021-08-30 00:00:00,Hurricane (>64 knots)
131,AL092021,IDA,HU,30.6,-90.8,65,2021-08-30 06:00:00,Hurricane (>64 knots)
131,AL092021,IDA,TS,31.5,-90.9,40,2021-08-30 12:00:00,Tropical Storm (34-63 knots)
131,AL092021,IDA,TS,32.2,-90.5,35,2021-08-30 18:00:00,Tropical Storm (34-63 knots)
131,AL092021,IDA,EX,39.8,-75.6,35,2021-09-02 00:00:00,Extratropical Cyclone
131,AL092021,IDA,EX,40.6,-72.8,40,2021-09-02 06:00:00,Extratropical Cyclone
131,AL092021,IDA,EX,41.4,-69.7,40,2021-09-02 12:00:00,Extratropical Cyclone
131,AL092021,IDA,EX,43.3,-67.2,40,2021-09-02 18:00:00,Extratropical Cyclone
131,AL092021,IDA,EX,45.4,-64.7,40,2021-09-03 00:00:00,Extratropical Cyclone
131,AL092021,IDA,EX,46.6,-63.6,45,2021-09-03 06:00:00,Extratropical Cyclone
131,AL092021,IDA,EX,47.5,-62.7,45,2021-09-03 12:00:00,Extratropical Cyclone
131,AL092021,IDA,EX,48.6,-62.4,45,2021-09-03 18:00:00,Extratropical Cyclone
131,AL092021,IDA,EX,48.8,-63.1,45,2021-09-04 00:00:00,Extratropical Cyclone
131,AL092021,IDA,EX,48.7,-63.9,40,2021-09-04 06:00:00,Extratropical Cyclone
131,AL092021,IDA,EX,47.6,-63.9,35,2021-09-04 12:00:00,Extratropical Cyclone
131,AL102021,KATE,TS,20.5,-50.6,35,2021-08-30 06:00:00,Tropical Storm (34-63 knots)
131,AL102021,KATE,TS,21.3,-50.8,40,2021-08-30 12:00:00,Tropical Storm (34-63 knots)
131,AL102021,KATE,TS,22.1,-50.9,35,2021-08-30 18:00:00,Tropical Storm (34-63 knots)
131,AL102021,KATE,TS,22.6,-50.9,35,2021-08-31 00:00:00,Tropical Storm (34-63 knots)
131,AL102021,KATE,TS,22.8,-50.9,35,2021-08-31 06:00:00,Tropical Storm (34-63 knots)
131,AL112021,JULIAN,TS,33.5,-49.3,35,2021-08-29 06:00:00,Tropical Storm (34-63 knots)
131,AL112021,JULIAN,TS,34.5,-47.8,45,2021-08-29 12:00:00,Tropical Storm (34-63 knots)
131,AL112021,JULIAN,TS,35.9,-45.7,50,2021-08-29 18:00:00,Tropical Storm (34-63 knots)
131,AL112021,JULIAN,TS,37.1,-42.6,50,2021-08-30 00:00:00,Tropical Storm (34-63 knots)
131,AL112021,JULIAN,TS,38.9,-40.0,50,2021-08-30 06:00:00,Tropical Storm (34-63 knots)
131,AL112021,JULIAN,EX,40.6,-37.9,50,2021-08-30 12:00:00,Extratropical Cyclone
131,AL112021,JULIAN,EX,42.5,-36.0,45,2021-08-30 18:00:00,Extratropical Cyclone
131,AL112021,JULIAN,EX,44.8,-35.1,45,2021-08-31 00:00:00,Extratropical Cyclone
131,AL112021,JULIAN,EX,47.5,-34.5,45,2021-08-31 06:00:00,Extratropical Cyclone
131,AL112021,JULIAN,EX,50.5,-35.5,45,2021-08-31 12:00:00,Extratropical Cyclone
131,AL122021,LARRY,TS,11.9,-22.5,35,2021-09-01 00:00:00,Tropical Storm (34-63 knots)
131,AL122021,LARRY,TS,12.2,-24.5,40,2021-09-01 06:00:00,Tropical Storm (34-63 knots)
131,AL122021,LARRY,TS,12.4,-26.5,45,2021-09-01 12:00:00,Tropical Storm (34-63 knots)
131,AL122021,LARRY,TS,12.5,-28.4,55,2021-09-01 18:00:00,Tropical Storm (34-63 knots)
131,AL122021,LARRY,TS,12.7,-30.0,60,2021-09-02 00:00:00,Tropical Storm (34-63 knots)
131,AL122021,LARRY,HU,13.0,-31.6,65,2021-09-02 06:00:00,Hurricane (>64 knots)
131,AL122021,LARRY,HU,13.3,-33.3,70,2021-09-02 12:00:00,Hurricane (>64 knots)
131,AL122021,LARRY,HU,13.6,-35.0,70,2021-09-02 18:00:00,Hurricane (>64 knots)
131,AL122021,LARRY,HU,13.9,-36.7,75,2021-09-03 00:00:00,Hurricane (>64 knots)
131,AL122021,LARRY,HU,14.1,-38.4,80,2021-09-03 06:00:00,Hurricane (>64 knots)
131,AL122021,LARRY,HU,14.4,-40.0,80,2021-09-03 12:00:00,Hurricane (>64 knots)
131,AL122021,LARRY,HU,14.7,-41.4,90,2021-09-03 18:00:00,Hurricane (>64 knots)
131,AL122021,LARRY,HU,15.2,-42.7,100,2021-09-04 00:00:00,Hurricane (>64 knots)
131,AL122021,LARRY,HU,15.8,-44.0,110,2021-09-04 06:00:00,Hurricane (>64 knots)
131,AL122021,LARRY,HU,16.4,-45.3,110,2021-09-04 12:00:00,Hurricane (>64 knots)
131,AL122021,LARRY,HU,17.0,-46.5,105,2021-09-04 18:00:00,Hurricane (>64 knots)
131,AL122021,LARRY,HU,17.7,-47.5,105,2021-09-05 00:00:00,Hurricane (>64 knots)
131,AL122021,LARRY,HU,18.4,-48.5,105,2021-09-05 06:00:00,Hurricane (>64 knots)
131,AL122021,LARRY,HU,19.2,-49.4,110,2021-09-05 12:00:00,Hurricane (>64 knots)
131,AL122021,LARRY,HU,20.0,-50.3,110,2021-09-05 18:00:00,Hurricane (>64 knots)
131,AL122021,LARRY,HU,20.7,-51.2,110,2021-09-06 00:00:00,Hurricane (>64 knots)
131,AL122021,LARRY,HU,21.2,-52.0,105,2021-09-06 06:00:00,Hurricane (>64 knots)
131,AL122021,LARRY,HU,21.6,-52.7,105,2021-09-06 12:00:00,Hurricane (>64 knots)
131,AL122021,LARRY,HU,22.1,-53.5,105,2021-09-06 18:00:00,Hurricane (>64 knots)
131,AL122021,LARRY,HU,22.7,-54.2,105,2021-09-07 00:00:00,Hurricane (>64 knots)
131,AL122021,LARRY,HU,23.3,-54.8,100,2021-09-07 06:00:00,Hurricane (>64 knots)
131,AL122021,LARRY,HU,24.0,-55.4,95,2021-09-07 12:00:00,Hurricane (>64 knots)
131,AL122021,LARRY,HU,24.7,-56.0,95,2021-09-07 18:00:00,Hurricane (>64 knots)
131,AL122021,LARRY,HU,25.4,-56.5,95,2021-09-08 00:00:00,Hurricane (>64 knots)
131,AL122021,LARRY,HU,26.2,-57.1,95,2021-09-08 06:00:00,Hurricane (>64 knots)
131,AL122021,LARRY,HU,27.2,-57.9,90,2021-09-08 12:00:00,Hurricane (>64 knots)
131,AL122021,LARRY,HU,28.2,-58.9,90,2021-09-08 18:00:00,Hurricane (>64 knots)
131,AL122021,LARRY,HU,29.1,-59.9,85,2021-09-09 00:00:00,Hurricane (>64 knots)
131,AL122021,LARRY,HU,30.1,-60.8,80,2021-09-09 06:00:00,Hurricane (>64 knots)
131,AL122021,LARRY,HU,31.3,-61.5,80,2021-09-09 12:00:00,Hurricane (>64 knots)
131,AL122021,LARRY,HU,32.8,-62.1,80,2021-09-09 18:00:00,Hurricane (>64 knots)
131,AL122021,LARRY,HU,34.4,-62.3,80,2021-09-10 00:00:00,Hurricane (>64 knots)
131,AL122021,LARRY,HU,36.5,-62.2,75,2021-09-10 06:00:00,Hurricane (>64 knots)
131,AL122021,LARRY,HU,38.9,-61.1,70,2021-09-10 12:00:00,Hurricane (>64 knots)
131,AL122021,LARRY,HU,41.9,-59.5,70,2021-09-10 18:00:00,Hurricane (>64 knots)
131,AL122021,LARRY,HU,45.1,-56.6,70,2021-09-11 00:00:00,Hurricane (>64 knots)
131,AL122021,LARRY,HU,47.3,-54.6,70,2021-09-11 03:30:00,Hurricane (>64 knots)
131,AL122021,LARRY,HU,48.8,-53.3,65,2021-09-11 06:00:00,Hurricane (>64 knots)
131,AL122021,LARRY,EX,52.5,-49.7,60,2021-09-11 12:00:00,Extratropical Cyclone
131,AL122021,LARRY,EX,55.3,-46.8,55,2021-09-11 18:00:00,Extratropical Cyclone
131,AL132021,MINDY,TS,28.4,-86.8,35,2021-09-08 18:00:00,Tropical Storm (34-63 knots)
131,AL132021,MINDY,TS,29.5,-85.4,45,2021-09-09 00:00:00,Tropical Storm (34-63 knots)
131,AL132021,MINDY,TS,29.7,-85.1,50,2021-09-09 01:15:00,Tropical Storm (34-63 knots)
131,AL132021,MINDY,TS,30.5,-83.9,35,2021-09-09 06:00:00,Tropical Storm (34-63 knots)
131,AL142021,NICHOLAS,TS,21.0,-95.2,35,2021-09-12 12:00:00,Tropical Storm (34-63 knots)
131,AL142021,NICHOLAS,TS,22.4,-95.6,35,2021-09-12 18:00:00,Tropical Storm (34-63 knots)
131,AL142021,NICHOLAS,TS,23.7,-96.1,40,2021-09-13 00:00:00,Tropical Storm (34-63 knots)
131,AL142021,NICHOLAS,TS,24.8,-96.5,50,2021-09-13 06:00:00,Tropical Storm (34-63 knots)
135,AL062023,GERT,TS,27.9,-54.8,35,2023-09-01 18:00:00,Tropical Storm (34-63 knots)
135,AL062023,GERT,TS,27.7,-54.6,35,2023-09-02 00:00:00,Tropical Storm (34-63 knots)
135,AL062023,GERT,TS,27.6,-54.4,40,2023-09-02 06:00:00,Tropical Storm (34-63 knots)
135,AL062023,GERT,TS,27.7,-54.1,45,2023-09-02 12:00:00,Tropical Storm (34-63 knots)
135,AL062023,GERT,TS,28.1,-53.8,45,2023-09-02 18:00:00,Tropical Storm (34-63 knots)
135,AL062023,GERT,TS,28.6,-53.5,50,2023-09-03 00:00:00,Tropical Storm (34-63 knots)
135,AL062023,GERT,TS,29.3,-53.0,50,2023-09-03 06:00:00,Tropical Storm (34-63 knots)
135,AL062023,GERT,TS,30.4,-52.4,50,2023-09-03 12:00:00,Tropical Storm (34-63 knots)
135,AL062023,GERT,TS,31.9,-51.6,45,2023-09-03 18:00:00,Tropical Storm (34-63 knots)
135,AL062023,GERT,TS,33.9,-50.9,45,2023-09-04 00:00:00,Tropical Storm (34-63 knots)
135,AL062023,GERT,TS,36.5,-50.7,45,2023-09-04 06:00:00,Tropical Storm (34-63 knots)
135,AL062023,GERT,LO,39.4,-50.8,40,2023-09-04 12:00:00,Low (not tropical/subtropical/extratropical)
135,AL082023,FRANKLIN,HU,31.8,-69.5,100,2023-08-30 00:00:00,Hurricane (>64 knots)
135,AL082023,FRANKLIN,HU,32.6,-68.7,95,2023-08-30 06:00:00,Hurricane (>64 knots)
135,AL082023,FRANKLIN,HU,33.2,-67.8,95,2023-08-30 12:00:00,Hurricane (>64 knots)
135,AL082023,FRANKLIN,HU,33.9,-66.7,90,2023-08-30 18:00:00,Hurricane (>64 knots)
135,AL082023,FRANKLIN,HU,34.4,-65.2,90,2023-08-31 00:00:00,Hurricane (>64 knots)
135,AL082023,FRANKLIN,HU,34.7,-63.9,85,2023-08-31 06:00:00,Hurricane (>64 knots)
135,AL082023,FRANKLIN,HU,35.1,-62.6,85,2023-08-31 12:00:00,Hurricane (>64 knots)
135,AL082023,FRANKLIN,HU,35.6,-61.1,80,2023-08-31 18:00:00,Hurricane (>64 knots)
135,AL082023,FRANKLIN,HU,36.4,-59.7,75,2023-09-01 00:00:00,Hurricane (>64 knots)
135,AL082023,FRANKLIN,HU,37.4,-58.2,70,2023-09-01 06:00:00,Hurricane (>64 knots)
135,AL082023,FRANKLIN,HU,38.2,-56.6,65,2023-09-01 12:00:00,Hurricane (>64 knots)
135,AL082023,FRANKLIN,EX,38.8,-54.6,70,2023-09-01 18:00:00,Extratropical Cyclone
135,AL082023,FRANKLIN,EX,39.6,-52.0,70,2023-09-02 00:00:00,Extratropical Cyclone
135,AL082023,FRANKLIN,EX,41.2,-48.8,70,2023-09-02 06:00:00,Extratropical Cyclone
135,AL082023,FRANKLIN,EX,43.0,-45.9,65,2023-09-02 12:00:00,Extratropical Cyclone
135,AL082023,FRANKLIN,EX,44.8,-43.4,65,2023-09-02 18:00:00,Extratropical Cyclone
135,AL082023,FRANKLIN,EX,45.8,-41.0,65,2023-09-03 00:00:00,Extratropical Cyclone
135,AL082023,FRANKLIN,EX,46.4,-38.7,60,2023-09-03 06:00:00,Extratropical Cyclone
135,AL082023,FRANKLIN,EX,47.0,-36.2,55,2023-09-03 12:00:00,Extratropical Cyclone
135,AL082023,FRANKLIN,EX,47.7,-33.4,55,2023-09-03 18:00:00,Extratropical Cyclone
135,AL082023,FRANKLIN,EX,47.8,-30.8,50,2023-09-04 00:00:00,Extratropical Cyclone
135,AL082023,FRANKLIN,EX,47.5,-28.6,45,2023-09-04 06:00:00,Extratropical Cyclone
135,AL082023,FRANKLIN,EX,47.1,-27.3,40,2023-09-04 12:00:00,Extratropical Cyclone
135,AL082023,FRANKLIN,EX,46.7,-26.8,40,2023-09-04 18:00:00,Extratropical Cyclone
135,AL082023,FRANKLIN,EX,46.0,-26.6,40,2023-09-05 00:00:00,Extratropical Cyclone
135,AL082023,FRANKLIN,EX,44.6,-26.3,40,2023-09-05 06:00:00,Extratropical Cyclone
135,AL082023,FRANKLIN,EX,42.8,-25.4,40,2023-09-05 12:00:00,Extratropical Cyclone
135,AL082023,FRANKLIN,EX,41.0,-23.8,40,2023-09-05 18:00:00,Extratropical Cyclone
135,AL082023,FRANKLIN,EX,40.1,-21.6,35,2023-09-06 00:00:00,Extratropical Cyclone
135,AL082023,FRANKLIN,EX,40.1,-19.4,35,2023-09-06 06:00:00,Extratropical Cyclone
135,AL082023,FRANKLIN,EX,41.3,-17.7,40,2023-09-06 12:00:00,Extratropical Cyclone
135,AL082023,FRANKLIN,EX,43.3,-16.5,45,2023-09-06 18:00:00,Extratropical Cyclone
135,AL082023,FRANKLIN,EX,45.4,-16.0,50,2023-09-07 00:00:00,Extratropical Cyclone
135,AL082023,FRANKLIN,EX,46.8,-16.1,50,2023-09-07 06:00:00,Extratropical Cyclone
135,AL082023,FRANKLIN,EX,47.7,-16.3,45,2023-09-07 12:00:00,Extratropical Cyclone
135,AL082023,FRANKLIN,EX,48.5,-16.5,40,2023-09-07 18:00:00,Extratropical Cyclone
135,AL082023,FRANKLIN,EX,48.5,-17.2,35,2023-09-08 00:00:00,Extratropical Cyclone
135,AL102023,IDALIA,HU,26.9,-84.7,90,2023-08-30 00:00:00,Hurricane (>64 knots)
135,AL102023,IDALIA,HU,28.3,-84.5,105,2023-08-30 06:00:00,Hurricane (>64 knots)
135,AL102023,IDALIA,HU,29.1,-84.1,115,2023-08-30 09:00:00,Hurricane (>64 knots)
135,AL102023,IDALIA,HU,29.9,-83.6,100,2023-08-30 11:45:00,Hurricane (>64 knots)
135,AL102023,IDALIA,HU,30.0,-83.5,100,2023-08-30 12:00:00,Hurricane (>64 knots)
135,AL102023,IDALIA,TS,31.5,-82.5,60,2023-08-30 18:00:00,Tropical Storm (34-63 knots)
135,AL102023,IDALIA,TS,32.7,-80.9,50,2023-08-31 00:00:00,Tropical Storm (34-63 knots)
135,AL102023,IDALIA,TS,33.5,-78.9,50,2023-08-31 06:00:00,Tropical Storm (34-63 knots)
135,AL102023,IDALIA,EX,33.7,-77.0,55,2023-08-31 12:00:00,Extratropical Cyclone
135,AL102023,IDALIA,EX,33.6,-74.6,55,2023-08-31 18:00:00,Extratropical Cyclone
135,AL102023,IDALIA,EX,33.4,-72.3,55,2023-09-01 00:00:00,Extratropical Cyclone
135,AL102023,IDALIA,EX,32.7,-70.5,50,2023-09-01 06:00:00,Extratropical Cyclone
135,AL102023,IDALIA,EX,32.3,-68.8,50,2023-09-01 12:00:00,Extratropical Cyclone
135,AL102023,IDALIA,EX,32.1,-67.1,50,2023-09-01 18:00:00,Extratropical Cyclone
135,AL102023,IDALIA,EX,31.9,-65.7,50,2023-09-02 00:00:00,Extratropical Cyclone
135,AL102023,IDALIA,EX,31.8,-64.7,50,2023-09-02 06:00:00,Extratropical Cyclone
135,AL102023,IDALIA,EX,31.8,-63.9,50,2023-09-02 12:00:00,Extratropical Cyclone
135,AL102023,IDALIA,EX,31.8,-63.1,50,2023-09-02 18:00:00,Extratropical Cyclone
135,AL102023,IDALIA,EX,32.0,-62.2,50,2023-09-03 00:00:00,Extratropical Cyclone
135,AL102023,IDALIA,EX,32.5,-61.3,50,2023-09-03 06:00:00,Extratropical Cyclone
135,AL102023,IDALIA,EX,33.4,-60.5,50,2023-09-03 12:00:00,Extratropical Cyclone
135,AL102023,IDALIA,EX,34.9,-59.7,55,2023-09-03 18:00:00,Extratropical Cyclone
135,AL102023,IDALIA,EX,36.2,-58.9,60,2023-09-04 00:00:00,Extratropical Cyclone
135,AL102023,IDALIA,EX,37.6,-58.0,60,2023-09-04 06:00:00,Extratropical Cyclone
135,AL102023,IDALIA,EX,39.2,-57.5,55,2023-09-04 12:00:00,Extratropical Cyclone
135,AL102023,IDALIA,EX,40.5,-57.9,55,2023-09-04 18:00:00,Extratropical Cyclone
135,AL102023,IDALIA,EX,41.1,-58.7,50,2023-09-05 00:00:00,Extratropical Cyclone
135,AL102023,IDALIA,EX,41.6,-59.1,50,2023-09-05 06:00:00,Extratropical Cyclone
135,AL102023,IDALIA,EX,42.2,-59.3,45,2023-09-05 12:00:00,Extratropical Cyclone
135,AL102023,IDALIA,EX,42.6,-59.8,40,2023-09-05 18:00:00,Extratropical Cyclone
135,AL102023,IDALIA,EX,42.6,-60.5,35,2023-09-06 00:00:00,Extratropical Cyclone
135,AL102023,IDALIA,EX,42.6,-61.4,35,2023-09-06 06:00:00,Extratropical Cyclone
135,AL102023,IDALIA,EX,42.6,-62.0,35,2023-09-06 12:00:00,Extratropical Cyclone
135,AL102023,IDALIA,EX,42.6,-62.8,35,2023-09-06 18:00:00,Extratropical Cyclone
135,AL112023,JOSE,TS,28.3,-52.1,35,2023-08-31 00:00:00,Tropical Storm (34-63 knots)
135,AL112023,JOSE,TS,28.6,-52.1,40,2023-08-31 06:00:00,Tropical Storm (34-63 knots)
135,AL112023,JOSE,TS,29.3,-52.1,45,2023-08-31 12:00:00,Tropical Storm (34-63 knots)
135,AL112023,JOSE,TS,30.4,-52.3,50,2023-08-31 18:00:00,Tropical Storm (34-63 knots)
135,AL112023,JOSE,TS,31.6,-52.5,55,2023-09-01 00:00:00,Tropical Storm (34-63 knots)
135,AL112023,JOSE,TS,32.9,-52.4,55,2023-09-01 06:00:00,Tropical Storm (34-63 knots)
135,AL112023,JOSE,TS,34.9,-51.4,50,2023-09-01 12:00:00,Tropical Storm (34-63 knots)
135,AL112023,JOSE,TS,37.4,-49.8,50,2023-09-01 18:00:00,Tropical Storm (34-63 knots)
135,AL122023,KATIA,TS,21.1,-28.5,35,2023-09-02 00:00:00,Tropical Storm (34-63 knots)
135,AL122023,KATIA,TS,22.3,-28.8,40,2023-09-02 06:00:00,Tropical Storm (34-63 knots)
135,AL122023,KATIA,TS,23.5,-29.4,45,2023-09-02 12:00:00,Tropical Storm (34-63 knots)
135,AL122023,KATIA,TS,24.5,-30.1,50,2023-09-02 18:00:00,Tropical Storm (34-63 knots)
135,AL122023,KATIA,TS,25.3,-30.9,45,2023-09-03 00:00:00,Tropical Storm (34-63 knots)
135,AL122023,KATIA,TS,26.0,-31.5,40,2023-09-03 06:00:00,Tropical Storm (34-63 knots)
135,AL122023,KATIA,TS,26.5,-32.0,35,2023-09-03 12:00:00,Tropical Storm (34-63 knots)
135,AL122023,KATIA,TS,26.9,-32.7,35,2023-09-03 18:00:00,Tropical Storm (34-63 knots)
135,AL132023,LEE,TS,12.9,-41.1,35,2023-09-05 18:00:00,Tropical Storm (34-63 knots)
135,AL132023,LEE,TS,13.2,-42.5,45,2023-09-06 00:00:00,Tropical Storm (34-63 knots)
135,AL132023,LEE,TS,13.5,-43.9,55,2023-09-06 06:00:00,Tropical Storm (34-63 knots)
135,AL132023,LEE,TS,14.0,-45.0,60,2023-09-06 12:00:00,Tropical Storm (34-63 knots)
135,AL132023,LEE,HU,14.6,-46.1,65,2023-09-06 18:00:00,Hurricane (>64 knots)
135,AL132023,LEE,HU,15.1,-47.1,70,2023-09-07 00:00:00,Hurricane (>64 knots)
135,AL132023,LEE,HU,15.6,-48.2,75,2023-09-07 06:00:00,Hurricane (>64 knots)
135,AL132023,LEE,HU,16.1,-49.4,85,2023-09-07 12:00:00,Hurricane (>64 knots)
135,AL132023,LEE,HU,16.6,-50.7,105,2023-09-07 18:00:00,Hurricane (>64 knots)
135,AL132023,LEE,HU,17.0,-51.8,135,2023-09-08 00:00:00,Hurricane (>64 knots)
135,AL132023,LEE,HU,17.5,-53.0,145,2023-09-08 06:00:00,Hurricane (>64 knots)
135,AL132023,LEE,HU,17.9,-54.1,135,2023-09-08 12:00:00,Hurricane (>64 knots)
135,AL132023,LEE,HU,18.5,-55.1,125,2023-09-08 18:00:00,Hurricane (>64 knots)
135,AL132023,LEE,HU,19.0,-56.0,105,2023-09-09 00:00:00,Hurricane (>64 knots)
135,AL132023,LEE,HU,19.5,-57.0,100,2023-09-09 06:00:00,Hurricane (>64 knots)
135,AL132023,LEE,HU,20.0,-57.9,100,2023-09-09 12:00:00,Hurricane (>64 knots)
135,AL132023,LEE,HU,20.4,-58.8,95,2023-09-09 18:00:00,Hurricane (>64 knots)
135,AL132023,LEE,HU,20.8,-59.5,85,2023-09-10 00:00:00,Hurricane (>64 knots)
135,AL132023,LEE,HU,21.2,-60.2,90,2023-09-10 06:00:00,Hurricane (>64 knots)
135,AL132023,LEE,HU,21.5,-60.8,95,2023-09-10 12:00:00,Hurricane (>64 knots)
135,AL132023,LEE,HU,21.9,-61.4,105,2023-09-10 18:00:00,Hurricane (>64 knots)
135,AL132023,LEE,HU,22.3,-61.9,105,2023-09-11 00:00:00,Hurricane (>64 knots)
135,AL132023,LEE,HU,22.8,-62.5,105,2023-09-11 06:00:00,Hurricane (>64 knots)
135,AL132023,LEE,HU,23.2,-63.2,105,2023-09-11 12:00:00,Hurricane (>64 knots)
135,AL132023,LEE,HU,23.5,-63.9,100,2023-09-11 18:00:00,Hurricane (>64 knots)
135,AL132023,LEE,HU,23.7,-64.5,100,2023-09-12 00:00:00,Hurricane (>64 knots)
135,AL132023,LEE,HU,23.9,-65.1,100,2023-09-12 06:00:00,Hurricane (>64 knots)
135,AL132023,LEE,HU,24.1,-65.7,100,2023-09-12 12:00:00,Hurricane (>64 knots)
135,AL132023,LEE,HU,24.5,-66.2,100,2023-09-12 18:00:00,Hurricane (>64 knots)
135,AL132023,LEE,HU,24.9,-66.6,100,2023-09-13 00:00:00,Hurricane (>64 knots)
135,AL132023,LEE,HU,25.3,-66.9,100,2023-09-13 06:00:00,Hurricane (>64 knots)
135,AL132023,LEE,HU,26.0,-67.2,95,2023-09-13 12:00:00,Hurricane (>64 knots)
135,AL132023,LEE,HU,26.8,-67.6,90,2023-09-13 18:00:00,Hurricane (>64 knots)
135,AL132023,LEE,HU,27.6,-67.8,90,2023-09-14 00:00:00,Hurricane (>64 knots)
135,AL132023,LEE,HU,28.5,-68.0,85,2023-09-14 06:00:00,Hurricane (>64 knots)
135,AL132023,LEE,HU,29.8,-68.2,80,2023-09-14 12:00:00,Hurricane (>64 knots)
135,AL132023,LEE,HU,31.1,-68.3,75,2023-09-14 18:00:00,Hurricane (>64 knots)
135,AL132023,LEE,HU,32.1,-67.8,75,2023-09-15 00:00:00,Hurricane (>64 knots)
135,AL132023,LEE,HU,33.6,-67.6,75,2023-09-15 06:00:00,Hurricane (>64 knots)
135,AL132023,LEE,HU,35.1,-67.1,75,2023-09-15 12:00:00,Hurricane (>64 knots)
135,AL132023,LEE,HU,37.1,-66.7,75,2023-09-15 18:00:00,Hurricane (>64 knots)
135,AL132023,LEE,HU,38.7,-65.9,75,2023-09-16 00:00:00,Hurricane (>64 knots)
135,AL132023,LEE,EX,40.9,-66.0,70,2023-09-16 06:00:00,Extratropical Cyclone
135,AL132023,LEE,EX,42.7,-66.3,65,2023-09-16 12:00:00,Extratropical Cyclone
135,AL132023,LEE,EX,43.8,-66.4,55,2023-09-16 18:00:00,Extratropical Cyclone
135,AL132023,LEE,EX,44.3,-66.3,55,2023-09-16 20:00:00,Extratropical Cyclone
135,AL132023,LEE,EX,44.7,-66.2,55,2023-09-17 00:00:00,Extratropical Cyclone
135,AL132023,LEE,EX,45.9,-64.8,50,2023-09-17 06:00:00,Extratropical Cyclone
135,AL132023,LEE,EX,47.3,-63.0,40,2023-09-17 12:00:00,Extratropical Cyclone
135,AL132023,LEE,EX,48.6,-60.1,40,2023-09-17 18:00:00,Extratropical Cyclone
135,AL132023,LEE,EX,50.7,-57.9,35,2023-09-18 00:00:00,Extratropical Cyclone
135,AL132023,LEE,EX,51.7,-53.2,35,2023-09-18 06:00:00,Extratropical Cyclone
135,AL142023,MARGOT,TS,16.0,-27.3,35,2023-09-07 18:00:00,Tropical Storm (34-63 knots)
135,AL142023,MARGOT,TS,16.5,-28.6,35,2023-09-08 00:00:00,Tropical Storm (34-63 knots)
135,AL142023,MARGOT,TS,17.1,-30.1,35,2023-09-08 06:00:00,Tropical Storm (34-63 knots)
135,AL142023,MARGOT,TS,17.8,-31.8,35,2023-09-08 12:00:00,Tropical Storm (34-63 knots)
135,AL142023,MARGOT,TS,18.5,-33.6,35,2023-09-08 18:00:00,Tropical Storm (34-63 knots)
135,AL142023,MARGOT,TS,19.1,-35.1,35,2023-09-09 00:00:00,Tropical Storm (34-63 knots)
135,AL142023,MARGOT,TS,19.7,-36.4,40,2023-09-09 06:00:00,Tropical Storm (34-63 knots)
135,AL142023,MARGOT,TS,20.2,-37.5,40,2023-09-09 12:00:00,Tropical Storm (34-63 knots)
135,AL142023,MARGOT,TS,20.7,-38.3,40,2023-09-09 18:00:00,Tropical Storm (34-63 knots)
135,AL142023,MARGOT,TS,21.2,-38.9,45,2023-09-10 00:00:00,Tropical Storm (34-63 knots)
135,AL142023,MARGOT,TS,21.8,-39.4,45,2023-09-10 06:00:00,Tropical Storm (34-63 knots)
135,AL142023,MARGOT,TS,22.5,-39.8,45,2023-09-10 12:00:00,Tropical Storm (34-63 knots)
135,AL142023,MARGOT,TS,23.3,-40.0,50,2023-09-10 18:00:00,Tropical Storm (34-63 knots)
135,AL142023,MARGOT,TS,24.0,-40.0,55,2023-09-11 00:00:00,Tropical Storm (34-63 knots)
135,AL142023,MARGOT,TS,24.7,-40.0,55,2023-09-11 06:00:00,Tropical Storm (34-63 knots)
135,AL142023,MARGOT,TS,25.5,-40.0,60,2023-09-11 12:00:00,Tropical Storm (34-63 knots)
135,AL142023,MARGOT,HU,26.4,-39.9,65,2023-09-11 18:00:00,Hurricane (>64 knots)
135,AL142023,MARGOT,HU,27.5,-39.6,70,2023-09-12 00:00:00,Hurricane (>64 knots)
135,AL142023,MARGOT,HU,28.6,-39.4,75,2023-09-12 06:00:00,Hurricane (>64 knots)
135,AL142023,MARGOT,HU,29.8,-39.3,75,2023-09-12 12:00:00,Hurricane (>64 knots)
135,AL142023,MARGOT,HU,31.0,-39.4,75,2023-09-12 18:00:00,Hurricane (>64 knots)
135,AL142023,MARGOT,HU,32.1,-39.6,75,2023-09-13 00:00:00,Hurricane (>64 knots)
135,AL142023,MARGOT,HU,33.0,-39.9,80,2023-09-13 06:00:00,Hurricane (>64 knots)
135,AL142023,MARGOT,HU,33.7,-40.3,80,2023-09-13 12:00:00,Hurricane (>64 knots)
135,AL142023,MARGOT,HU,34.4,-40.6,75,2023-09-13 18:00:00,Hurricane (>64 knots)
135,AL142023,MARGOT,HU,35.1,-40.7,75,2023-09-14 00:00:00,Hurricane (>64 knots)
135,AL142023,MARGOT,HU,35.8,-40.5,70,2023-09-14 06:00:00,Hurricane (>64 knots)
135,AL142023,MARGOT,HU,36.3,-40.1,70,2023-09-14 12:00:00,Hurricane (>64 knots)
135,AL142023,MARGOT,HU,36.6,-39.6,70,2023-09-14 18:00:00,Hurricane (>64 knots)
135,AL142023,MARGOT,HU,36.7,-39.1,65,2023-09-15 00:00:00,Hurricane (>64 knots)
135,AL142023,MARGOT,TS,36.7,-38.6,60,2023-09-15 06:00:00,Tropical Storm (34-63 knots)
135,AL142023,MARGOT,TS,36.5,-38.1,55,2023-09-15 12:00:00,Tropical Storm (34-63 knots)
135,AL142023,MARGOT,TS,36.1,-37.8,55,2023-09-15 18:00:00,Tropical Storm (34-63 knots)
135,AL142023,MARGOT,TS,35.7,-37.8,55,2023-09-16 00:00:00,Tropical Storm (34-63 knots)
135,AL142023,MARGOT,TS,35.2,-38.0,55,2023-09-16 06:00:00,Tropical Storm (34-63 knots)
135,AL142023,MARGOT,TS,34.7,-38.5,50,2023-09-16 12:00:00,Tropical Storm (34-63 knots)
135,AL142023,MARGOT,TS,34.3,-39.2,45,2023-09-16 18:00:00,Tropical Storm (34-63 knots)
135,AL142023,MARGOT,LO,34.0,-40.1,40,2023-09-17 00:00:00,Low (not tropical/subtropical/extratropical)
135,AL142023,MARGOT,LO,34.0,-41.1,35,2023-09-17 06:00:00,Low (not tropical/subtropical/extratropical)
135,AL142023,MARGOT,LO,34.3,-42.0,35,2023-09-17 12:00:00,Low (not tropical/subtropical/extratropical)
135,AL142023,MARGOT,LO,34.7,-43.0,35,2023-09-17 18:00:00,Low (not tropical/subtropical/extratropical)
135,AL152023,NIGEL,TS,21.4,-47.6,35,2023-09-17 00:00:00,Tropical Storm (34-63 knots)
135,AL152023,NIGEL,TS,22.5,-48.3,45,2023-09-17 06:00:00,Tropical Storm (34-63 knots)
135,AL152023,NIGEL,TS,23.5,-48.8,50,2023-09-17 12:00:00,Tropical Storm (34-63 knots)
135,AL152023,NIGEL,TS,24.5,-49.4,55,2023-09-17 18:00:00,Tropical Storm (34-63 knots)
135,AL152023,NIGEL,TS,25.3,-50.0,60,2023-09-18 00:00:00,Tropical Storm (34-63 knots)
135,AL152023,NIGEL,HU,26.0,-50.6,65,2023-09-18 06:00:00,Hurricane (>64 knots)
137,AL052024,ERNESTO,TS,16.1,-60.5,35,2024-08-13 06:00:00,Tropical Storm (34-63 knots)
137,AL052024,ERNESTO,TS,16.4,-61.4,35,2024-08-13 09:40:00,Tropical Storm (34-63 knots)
137,AL052024,ERNESTO,TS,16.6,-62.0,40,2024-08-13 12:00:00,Tropical Storm (34-63 knots)
137,AL052024,ERNESTO,TS,16.7,-62.2,40,2024-08-13 12:50:00,Tropical Storm (34-63 knots)
137,AL052024,ERNESTO,TS,17.6,-63.5,50,2024-08-13 18:00:00,Tropical Storm (34-63 knots)
137,AL052024,ERNESTO,TS,18.3,-64.7,55,2024-08-13 23:30:00,Tropical Storm (34-63 knots)
137,AL052024,ERNESTO,TS,18.4,-64.9,55,2024-08-14 00:00:00,Tropical Storm (34-63 knots)
137,AL052024,ERNESTO,TS,19.0,-66.0,60,2024-08-14 06:00:00,Tropical Storm (34-63 knots)
137,AL052024,ERNESTO,HU,19.9,-67.2,65,2024-08-14 12:00:00,Hurricane (>64 knots)
137,AL052024,ERNESTO,HU,21.1,-68.0,65,2024-08-14 18:00:00,Hurricane (>64 knots)
137,AL052024,ERNESTO,HU,22.3,-68.7,70,2024-08-15 00:00:00,Hurricane (>64 knots)
137,AL052024,ERNESTO,HU,23.4,-69.2,75,2024-08-15 06:00:00,Hurricane (>64 knots)
137,AL052024,ERNESTO,HU,24.5,-69.3,75,2024-08-15 12:00:00,Hurricane (>64 knots)
137,AL052024,ERNESTO,HU,25.6,-69.0,80,2024-08-15 18:00:00,Hurricane (>64 knots)
137,AL052024,ERNESTO,HU,26.6,-68.3,85,2024-08-16 00:00:00,Hurricane (>64 knots)
137,AL052024,ERNESTO,HU,27.7,-67.5,85,2024-08-16 06:00:00,Hurricane (>64 knots)
137,AL052024,ERNESTO,HU,28.9,-66.8,85,2024-08-16 12:00:00,Hurricane (>64 knots)
137,AL052024,ERNESTO,HU,30.0,-66.1,85,2024-08-16 18:00:00,Hurricane (>64 knots)
137,AL052024,ERNESTO,HU,31.0,-65.4,80,2024-08-17 00:00:00,Hurricane (>64 knots)
137,AL052024,ERNESTO,HU,31.9,-65.0,75,2024-08-17 06:00:00,Hurricane (>64 knots)
137,AL052024,ERNESTO,HU,32.3,-64.8,75,2024-08-17 08:30:00,Hurricane (>64 knots)
137,AL052024,ERNESTO,HU,32.6,-64.6,70,2024-08-17 12:00:00,Hurricane (>64 knots)
137,AL052024,ERNESTO,HU,33.0,-64.2,65,2024-08-17 18:00:00,Hurricane (>64 knots)
137,AL052024,ERNESTO,TS,33.5,-63.6,60,2024-08-18 00:00:00,Tropical Storm (34-63 knots)
137,AL052024,ERNESTO,TS,34.3,-63.2,60,2024-08-18 06:00:00,Tropical Storm (34-63 knots)
137,AL052024,ERNESTO,TS,35.4,-63.0,60,2024-08-18 12:00:00,Tropical Storm (34-63 knots)
137,AL052024,ERNESTO,HU,36.4,-62.6,65,2024-08-18 18:00:00,Hurricane (>64 knots)
137,AL052024,ERNESTO,HU,37.7,-62.0,70,2024-08-19 00:00:00,Hurricane (>64 knots)
137,AL052024,ERNESTO,HU,39.2,-61.2,75,2024-08-19 06:00:00,Hurricane (>64 knots)
137,AL052024,ERNESTO,HU,40.9,-59.8,85,2024-08-19 12:00:00,Hurricane (>64 knots)
137,AL052024,ERNESTO,HU,42.8,-58.1,80,2024-08-19 18:00:00,Hurricane (>64 knots)
137,AL052024,ERNESTO,HU,44.8,-55.0,75,2024-08-20 00:00:00,Hurricane (>64 knots)
137,AL052024,ERNESTO,HU,46.6,-51.4,65,2024-08-20 06:00:00,Hurricane (>64 knots)
137,AL052024,ERNESTO,EX,48.3,-47.2,60,2024-08-20 12:00:00,Extratropical Cyclone
137,AL052024,ERNESTO,EX,49.7,-41.9,55,2024-08-20 18:00:00,Extratropical Cyclone
138,AL032023,BRET,TS,11.1,-40.9,35,2023-06-19 18:00:00,Tropical Storm (34-63 knots)
138,AL032023,BRET,TS,11.3,-42.7,35,2023-06-20 00:00:00,Tropical Storm (34-63 knots)
138,AL032023,BRET,TS,11.5,-44.5,35,2023-06-20 06:00:00,Tropical Storm (34-63 knots)
138,AL032023,BRET,TS,11.7,-46.3,35,2023-06-20 12:00:00,Tropical Storm (34-63 knots)
138,AL032023,BRET,TS,12.0,-48.0,40,2023-06-20 18:00:00,Tropical Storm (34-63 knots)
138,AL032023,BRET,TS,12.4,-49.4,45,2023-06-21 00:00:00,Tropical Storm (34-63 knots)
138,AL032023,BRET,TS,12.7,-50.7,50,2023-06-21 06:00:00,Tropical Storm (34-63 knots)
138,AL032023,BRET,TS,13.0,-52.0,50,2023-06-21 12:00:00,Tropical Storm (34-63 knots)
138,AL032023,BRET,TS,13.3,-53.3,55,2023-06-21 18:00:00,Tropical Storm (34-63 knots)
138,AL032023,BRET,TS,13.4,-54.6,55,2023-06-22 00:00:00,Tropical Storm (34-63 knots)
138,AL032023,BRET,TS,13.5,-55.9,60,2023-06-22 06:00:00,Tropical Storm (34-63 knots)
138,AL032023,BRET,TS,13.5,-57.3,60,2023-06-22 12:00:00,Tropical Storm (34-63 knots)
138,AL032023,BRET,TS,13.4,-58.8,55,2023-06-22 18:00:00,Tropical Storm (34-63 knots)
138,AL032023,BRET,TS,13.3,-60.3,55,2023-06-23 00:00:00,Tropical Storm (34-63 knots)
138,AL032023,BRET,TS,13.3,-61.2,55,2023-06-23 03:15:00,Tropical Storm (34-63 knots)
138,AL032023,BRET,TS,13.3,-62.0,50,2023-06-23 06:00:00,Tropical Storm (34-63 knots)
138,AL032023,BRET,TS,13.2,-63.8,50,2023-06-23 12:00:00,Tropical Storm (34-63 knots)
138,AL032023,BRET,TS,13.1,-65.6,45,2023-06-23 18:00:00,Tropical Storm (34-63 knots)
138,AL032023,BRET,TS,13.0,-67.4,45,2023-06-24 00:00:00,Tropical Storm (34-63 knots)
138,AL032023,BRET,TS,13.0,-69.2,40,2023-06-24 06:00:00,Tropical Storm (34-63 knots)
138,AL032023,BRET,TS,13.0,-70.9,40,2023-06-24 12:00:00,Tropical Storm (34-63 knots)
138,AL042023,CINDY,TS,11.5,-44.8,35,2023-06-23 00:00:00,Tropical Storm (34-63 knots)
138,AL042023,CINDY,TS,11.8,-46.1,40,2023-06-23 06:00:00,Tropical Storm (34-63 knots)
138,AL042023,CINDY,TS,12.2,-47.5,45,2023-06-23 12:00:00,Tropical Storm (34-63 knots)
138,AL042023,CINDY,TS,12.8,-48.8,45,2023-06-23 18:00:00,Tropical Storm (34-63 knots)
138,AL042023,CINDY,TS,13.6,-50.0,45,2023-06-24 00:00:00,Tropical Storm (34-63 knots)
138,AL042023,CINDY,TS,14.6,-51.2,50,2023-06-24 06:00:00,Tropical Storm (34-63 knots)
138,AL042023,CINDY,TS,15.7,-52.5,50,2023-06-24 12:00:00,Tropical Storm (34-63 knots)
138,AL042023,CINDY,TS,16.8,-53.9,50,2023-06-24 18:00:00,Tropical Storm (34-63 knots)
138,AL042023,CINDY,TS,18.2,-55.2,45,2023-06-25 00:00:00,Tropical Storm (34-63 knots)
138,AL042023,CINDY,TS,19.4,-56.4,45,2023-06-25 06:00:00,Tropical Storm (34-63 knots)
138,AL042023,CINDY,TS,20.5,-57.6,40,2023-06-25 12:00:00,Tropical Storm (34-63 knots)
138,AL042023,CINDY,TS,21.6,-58.8,40,2023-06-25 18:00:00,Tropical Storm (34-63 knots)
138,AL042023,CINDY,TS,22.5,-59.9,35,2023-06-26 00:00:00,Tropical Storm (34-63 knots)
140,AL092022,IAN,HU,24.4,-83.0,105,2022-09-28 00:00:00,Hurricane (>64 knots)
140,AL092022,IAN,HU,24.6,-82.9,110,2022-09-28 02:00:00,Hurricane (>64 knots)
140,AL092022,IAN,HU,25.2,-82.9,120,2022-09-28 06:00:00,Hurricane (>64 knots)
140,AL092022,IAN,HU,26.0,-82.7,140,2022-09-28 12:00:00,Hurricane (>64 knots)
140,AL092022,IAN,HU,26.6,-82.4,135,2022-09-28 18:00:00,Hurricane (>64 knots)
140,AL092022,IAN,HU,26.7,-82.2,130,2022-09-28 19:05:00,Hurricane (>64 knots)
140,AL092022,IAN,HU,26.8,-82.0,125,2022-09-28 20:35:00,Hurricane (>64 knots)
140,AL092022,IAN,HU,27.2,-81.7,100,2022-09-29 00:00:00,Hurricane (>64 knots)
140,AL092022,IAN,HU,27.7,-81.1,65,2022-09-29 06:00:00,Hurricane (>64 knots)
140,AL092022,IAN,TS,28.4,-80.6,60,2022-09-29 12:00:00,Tropical Storm (34-63 knots)
140,AL092022,IAN,HU,28.9,-80.1,65,2022-09-29 18:00:00,Hurricane (>64 knots)
140,AL092022,IAN,HU,29.6,-79.4,70,2022-09-30 00:00:00,Hurricane (>64 knots)
140,AL092022,IAN,HU,30.3,-79.1,75,2022-09-30 06:00:00,Hurricane (>64 knots)
140,AL092022,IAN,HU,31.5,-79.0,75,2022-09-30 12:00:00,Hurricane (>64 knots)
140,AL092022,IAN,HU,33.3,-79.2,70,2022-09-30 18:00:00,Hurricane (>64 knots)
140,AL092022,IAN,HU,33.3,-79.2,70,2022-09-30 18:05:00,Hurricane (>64 knots)
140,AL092022,IAN,EX,34.4,-79.3,50,2022-10-01 00:00:00,Extratropical Cyclone
140,AL132022,JULIA,TS,12.5,-72.1,35,2022-10-07 12:00:00,Tropical Storm (34-63 knots)
140,AL132022,JULIA,TS,12.8,-73.8,40,2022-10-07 18:00:00,Tropical Storm (34-63 knots)
140,AL132022,JULIA,TS,12.8,-75.5,45,2022-10-08 00:00:00,Tropical Storm (34-63 knots)
140,AL132022,JULIA,TS,12.7,-77.2,50,2022-10-08 06:00:00,Tropical Storm (34-63 knots)
140,AL132022,JULIA,TS,12.7,-78.9,55,2022-10-08 12:00:00,Tropical Storm (34-63 knots)
140,AL132022,JULIA,TS,12.6,-80.5,60,2022-10-08 18:00:00,Tropical Storm (34-63 knots)
140,AL132022,JULIA,HU,12.5,-82.0,65,2022-10-09 00:00:00,Hurricane (>64 knots)
140,AL132022,JULIA,HU,12.4,-83.3,75,2022-10-09 06:00:00,Hurricane (>64 knots)
140,AL132022,JULIA,HU,12.4,-83.6,75,2022-10-09 07:15:00,Hurricane (>64 knots)
140,AL132022,JULIA,HU,12.3,-84.7,65,2022-10-09 12:00:00,Hurricane (>64 knots)
140,AL132022,JULIA,TS,12.3,-86.2,45,2022-10-09 18:00:00,Tropical Storm (34-63 knots)
140,AL132022,JULIA,TS,12.6,-87.6,40,2022-10-10 00:00:00,Tropical Storm (34-63 knots)
140,AL132022,JULIA,TS,13.1,-88.8,35,2022-10-10 06:00:00,Tropical Storm (34-63 knots)
140,AL132022,JULIA,TS,13.6,-89.7,35,2022-10-10 11:00:00,Tropical Storm (34-63 knots)
140,AL142022,KARL,TS,19.6,-94.5,35,2022-10-11 18:00:00,Tropical Storm (34-63 knots)
140,AL142022,KARL,TS,20.2,-94.8,35,2022-10-12 00:00:00,Tropical Storm (34-63 knots)
140,AL142022,KARL,TS,20.9,-94.9,35,2022-10-12 06:00:00,Tropical Storm (34-63 knots)
140,AL142022,KARL,TS,21.5,-94.8,40,2022-10-12 12:00:00,Tropical Storm (34-63 knots)
140,AL142022,KARL,TS,22.0,-94.6,50,2022-10-12 18:00:00,Tropical Storm (34-63 knots)
140,AL142022,KARL,TS,22.4,-94.3,50,2022-10-13 00:00:00,Tropical Storm (34-63 knots)
140,AL142022,KARL,TS,22.4,-94.3,45,2022-10-13 06:00:00,Tropical Storm (34-63 knots)
140,AL142022,KARL,TS,21.9,-94.0,45,2022-10-13 12:00:00,Tropical Storm (34-63 knots)
140,AL142022,KARL,TS,21.3,-93.6,40,2022-10-13 18:00:00,Tropical Storm (34-63 knots)
140,AL142022,KARL,TS,20.9,-93.0,40,2022-10-14 00:00:00,Tropical Storm (34-63 knots)
140,AL142022,KARL,TS,20.3,-92.6,35,2022-10-14 06:00:00,Tropical Storm (34-63 knots)
140,AL142022,KARL,TS,19.8,-92.6,35,2022-10-14 12:00:00,Tropical Storm (34-63 knots)
140,AL142022,KARL,TS,19.4,-92.6,35,2022-10-14 18:00:00,Tropical Storm (34-63 knots)
144,AL012024,ALBERTO,DB,19.9,-92.7,35,2024-06-17 18:00:00,Disturbance
144,AL012024,ALBERTO,DB,20.4,-92.7,35,2024-06-18 00:00:00,Disturbance
144,AL012024,ALBERTO,DB,20.9,-92.7,35,2024-06-18 06:00:00,Disturbance
144,AL012024,ALBERTO,DB,21.5,-92.6,35,2024-06-18 12:00:00,Disturbance
144,AL012024,ALBERTO,DB,22.0,-92.6,35,2024-06-18 18:00:00,Disturbance
144,AL012024,ALBERTO,DB,22.3,-92.8,35,2024-06-19 00:00:00,Disturbance
144,AL012024,ALBERTO,DB,22.4,-93.5,35,2024-06-19 06:00:00,Disturbance
144,AL012024,ALBERTO,TS,22.1,-94.2,35,2024-06-19 12:00:00,Tropical Storm (34-63 knots)
144,AL012024,ALBERTO,TS,21.8,-94.8,40,2024-06-19 18:00:00,Tropical Storm (34-63 knots)
144,AL012024,ALBERTO,TS,21.5,-95.5,45,2024-06-20 00:00:00,Tropical Storm (34-63 knots)
144,AL012024,ALBERTO,TS,22.0,-96.7,45,2024-06-20 06:00:00,Tropical Storm (34-63 knots)
144,AL012024,ALBERTO,TS,22.4,-97.8,45,2024-06-20 09:00:00,Tropical Storm (34-63 knots)
144,AL012024,ALBERTO,TS,22.4,-98.8,35,2024-06-20 12:00:00,Tropical Storm (34-63 knots)
144,AL022024,BERYL,TS,9.2,-43.1,35,2024-06-29 00:00:00,Tropical Storm (34-63 knots)
144,AL022024,BERYL,TS,9.5,-45.2,45,2024-06-29 06:00:00,Tropical Storm (34-63 knots)
144,AL022024,BERYL,TS,9.7,-47.0,55,2024-06-29 12:00:00,Tropical Storm (34-63 knots)
144,AL022024,BERYL,TS,9.9,-48.7,60,2024-06-29 18:00:00,Tropical Storm (34-63 knots)
145,AL022024,BERYL,TS,9.2,-43.1,35,2024-06-29 00:00:00,Tropical Storm (34-63 knots)
145,AL022024,BERYL,TS,9.5,-45.2,45,2024-06-29 06:00:00,Tropical Storm (34-63 knots)
145,AL022024,BERYL,TS,9.7,-47.0,55,2024-06-29 12:00:00,Tropical Storm (34-63 knots)
145,AL022024,BERYL,TS,9.9,-48.7,60,2024-06-29 18:00:00,Tropical Storm (34-63 knots)
145,AL022024,BERYL,HU,10.1,-50.5,70,2024-06-30 00:00:00,Hurricane (>64 knots)
145,AL022024,BERYL,HU,10.4,-52.3,85,2024-06-30 06:00:00,Hurricane (>64 knots)
145,AL022024,BERYL,HU,10.5,-54.0,100,2024-06-30 12:00:00,Hurricane (>64 knots)
145,AL022024,BERYL,HU,10.9,-55.7,115,2024-06-30 18:00:00,Hurricane (>64 knots)
145,AL022024,BERYL,HU,11.2,-57.3,110,2024-07-01 00:00:00,Hurricane (>64 knots)
145,AL022024,BERYL,HU,11.5,-59.0,100,2024-07-01 06:00:00,Hurricane (>64 knots)
145,AL022024,BERYL,HU,12.0,-60.6,115,2024-07-01 12:00:00,Hurricane (>64 knots)
145,AL022024,BERYL,HU,12.5,-61.5,120,2024-07-01 15:20:00,Hurricane (>64 knots)
145,AL022024,BERYL,HU,12.8,-62.3,130,2024-07-01 18:00:00,Hurricane (>64 knots)
145,AL022024,BERYL,HU,13.5,-64.1,140,2024-07-02 00:00:00,Hurricane (>64 knots)
145,AL022024,BERYL,HU,14.3,-65.9,145,2024-07-02 06:00:00,Hurricane (>64 knots)
145,AL022024,BERYL,HU,14.8,-67.2,145,2024-07-02 09:45:00,Hurricane (>64 knots)
145,AL022024,BERYL,HU,15.0,-67.9,140,2024-07-02 12:00:00,Hurricane (>64 knots)
145,AL022024,BERYL,HU,15.6,-69.9,135,2024-07-02 18:00:00,Hurricane (>64 knots)
145,AL022024,BERYL,HU,16.0,-71.8,130,2024-07-03 00:00:00,Hurricane (>64 knots)
145,AL022024,BERYL,HU,16.3,-73.5,125,2024-07-03 06:00:00,Hurricane (>64 knots)
145,AL022024,BERYL,HU,16.8,-75.3,125,2024-07-03 12:00:00,Hurricane (>64 knots)
145,AL022024,BERYL,HU,17.3,-76.8,120,2024-07-03 18:00:00,Hurricane (>64 knots)
145,AL022024,BERYL,HU,17.8,-78.3,115,2024-07-04 00:00:00,Hurricane (>64 knots)
145,AL022024,BERYL,HU,18.3,-80.0,105,2024-07-04 06:00:00,Hurricane (>64 knots)
145,AL022024,BERYL,HU,18.8,-81.8,95,2024-07-04 12:00:00,Hurricane (>64 knots)
145,AL022024,BERYL,HU,19.3,-83.4,90,2024-07-04 18:00:00,Hurricane (>64 knots)
145,AL022024,BERYL,HU,19.4,-84.8,100,2024-07-05 00:00:00,Hurricane (>64 knots)
145,AL022024,BERYL,HU,19.8,-86.2,95,2024-07-05 06:00:00,Hurricane (>64 knots)
145,AL022024,BERYL,HU,20.3,-87.4,80,2024-07-05 11:00:00,Hurricane (>64 knots)
145,AL022024,BERYL,HU,20.4,-87.6,75,2024-07-05 12:00:00,Hurricane (>64 knots)
145,AL022024,BERYL,TS,20.9,-88.8,60,2024-07-05 18:00:00,Tropical Storm (34-63 knots)
145,AL022024,BERYL,TS,21.4,-89.8,50,2024-07-06 00:00:00,Tropical Storm (34-63 knots)
145,AL022024,BERYL,TS,21.9,-90.9,45,2024-07-06 06:00:00,Tropical Storm (34-63 knots)
145,AL022024,BERYL,TS,22.6,-91.8,50,2024-07-06 12:00:00,Tropical Storm (34-63 knots)
145,AL022024,BERYL,TS,23.6,-92.7,50,2024-07-06 18:00:00,Tropical Storm (34-63 knots)
145,AL022024,BERYL,TS,24.4,-93.6,50,2024-07-07 00:00:00,Tropical Storm (34-63 knots)
145,AL022024,BERYL,TS,24.9,-94.3,50,2024-07-07 06:00:00,Tropical Storm (34-63 knots)
145,AL022024,BERYL,TS,25.5,-94.9,55,2024-07-07 12:00:00,Tropical Storm (34-63 knots)
145,AL022024,BERYL,TS,26.3,-95.4,55,2024-07-07 18:00:00,Tropical Storm (34-63 knots)
145,AL022024,BERYL,TS,27.1,-95.7,60,2024-07-08 00:00:00,Tropical Storm (34-63 knots)
145,AL022024,BERYL,HU,28.2,-95.9,70,2024-07-08 06:00:00,Hurricane (>64 knots)
145,AL022024,BERYL,HU,28.6,-96.0,80,2024-07-08 08:40:00,Hurricane (>64 knots)
145,AL022024,BERYL,HU,29.3,-96.0,70,2024-07-08 12:00:00,Hurricane (>64 knots)
145,AL022024,BERYL,TS,30.7,-95.6,50,2024-07-08 18:00:00,Tropical Storm (34-63 knots)
145,AL032024,CHRIS,TS,19.9,-96.0,35,2024-07-01 00:00:00,Tropical Storm (34-63 knots)
145,AL032024,CHRIS,TS,19.9,-96.5,40,2024-07-01 03:00:00,Tropical Storm (34-63 knots)
149,AL092024,HELENE,DB,17.8,-81.9,35,2024-09-23 18:00:00,Disturbance
149,AL092024,HELENE,DB,18.2,-82.2,35,2024-09-24 00:00:00,Disturbance
149,AL092024,HELENE,DB,18.6,-82.8,35,2024-09-24 06:00:00,Disturbance
149,AL092024,HELENE,TS,19.2,-83.7,40,2024-09-24 12:00:00,Tropical Storm (34-63 knots)
149,AL092024,HELENE,TS,19.4,-84.6,45,2024-09-24 18:00:00,Tropical Storm (34-63 knots)
149,AL092024,HELENE,TS,19.7,-85.2,50,2024-09-25 00:00:00,Tropical Storm (34-63 knots)
149,AL092024,HELENE,TS,20.3,-85.9,55,2024-09-25 06:00:00,Tropical Storm (34-63 knots)
149,AL092024,HELENE,HU,21.1,-86.2,65,2024-09-25 12:00:00,Hurricane (>64 knots)
149,AL092024,HELENE,HU,22.0,-86.5,70,2024-09-25 18:00:00,Hurricane (>64 knots)
149,AL092024,HELENE,HU,22.8,-86.7,70,2024-09-26 00:00:00,Hurricane (>64 knots)
149,AL092024,HELENE,HU,23.6,-86.5,75,2024-09-26 06:00:00,Hurricane (>64 knots)
149,AL092024,HELENE,HU,24.7,-85.8,85,2024-09-26 12:00:00,Hurricane (>64 knots)
149,AL092024,HELENE,HU,26.6,-85.0,105,2024-09-26 18:00:00,Hurricane (>64 knots)
149,AL092024,HELENE,HU,28.7,-84.3,120,2024-09-27 00:00:00,Hurricane (>64 knots)
149,AL092024,HELENE,HU,30.0,-83.7,120,2024-09-27 03:10:00,Hurricane (>64 knots)
149,AL092024,HELENE,HU,30.8,-83.5,95,2024-09-27 05:00:00,Hurricane (>64 knots)
149,AL092024,HELENE,HU,31.3,-83.3,80,2024-09-27 06:00:00,Hurricane (>64 knots)
149,AL092024,HELENE,TS,32.9,-83.1,60,2024-09-27 09:00:00,Tropical Storm (34-63 knots)
149,AL092024,HELENE,TS,34.4,-83.2,45,2024-09-27 12:00:00,Tropical Storm (34-63 knots)
149,AL092024,HELENE,LO,36.8,-84.9,40,2024-09-27 18:00:00,Low (not tropical/subtropical/extratropical)
149,AL092024,HELENE,LO,38.1,-86.6,40,2024-09-28 00:00:00,Low (not tropical/subtropical/extratropical)
149,AL102024,ISAAC,EX,38.7,-58.4,40,2024-09-24 12:00:00,Extratropical Cyclone
149,AL102024,ISAAC,EX,38.6,-58.6,40,2024-09-24 18:00:00,Extratropical Cyclone
149,AL102024,ISAAC,EX,38.1,-58.8,45,2024-09-25 00:00:00,Extratropical Cyclone
149,AL102024,ISAAC,EX,37.3,-58.5,45,2024-09-25 06:00:00,Extratropical Cyclone
149,AL102024,ISAAC,EX,37.0,-57.2,45,2024-09-25 12:00:00,Extratropical Cyclone
149,AL102024,ISAAC,TS,36.9,-55.7,45,2024-09-25 18:00:00,Tropical Storm (34-63 knots)
149,AL102024,ISAAC,TS,37.0,-54.5,45,2024-09-26 00:00:00,Tropical Storm (34-63 knots)
149,AL102024,ISAAC,TS,37.1,-53.4,45,2024-09-26 06:00:00,Tropical Storm (34-63 knots)
149,AL102024,ISAAC,TS,37.2,-52.3,45,2024-09-26 12:00:00,Tropical Storm (34-63 knots)
149,AL102024,ISAAC,TS,37.3,-51.2,50,2024-09-26 18:00:00,Tropical Storm (34-63 knots)
149,AL102024,ISAAC,TS,37.2,-50.1,55,2024-09-27 00:00:00,Tropical Storm (34-63 knots)
149,AL102024,ISAAC,TS,37.1,-49.1,60,2024-09-27 06:00:00,Tropical Storm (34-63 knots)
149,AL102024,ISAAC,HU,37.1,-47.7,65,2024-09-27 12:00:00,Hurricane (>64 knots)
149,AL102024,ISAAC,HU,37.5,-46.2,75,2024-09-27 18:00:00,Hurricane (>64 knots)
149,AL102024,ISAAC,HU,38.0,-44.4,85,2024-09-28 00:00:00,Hurricane (>64 knots)
149,AL102024,ISAAC,HU,38.8,-42.3,90,2024-09-28 06:00:00,Hurricane (>64 knots)
149,AL102024,ISAAC,HU,39.7,-40.4,90,2024-09-28 12:00:00,Hurricane (>64 knots)
149,AL102024,ISAAC,HU,40.6,-39.1,85,2024-09-28 18:00:00,Hurricane (>64 knots)
149,AL102024,ISAAC,HU,41.5,-38.0,75,2024-09-29 00:00:00,Hurricane (>64 knots)
149,AL102024,ISAAC,HU,42.3,-37.0,70,2024-09-29 06:00:00,Hurricane (>64 knots)
149,AL102024,ISAAC,HU,43.0,-36.1,65,2024-09-29 12:00:00,Hurricane (>64 knots)
149,AL102024,ISAAC,TS,43.7,-35.1,60,2024-09-29 18:00:00,Tropical Storm (34-63 knots)
149,AL102024,ISAAC,TS,44.1,-33.8,55,2024-09-30 00:00:00,Tropical Storm (34-63 knots)
149,AL102024,ISAAC,EX,44.4,-32.0,55,2024-09-30 06:00:00,Extratropical Cyclone
149,AL102024,ISAAC,EX,44.7,-30.1,50,2024-09-30 12:00:00,Extratropical Cyclone
149,AL102024,ISAAC,EX,45.2,-28.0,45,2024-09-30 18:00:00,Extratropical Cyclone
149,AL102024,ISAAC,EX,46.1,-26.3,45,2024-10-01 00:00:00,Extratropical Cyclone
149,AL102024,ISAAC,EX,47.0,-25.1,45,2024-10-01 06:00:00,Extratropical Cyclone
149,AL102024,ISAAC,EX,47.8,-24.4,45,2024-10-01 12:00:00,Extratropical Cyclone
149,AL102024,ISAAC,EX,48.4,-23.7,40,2024-10-01 18:00:00,Extratropical Cyclone
149,AL102024,ISAAC,EX,49.1,-23.0,40,2024-10-02 00:00:00,Extratropical Cyclone
149,AL102024,ISAAC,EX,49.7,-22.5,40,2024-10-02 06:00:00,Extratropical Cyclone
149,AL102024,ISAAC,EX,50.4,-22.1,40,2024-10-02 12:00:00,Extratropical Cyclone
149,AL102024,ISAAC,EX,51.2,-21.6,40,2024-10-02 18:00:00,Extratropical Cyclone
149,AL102024,ISAAC,EX,51.9,-21.0,40,2024-10-03 00:00:00,Extratropical Cyclone
149,AL112024,JOYCE,TS,17.8,-42.5,35,2024-09-27 12:00:00,Tropical Storm (34-63 knots)
149,AL112024,JOYCE,TS,18.2,-43.4,45,2024-09-27 18:00:00,Tropical Storm (34-63 knots)
149,AL112024,JOYCE,TS,18.8,-44.3,45,2024-09-28 00:00:00,Tropical Storm (34-63 knots)
149,AL112024,JOYCE,TS,19.3,-45.0,45,2024-09-28 06:00:00,Tropical Storm (34-63 knots)
149,AL112024,JOYCE,TS,19.7,-45.7,45,2024-09-28 12:00:00,Tropical Storm (34-63 knots)
149,AL112024,JOYCE,TS,20.2,-46.4,40,2024-09-28 18:00:00,Tropical Storm (34-63 knots)
149,AL112024,JOYCE,TS,20.6,-47.1,40,2024-09-29 00:00:00,Tropical Storm (34-63 knots)
149,AL112024,JOYCE,TS,21.1,-47.8,40,2024-09-29 06:00:00,Tropical Storm (34-63 knots)
149,AL112024,JOYCE,TS,21.6,-48.4,40,2024-09-29 12:00:00,Tropical Storm (34-63 knots)
149,AL112024,JOYCE,TS,22.0,-48.9,35,2024-09-29 18:00:00,Tropical Storm (34-63 knots)
149,AL122024,KIRK,TS,13.6,-33.4,35,2024-09-30 06:00:00,Tropical Storm (34-63 knots)
149,AL122024,KIRK,TS,13.4,-34.3,45,2024-09-30 12:00:00,Tropical Storm (34-63 knots)
149,AL122024,KIRK,TS,13.7,-35.3,50,2024-09-30 18:00:00,Tropical Storm (34-63 knots)
149,AL122024,KIRK,TS,14.2,-36.3,50,2024-10-01 00:00:00,Tropical Storm (34-63 knots)
149,AL122024,KIRK,TS,14.7,-37.5,50,2024-10-01 06:00:00,Tropical Storm (34-63 knots)
149,AL122024,KIRK,TS,15.2,-38.7,60,2024-10-01 12:00:00,Tropical Storm (34-63 knots)
149,AL122024,KIRK,HU,15.9,-39.7,65,2024-10-01 18:00:00,Hurricane (>64 knots)
149,AL122024,KIRK,HU,16.5,-40.6,65,2024-10-02 00:00:00,Hurricane (>64 knots)
149,AL122024,KIRK,HU,17.1,-41.6,70,2024-10-02 06:00:00,Hurricane (>64 knots)
149,AL122024,KIRK,HU,17.8,-42.7,75,2024-10-02 12:00:00,Hurricane (>64 knots)
149,AL122024,KIRK,HU,18.5,-43.5,80,2024-10-02 18:00:00,Hurricane (>64 knots)
149,AL122024,KIRK,HU,19.1,-44.1,100,2024-10-03 00:00:00,Hurricane (>64 knots)
149,AL122024,KIRK,HU,19.6,-44.7,105,2024-10-03 06:00:00,Hurricane (>64 knots)
149,AL132024,LESLIE,TS,10.4,-29.8,35,2024-10-03 00:00:00,Tropical Storm (34-63 knots)
149,AL132024,LESLIE,TS,10.3,-30.2,40,2024-10-03 06:00:00,Tropical Storm (34-63 knots)
150,AL132023,LEE,HU,23.5,-63.9,100,2023-09-11 18:00:00,Hurricane (>64 knots)
150,AL132023,LEE,HU,23.7,-64.5,100,2023-09-12 00:00:00,Hurricane (>64 knots)
150,AL132023,LEE,HU,23.9,-65.1,100,2023-09-12 06:00:00,Hurricane (>64 knots)
150,AL132023,LEE,HU,24.1,-65.7,100,2023-09-12 12:00:00,Hurricane (>64 knots)
150,AL132023,LEE,HU,24.5,-66.2,100,2023-09-12 18:00:00,Hurricane (>64 knots)
150,AL132023,LEE,HU,24.9,-66.6,100,2023-09-13 00:00:00,Hurricane (>64 knots)
150,AL132023,LEE,HU,25.3,-66.9,100,2023-09-13 06:00:00,Hurricane (>64 knots)
150,AL132023,LEE,HU,26.0,-67.2,95,2023-09-13 12:00:00,Hurricane (>64 knots)
150,AL132023,LEE,HU,26.8,-67.6,90,2023-09-13 18:00:00,Hurricane (>64 knots)
150,AL132023,LEE,HU,27.6,-67.8,90,2023-09-14 00:00:00,Hurricane (>64 knots)
150,AL132023,LEE,HU,28.5,-68.0,85,2023-09-14 06:00:00,Hurricane (>64 knots)
150,AL132023,LEE,HU,29.8,-68.2,80,2023-09-14 12:00:00,Hurricane (>64 knots)
150,AL132023,LEE,HU,31.1,-68.3,75,2023-09-14 18:00:00,Hurricane (>64 knots)
150,AL132023,LEE,HU,32.1,-67.8,75,2023-09-15 00:00:00,Hurricane (>64 knots)
150,AL132023,LEE,HU,33.6,-67.6,75,2023-09-15 06:00:00,Hurricane (>64 knots)
150,AL132023,LEE,HU,35.1,-67.1,75,2023-09-15 12:00:00,Hurricane (>64 knots)
150,AL132023,LEE,HU,37.1,-66.7,75,2023-09-15 18:00:00,Hurricane (>64 knots)
150,AL132023,LEE,HU,38.7,-65.9,75,2023-09-16 00:00:00,Hurricane (>64 knots)
150,AL132023,LEE,EX,40.9,-66.0,70,2023-09-16 06:00:00,Extratropical Cyclone
150,AL132023,LEE,EX,42.7,-66.3,65,2023-09-16 12:00:00,Extratropical Cyclone
150,AL132023,LEE,EX,43.8,-66.4,55,2023-09-16 18:00:00,Extratropical Cyclone
150,AL132023,LEE,EX,44.3,-66.3,55,2023-09-16 20:00:00,Extratropical Cyclone
150,AL132023,LEE,EX,44.7,-66.2,55,2023-09-17 00:00:00,Extratropical Cyclone
150,AL132023,LEE,EX,45.9,-64.8,50,2023-09-17 06:00:00,Extratropical Cyclone
150,AL132023,LEE,EX,47.3,-63.0,40,2023-09-17 12:00:00,Extratropical Cyclone
150,AL132023,LEE,EX,48.6,-60.1,40,2023-09-17 18:00:00,Extratropical Cyclone
150,AL132023,LEE,EX,50.7,-57.9,35,2023-09-18 00:00:00,Extratropical Cyclone
150,AL132023,LEE,EX,51.7,-53.2,35,2023-09-18 06:00:00,Extratropical Cyclone
150,AL132023,LEE,EX,52.6,-48.6,40,2023-09-18 12:00:00,Extratropical Cyclone
150,AL132023,LEE,EX,53.0,-42.0,40,2023-09-18 18:00:00,Extratropical Cyclone
150,AL142023,MARGOT,HU,26.4,-39.9,65,2023-09-11 18:00:00,Hurricane (>64 knots)
150,AL142023,MARGOT,HU,27.5,-39.6,70,2023-09-12 00:00:00,Hurricane (>64 knots)
150,AL142023,MARGOT,HU,28.6,-39.4,75,2023-09-12 06:00:00,Hurricane (>64 knots)
150,AL142023,MARGOT,HU,29.8,-39.3,75,2023-09-12 12:00:00,Hurricane (>64 knots)
150,AL142023,MARGOT,HU,31.0,-39.4,75,2023-09-12 18:00:00,Hurricane (>64 knots)
150,AL142023,MARGOT,HU,32.1,-39.6,75,2023-09-13 00:00:00,Hurricane (>64 knots)
150,AL142023,MARGOT,HU,33.0,-39.9,80,2023-09-13 06:00:00,Hurricane (>64 knots)
150,AL142023,MARGOT,HU,33.7,-40.3,80,2023-09-13 12:00:00,Hurricane (>64 knots)
150,AL142023,MARGOT,HU,34.4,-40.6,75,2023-09-13 18:00:00,Hurricane (>64 knots)
150,AL142023,MARGOT,HU,35.1,-40.7,75,2023-09-14 00:00:00,Hurricane (>64 knots)
150,AL142023,MARGOT,HU,35.8,-40.5,70,2023-09-14 06:00:00,Hurricane (>64 knots)
150,AL142023,MARGOT,HU,36.3,-40.1,70,2023-09-14 12:00:00,Hurricane (>64 knots)
150,AL142023,MARGOT,HU,36.6,-39.6,70,2023-09-14 18:00:00,Hurricane (>64 knots)
150,AL142023,MARGOT,HU,36.7,-39.1,65,2023-09-15 00:00:00,Hurricane (>64 knots)
150,AL142023,MARGOT,TS,36.7,-38.6,60,2023-09-15 06:00:00,Tropical Storm (34-63 knots)
150,AL142023,MARGOT,TS,36.5,-38.1,55,2023-09-15 12:00:00,Tropical Storm (34-63 knots)
150,AL142023,MARGOT,TS,36.1,-37.8,55,2023-09-15 18:00:00,Tropical Storm (34-63 knots)
150,AL142023,MARGOT,TS,35.7,-37.8,55,2023-09-16 00:00:00,Tropical Storm (34-63 knots)
150,AL142023,MARGOT,TS,35.2,-38.0,55,2023-09-16 06:00:00,Tropical Storm (34-63 knots)
150,AL142023,MARGOT,TS,34.7,-38.5,50,2023-09-16 12:00:00,Tropical Storm (34-63 knots)
150,AL142023,MARGOT,TS,34.3,-39.2,45,2023-09-16 18:00:00,Tropical Storm (34-63 knots)
150,AL142023,MARGOT,LO,34.0,-40.1,40,2023-09-17 00:00:00,Low (not tropical/subtropical/extratropical)
150,AL142023,MARGOT,LO,34.0,-41.1,35,2023-09-17 06:00:00,Low (not tropical/subtropical/extratropical)
150,AL142023,MARGOT,LO,34.3,-42.0,35,2023-09-17 12:00:00,Low (not tropical/subtropical/extratropical)
150,AL142023,MARGOT,LO,34.7,-43.0,35,2023-09-17 18:00:00,Low (not tropical/subtropical/extratropical)
150,AL152023,NIGEL,TS,21.4,-47.6,35,2023-09-17 00:00:00,Tropical Storm (34-63 knots)
150,AL152023,NIGEL,TS,22.5,-48.3,45,2023-09-17 06:00:00,Tropical Storm (34-63 knots)
150,AL152023,NIGEL,TS,23.5,-48.8,50,2023-09-17 12:00:00,Tropical Storm (34-63 knots)
150,AL152023,NIGEL,TS,24.5,-49.4,55,2023-09-17 18:00:00,Tropical Storm (34-63 knots)
150,AL152023,NIGEL,TS,25.3,-50.0,60,2023-09-18 00:00:00,Tropical Storm (34-63 knots)
150,AL152023,NIGEL,HU,26.0,-50.6,65,2023-09-18 06:00:00,Hurricane (>64 knots)
150,AL152023,NIGEL,HU,26.8,-51.1,65,2023-09-18 12:00:00,Hurricane (>64 knots)
150,AL152023,NIGEL,HU,27.5,-51.7,70,2023-09-18 18:00:00,Hurricane (>64 knots)
150,AL152023,NIGEL,HU,28.2,-52.4,75,2023-09-19 00:00:00,Hurricane (>64 knots)
150,AL152023,NIGEL,HU,29.0,-53.2,75,2023-09-19 06:00:00,Hurricane (>64 knots)
150,AL152023,NIGEL,HU,29.9,-54.0,80,2023-09-19 12:00:00,Hurricane (>64 knots)
150,AL152023,NIGEL,HU,31.1,-54.7,85,2023-09-19 18:00:00,Hurricane (>64 knots)
150,AL152023,NIGEL,HU,32.4,-55.0,85,2023-09-20 00:00:00,Hurricane (>64 knots)
150,AL152023,NIGEL,HU,33.7,-55.2,85,2023-09-20 06:00:00,Hurricane (>64 knots)
150,AL152023,NIGEL,HU,35.2,-54.7,80,2023-09-20 12:00:00,Hurricane (>64 knots)
150,AL152023,NIGEL,HU,36.7,-53.6,80,2023-09-20 18:00:00,Hurricane (>64 knots)
150,AL152023,NIGEL,HU,38.3,-51.6,80,2023-09-21 00:00:00,Hurricane (>64 knots)
150,AL152023,NIGEL,HU,40.0,-49.2,75,2023-09-21 06:00:00,Hurricane (>64 knots)
150,AL152023,NIGEL,HU,41.3,-46.3,75,2023-09-21 12:00:00,Hurricane (>64 knots)
150,AL152023,NIGEL,HU,42.8,-42.8,70,2023-09-21 18:00:00,Hurricane (>64 knots)
150,AL152023,NIGEL,HU,44.3,-38.7,65,2023-09-22 00:00:00,Hurricane (>64 knots)
150,AL152023,NIGEL,EX,45.4,-34.3,60,2023-09-22 06:00:00,Extratropical Cyclone
150,AL152023,NIGEL,EX,47.2,-30.2,55,2023-09-22 12:00:00,Extratropical Cyclone
150,AL152023,NIGEL,EX,48.9,-26.8,55,2023-09-22 18:00:00,Extratropical Cyclone
150,AL152023,NIGEL,EX,50.9,-24.0,55,2023-09-23 00:00:00,Extratropical Cyclone
150,AL152023,NIGEL,EX,53.3,-22.2,55,2023-09-23 06:00:00,Extratropical Cyclone
150,AL152023,NIGEL,EX,55.6,-22.7,55,2023-09-23 12:00:00,Extratropical Cyclone
150,AL152023,NIGEL,EX,57.7,-23.2,55,2023-09-23 18:00:00,Extratropical Cyclone
150,AL152023,NIGEL,EX,58.3,-25.6,50,2023-09-24 00:00:00,Extratropical Cyclone
150,AL152023,NIGEL,EX,57.4,-27.4,50,2023-09-24 06:00:00,Extratropical Cyclone
150,AL152023,NIGEL,EX,56.1,-26.7,45,2023-09-24 12:00:00,Extratropical Cyclone
150,AL152023,NIGEL,EX,56.4,-23.5,45,2023-09-24 18:00:00,Extratropical Cyclone
150,AL152023,NIGEL,EX,58.0,-20.9,40,2023-09-25 00:00:00,Extratropical Cyclone
150,AL152023,NIGEL,EX,60.1,-18.6,40,2023-09-25 06:00:00,Extratropical Cyclone
150,AL152023,NIGEL,EX,61.0,-18.5,40,2023-09-25 12:00:00,Extratropical Cyclone
150,AL152023,NIGEL,EX,61.5,-19.4,40,2023-09-25 18:00:00,Extratropical Cyclone
150,AL152023,NIGEL,EX,61.5,-20.9,40,2023-09-26 00:00:00,Extratropical Cyclone
150,AL152023,NIGEL,EX,61.5,-22.5,40,2023-09-26 06:00:00,Extratropical Cyclone
150,AL152023,NIGEL,EX,61.5,-23.3,40,2023-09-26 12:00:00,Extratropical Cyclone
150,AL162023,OPHELIA,EX,29.5,-75.3,35,2023-09-22 00:00:00,Extratropical Cyclone
150,AL162023,OPHELIA,EX,30.3,-75.1,40,2023-09-22 06:00:00,Extratropical Cyclone
150,AL162023,OPHELIA,EX,31.6,-75.5,50,2023-09-22 12:00:00,Extratropical Cyclone
150,AL162023,OPHELIA,TS,32.7,-76.1,60,2023-09-22 18:00:00,Tropical Storm (34-63 knots)
150,AL162023,OPHELIA,TS,33.3,-76.6,60,2023-09-23 00:00:00,Tropical Storm (34-63 knots)
150,AL162023,OPHELIA,TS,33.8,-77.1,60,2023-09-23 06:00:00,Tropical Storm (34-63 knots)
150,AL162023,OPHELIA,TS,34.7,-77.1,60,2023-09-23 10:15:00,Tropical Storm (34-63 knots)
150,AL162023,OPHELIA,TS,35.1,-77.1,50,2023-09-23 12:00:00,Tropical Storm (34-63 knots)
150,AL162023,OPHELIA,TS,36.3,-77.5,40,2023-09-23 18:00:00,Tropical Storm (34-63 knots)
150,AL172023,PHILIPPE,TS,15.7,-39.1,35,2023-09-23 18:00:00,Tropical Storm (34-63 knots)
150,AL172023,PHILIPPE,TS,15.8,-39.8,40,2023-09-24 00:00:00,Tropical Storm (34-63 knots)
150,AL172023,PHILIPPE,TS,16.0,-40.5,45,2023-09-24 06:00:00,Tropical Storm (34-63 knots)
150,AL172023,PHILIPPE,TS,16.3,-41.3,45,2023-09-24 12:00:00,Tropical Storm (34-63 knots)
150,AL172023,PHILIPPE,TS,16.6,-42.0,45,2023-09-24 18:00:00,Tropical Storm (34-63 knots)
150,AL172023,PHILIPPE,TS,16.9,-42.9,45,2023-09-25 00:00:00,Tropical Storm (34-63 knots)
150,AL172023,PHILIPPE,TS,17.1,-43.8,50,2023-09-25 06:00:00,Tropical Storm (34-63 knots)
150,AL172023,PHILIPPE,TS,17.1,-44.8,50,2023-09-25 12:00:00,Tropical Storm (34-63 knots)
150,AL172023,PHILIPPE,TS,17.1,-46.2,45,2023-09-25 18:00:00,Tropical Storm (34-63 knots)
150,AL172023,PHILIPPE,TS,17.4,-47.3,45,2023-09-26 00:00:00,Tropical Storm (34-63 knots)
150,AL172023,PHILIPPE,TS,17.5,-48.5,45,2023-09-26 06:00:00,Tropical Storm (34-63 knots)
150,AL172023,PHILIPPE,TS,17.4,-49.7,40,2023-09-26 12:00:00,Tropical Storm (34-63 knots)
150,AL172023,PHILIPPE,TS,17.1,-50.8,40,2023-09-26 18:00:00,Tropical Storm (34-63 knots)
150,AL172023,PHILIPPE,TS,17.2,-51.6,40,2023-09-27 00:00:00,Tropical Storm (34-63 knots)
150,AL172023,PHILIPPE,TS,17.4,-52.3,40,2023-09-27 06:00:00,Tropical Storm (34-63 knots)
150,AL172023,PHILIPPE,TS,17.5,-53.0,45,2023-09-27 12:00:00,Tropical Storm (34-63 knots)
150,AL172023,PHILIPPE,TS,17.8,-53.7,45,2023-09-27 18:00:00,Tropical Storm (34-63 knots)
150,AL172023,PHILIPPE,TS,18.1,-54.3,40,2023-09-28 00:00:00,Tropical Storm (34-63 knots)
150,AL172023,PHILIPPE,TS,18.5,-54.5,40,2023-09-28 06:00:00,Tropical Storm (34-63 knots)
150,AL172023,PHILIPPE,TS,18.7,-54.7,40,2023-09-28 12:00:00,Tropical Storm (34-63 knots)
150,AL172023,PHILIPPE,TS,18.6,-54.8,40,2023-09-28 18:00:00,Tropical Storm (34-63 knots)
150,AL172023,PHILIPPE,TS,18.5,-54.9,40,2023-09-29 00:00:00,Tropical Storm (34-63 knots)
150,AL172023,PHILIPPE,TS,18.4,-55.0,40,2023-09-29 06:00:00,Tropical Storm (34-63 knots)
150,AL182023,RINA,TS,15.6,-44.5,35,2023-09-28 06:00:00,Tropical Storm (34-63 knots)
150,AL182023,RINA,TS,16.9,-45.1,35,2023-09-28 12:00:00,Tropical Storm (34-63 knots)
150,AL182023,RINA,TS,17.7,-45.8,35,2023-09-28 18:00:00,Tropical Storm (34-63 knots)
150,AL182023,RINA,TS,18.2,-46.2,40,2023-09-29 00:00:00,Tropical Storm (34-63 knots)
150,AL182023,RINA,TS,18.6,-46.4,45,2023-09-29 06:00:00,Tropical Storm (34-63 knots)
151,AL012025,ANDREA,LO,35.4,-51.4,35,2025-06-24 06:00:00,Low (not tropical/subtropical/extratropical)
151,AL012025,ANDREA,TS,36.2,-49.7,35,2025-06-24 12:00:00,Tropical Storm (34-63 knots)
151,AL012025,ANDREA,TS,37.3,-48.1,35,2025-06-24 18:00:00,Tropical Storm (34-63 knots)
151,AL022025,BARRY,TS,20.1,-96.0,35,2025-06-29 12:00:00,Tropical Storm (34-63 knots)
151,AL022025,BARRY,TS,20.9,-96.7,40,2025-06-29 18:00:00,Tropical Storm (34-63 knots)
151,AL022025,BARRY,TS,21.7,-97.4,35,2025-06-30 00:00:00,Tropical Storm (34-63 knots)
151,AL032025,CHANTAL,TS,30.8,-79.0,35,2025-07-05 12:00:00,Tropical Storm (34-63 knots)
151,AL032025,CHANTAL,TS,31.6,-78.7,40,2025-07-05 18:00:00,Tropical Storm (34-63 knots)
151,AL032025,CHANTAL,TS,32.3,-78.7,40,2025-07-06 00:00:00,Tropical Storm (34-63 knots)
151,AL032025,CHANTAL,TS,33.3,-78.9,50,2025-07-06 06:00:00,Tropical Storm (34-63 knots)
151,AL032025,CHANTAL,TS,33.6,-79.1,45,2025-07-06 09:00:00,Tropical Storm (34-63 knots)
151,AL032025,CHANTAL,TS,34.0,-79.2,35,2025-07-06 12:00:00,Tropical Storm (34-63 knots)
154,AL022024,BERYL,TS,9.2,-43.1,35,2024-06-29 00:00:00,Tropical Storm (34-63 knots)
154,AL022024,BERYL,TS,9.5,-45.2,45,2024-06-29 06:00:00,Tropical Storm (34-63 knots)
154,AL022024,BERYL,TS,9.7,-47.0,55,2024-06-29 12:00:00,Tropical Storm (34-63 knots)
154,AL022024,BERYL,TS,9.9,-48.7,60,2024-06-29 18:00:00,Tropical Storm (34-63 knots)
154,AL022024,BERYL,HU,10.1,-50.5,70,2024-06-30 00:00:00,Hurricane (>64 knots)
154,AL022024,BERYL,HU,10.4,-52.3,85,2024-06-30 06:00:00,Hurricane (>64 knots)
154,AL022024,BERYL,HU,10.5,-54.0,100,2024-06-30 12:00:00,Hurricane (>64 knots)
154,AL022024,BERYL,HU,10.9,-55.7,115,2024-06-30 18:00:00,Hurricane (>64 knots)
154,AL022024,BERYL,HU,11.2,-57.3,110,2024-07-01 00:00:00,Hurricane (>64 knots)
154,AL022024,BERYL,HU,11.5,-59.0,100,2024-07-01 06:00:00,Hurricane (>64 knots)
154,AL022024,BERYL,HU,12.0,-60.6,115,2024-07-01 12:00:00,Hurricane (>64 knots)
154,AL022024,BERYL,HU,12.5,-61.5,120,2024-07-01 15:20:00,Hurricane (>64 knots)
154,AL022024,BERYL,HU,12.8,-62.3,130,2024-07-01 18:00:00,Hurricane (>64 knots)
154,AL022024,BERYL,HU,13.5,-64.1,140,2024-07-02 00:00:00,Hurricane (>64 knots)
154,AL022024,BERYL,HU,14.3,-65.9,145,2024-07-02 06:00:00,Hurricane (>64 knots)
154,AL022024,BERYL,HU,14.8,-67.2,145,2024-07-02 09:45:00,Hurricane (>64 knots)
154,AL022024,BERYL,HU,15.0,-67.9,140,2024-07-02 12:00:00,Hurricane (>64 knots)
154,AL022024,BERYL,HU,15.6,-69.9,135,2024-07-02 18:00:00,Hurricane (>64 knots)
154,AL022024,BERYL,HU,16.0,-71.8,130,2024-07-03 00:00:00,Hurricane (>64 knots)
154,AL022024,BERYL,HU,16.3,-73.5,125,2024-07-03 06:00:00,Hurricane (>64 knots)
154,AL022024,BERYL,HU,16.8,-75.3,125,2024-07-03 12:00:00,Hurricane (>64 knots)
154,AL022024,BERYL,HU,17.3,-76.8,120,2024-07-03 18:00:00,Hurricane (>64 knots)
154,AL022024,BERYL,HU,17.8,-78.3,115,2024-07-04 00:00:00,Hurricane (>64 knots)
154,AL022024,BERYL,HU,18.3,-80.0,105,2024-07-04 06:00:00,Hurricane (>64 knots)
154,AL022024,BERYL,HU,18.8,-81.8,95,2024-07-04 12:00:00,Hurricane (>64 knots)
154,AL022024,BERYL,HU,19.3,-83.4,90,2024-07-04 18:00:00,Hurricane (>64 knots)
154,AL022024,BERYL,HU,19.4,-84.8,100,2024-07-05 00:00:00,Hurricane (>64 knots)
154,AL022024,BERYL,HU,19.8,-86.2,95,2024-07-05 06:00:00,Hurricane (>64 knots)
154,AL022024,BERYL,HU,20.3,-87.4,80,2024-07-05 11:00:00,Hurricane (>64 knots)
154,AL022024,BERYL,HU,20.4,-87.6,75,2024-07-05 12:00:00,Hurricane (>64 knots)
154,AL022024,BERYL,TS,20.9,-88.8,60,2024-07-05 18:00:00,Tropical Storm (34-63 knots)
154,AL022024,BERYL,TS,21.4,-89.8,50,2024-07-06 00:00:00,Tropical Storm (34-63 knots)
154,AL022024,BERYL,TS,21.9,-90.9,45,2024-07-06 06:00:00,Tropical Storm (34-63 knots)
154,AL022024,BERYL,TS,22.6,-91.8,50,2024-07-06 12:00:00,Tropical Storm (34-63 knots)
154,AL022024,BERYL,TS,23.6,-92.7,50,2024-07-06 18:00:00,Tropical Storm (34-63 knots)
154,AL022024,BERYL,TS,24.4,-93.6,50,2024-07-07 00:00:00,Tropical Storm (34-63 knots)
154,AL022024,BERYL,TS,24.9,-94.3,50,2024-07-07 06:00:00,Tropical Storm (34-63 knots)
154,AL022024,BERYL,TS,25.5,-94.9,55,2024-07-07 12:00:00,Tropical Storm (34-63 knots)
154,AL022024,BERYL,TS,26.3,-95.4,55,2024-07-07 18:00:00,Tropical Storm (34-63 knots)
154,AL022024,BERYL,TS,27.1,-95.7,60,2024-07-08 00:00:00,Tropical Storm (34-63 knots)
154,AL022024,BERYL,HU,28.2,-95.9,70,2024-07-08 06:00:00,Hurricane (>64 knots)
154,AL022024,BERYL,HU,28.6,-96.0,80,2024-07-08 08:40:00,Hurricane (>64 knots)
154,AL022024,BERYL,HU,29.3,-96.0,70,2024-07-08 12:00:00,Hurricane (>64 knots)
154,AL022024,BERYL,TS,30.7,-95.6,50,2024-07-08 18:00:00,Tropical Storm (34-63 knots)
154,AL032024,CHRIS,TS,19.9,-96.0,35,2024-07-01 00:00:00,Tropical Storm (34-63 knots)
154,AL032024,CHRIS,TS,19.9,-96.5,40,2024-07-01 03:00:00,Tropical Storm (34-63 knots)
155,AL062023,GERT,TS,27.6,-54.4,40,2023-09-02 06:00:00,Tropical Storm (34-63 knots)
155,AL062023,GERT,TS,27.7,-54.1,45,2023-09-02 12:00:00,Tropical Storm (34-63 knots)
155,AL062023,GERT,TS,28.1,-53.8,45,2023-09-02 18:00:00,Tropical Storm (34-63 knots)
155,AL062023,GERT,TS,28.6,-53.5,50,2023-09-03 00:00:00,Tropical Storm (34-63 knots)
155,AL062023,GERT,TS,29.3,-53.0,50,2023-09-03 06:00:00,Tropical Storm (34-63 knots)
155,AL062023,GERT,TS,30.4,-52.4,50,2023-09-03 12:00:00,Tropical Storm (34-63 knots)
155,AL062023,GERT,TS,31.9,-51.6,45,2023-09-03 18:00:00,Tropical Storm (34-63 knots)
155,AL062023,GERT,TS,33.9,-50.9,45,2023-09-04 00:00:00,Tropical Storm (34-63 knots)
155,AL062023,GERT,TS,36.5,-50.7,45,2023-09-04 06:00:00,Tropical Storm (34-63 knots)
155,AL062023,GERT,LO,39.4,-50.8,40,2023-09-04 12:00:00,Low (not tropical/subtropical/extratropical)
155,AL082023,FRANKLIN,EX,41.2,-48.8,70,2023-09-02 06:00:00,Extratropical Cyclone
155,AL082023,FRANKLIN,EX,43.0,-45.9,65,2023-09-02 12:00:00,Extratropical Cyclone
155,AL082023,FRANKLIN,EX,44.8,-43.4,65,2023-09-02 18:00:00,Extratropical Cyclone
155,AL082023,FRANKLIN,EX,45.8,-41.0,65,2023-09-03 00:00:00,Extratropical Cyclone
155,AL082023,FRANKLIN,EX,46.4,-38.7,60,2023-09-03 06:00:00,Extratropical Cyclone
155,AL082023,FRANKLIN,EX,47.0,-36.2,55,2023-09-03 12:00:00,Extratropical Cyclone
155,AL082023,FRANKLIN,EX,47.7,-33.4,55,2023-09-03 18:00:00,Extratropical Cyclone
155,AL082023,FRANKLIN,EX,47.8,-30.8,50,2023-09-04 00:00:00,Extratropical Cyclone
155,AL082023,FRANKLIN,EX,47.5,-28.6,45,2023-09-04 06:00:00,Extratropical Cyclone
155,AL082023,FRANKLIN,EX,47.1,-27.3,40,2023-09-04 12:00:00,Extratropical Cyclone
155,AL082023,FRANKLIN,EX,46.7,-26.8,40,2023-09-04 18:00:00,Extratropical Cyclone
155,AL082023,FRANKLIN,EX,46.0,-26.6,40,2023-09-05 00:00:00,Extratropical Cyclone
155,AL082023,FRANKLIN,EX,44.6,-26.3,40,2023-09-05 06:00:00,Extratropical Cyclone
155,AL082023,FRANKLIN,EX,42.8,-25.4,40,2023-09-05 12:00:00,Extratropical Cyclone
155,AL082023,FRANKLIN,EX,41.0,-23.8,40,2023-09-05 18:00:00,Extratropical Cyclone
155,AL082023,FRANKLIN,EX,40.1,-21.6,35,2023-09-06 00:00:00,Extratropical Cyclone
155,AL082023,FRANKLIN,EX,40.1,-19.4,35,2023-09-06 06:00:00,Extratropical Cyclone
155,AL082023,FRANKLIN,EX,41.3,-17.7,40,2023-09-06 12:00:00,Extratropical Cyclone
155,AL082023,FRANKLIN,EX,43.3,-16.5,45,2023-09-06 18:00:00,Extratropical Cyclone
155,AL082023,FRANKLIN,EX,45.4,-16.0,50,2023-09-07 00:00:00,Extratropical Cyclone
155,AL082023,FRANKLIN,EX,46.8,-16.1,50,2023-09-07 06:00:00,Extratropical Cyclone
155,AL082023,FRANKLIN,EX,47.7,-16.3,45,2023-09-07 12:00:00,Extratropical Cyclone
155,AL082023,FRANKLIN,EX,48.5,-16.5,40,2023-09-07 18:00:00,Extratropical Cyclone
155,AL082023,FRANKLIN,EX,48.5,-17.2,35,2023-09-08 00:00:00,Extratropical Cyclone
155,AL102023,IDALIA,EX,31.8,-64.7,50,2023-09-02 06:00:00,Extratropical Cyclone
155,AL102023,IDALIA,EX,31.8,-63.9,50,2023-09-02 12:00:00,Extratropical Cyclone
155,AL102023,IDALIA,EX,31.8,-63.1,50,2023-09-02 18:00:00,Extratropical Cyclone
155,AL102023,IDALIA,EX,32.0,-62.2,50,2023-09-03 00:00:00,Extratropical Cyclone
155,AL102023,IDALIA,EX,32.5,-61.3,50,2023-09-03 06:00:00,Extratropical Cyclone
155,AL102023,IDALIA,EX,33.4,-60.5,50,2023-09-03 12:00:00,Extratropical Cyclone
155,AL102023,IDALIA,EX,34.9,-59.7,55,2023-09-03 18:00:00,Extratropical Cyclone
155,AL102023,IDALIA,EX,36.2,-58.9,60,2023-09-04 00:00:00,Extratropical Cyclone
155,AL102023,IDALIA,EX,37.6,-58.0,60,2023-09-04 06:00:00,Extratropical Cyclone
155,AL102023,IDALIA,EX,39.2,-57.5,55,2023-09-04 12:00:00,Extratropical Cyclone
155,AL102023,IDALIA,EX,40.5,-57.9,55,2023-09-04 18:00:00,Extratropical Cyclone
155,AL102023,IDALIA,EX,41.1,-58.7,50,2023-09-05 00:00:00,Extratropical Cyclone
155,AL102023,IDALIA,EX,41.6,-59.1,50,2023-09-05 06:00:00,Extratropical Cyclone
155,AL102023,IDALIA,EX,42.2,-59.3,45,2023-09-05 12:00:00,Extratropical Cyclone
155,AL102023,IDALIA,EX,42.6,-59.8,40,2023-09-05 18:00:00,Extratropical Cyclone
155,AL102023,IDALIA,EX,42.6,-60.5,35,2023-09-06 00:00:00,Extratropical Cyclone
155,AL102023,IDALIA,EX,42.6,-61.4,35,2023-09-06 06:00:00,Extratropical Cyclone
155,AL102023,IDALIA,EX,42.6,-62.0,35,2023-09-06 12:00:00,Extratropical Cyclone
155,AL102023,IDALIA,EX,42.6,-62.8,35,2023-09-06 18:00:00,Extratropical Cyclone
155,AL122023,KATIA,TS,22.3,-28.8,40,2023-09-02 06:00:00,Tropical Storm (34-63 knots)
155,AL122023,KATIA,TS,23.5,-29.4,45,2023-09-02 12:00:00,Tropical Storm (34-63 knots)
155,AL122023,KATIA,TS,24.5,-30.1,50,2023-09-02 18:00:00,Tropical Storm (34-63 knots)
155,AL122023,KATIA,TS,25.3,-30.9,45,2023-09-03 00:00:00,Tropical Storm (34-63 knots)
155,AL122023,KATIA,TS,26.0,-31.5,40,2023-09-03 06:00:00,Tropical Storm (34-63 knots)
155,AL122023,KATIA,TS,26.5,-32.0,35,2023-09-03 12:00:00,Tropical Storm (34-63 knots)
155,AL122023,KATIA,TS,26.9,-32.7,35,2023-09-03 18:00:00,Tropical Storm (34-63 knots)
155,AL132023,LEE,TS,12.9,-41.1,35,2023-09-05 18:00:00,Tropical Storm (34-63 knots)
155,AL132023,LEE,TS,13.2,-42.5,45,2023-09-06 00:00:00,Tropical Storm (34-63 knots)
155,AL132023,LEE,TS,13.5,-43.9,55,2023-09-06 06:00:00,Tropical Storm (34-63 knots)
155,AL132023,LEE,TS,14.0,-45.0,60,2023-09-06 12:00:00,Tropical Storm (34-63 knots)
155,AL132023,LEE,HU,14.6,-46.1,65,2023-09-06 18:00:00,Hurricane (>64 knots)
155,AL132023,LEE,HU,15.1,-47.1,70,2023-09-07 00:00:00,Hurricane (>64 knots)
155,AL132023,LEE,HU,15.6,-48.2,75,2023-09-07 06:00:00,Hurricane (>64 knots)
155,AL132023,LEE,HU,16.1,-49.4,85,2023-09-07 12:00:00,Hurricane (>64 knots)
155,AL132023,LEE,HU,16.6,-50.7,105,2023-09-07 18:00:00,Hurricane (>64 knots)
155,AL132023,LEE,HU,17.0,-51.8,135,2023-09-08 00:00:00,Hurricane (>64 knots)
155,AL132023,LEE,HU,17.5,-53.0,145,2023-09-08 06:00:00,Hurricane (>64 knots)
155,AL132023,LEE,HU,17.9,-54.1,135,2023-09-08 12:00:00,Hurricane (>64 knots)
155,AL132023,LEE,HU,18.5,-55.1,125,2023-09-08 18:00:00,Hurricane (>64 knots)
155,AL132023,LEE,HU,19.0,-56.0,105,2023-09-09 00:00:00,Hurricane (>64 knots)
155,AL132023,LEE,HU,19.5,-57.0,100,2023-09-09 06:00:00,Hurricane (>64 knots)
155,AL132023,LEE,HU,20.0,-57.9,100,2023-09-09 12:00:00,Hurricane (>64 knots)
155,AL132023,LEE,HU,20.4,-58.8,95,2023-09-09 18:00:00,Hurricane (>64 knots)
155,AL132023,LEE,HU,20.8,-59.5,85,2023-09-10 00:00:00,Hurricane (>64 knots)
155,AL132023,LEE,HU,21.2,-60.2,90,2023-09-10 06:00:00,Hurricane (>64 knots)
155,AL132023,LEE,HU,21.5,-60.8,95,2023-09-10 12:00:00,Hurricane (>64 knots)
155,AL132023,LEE,HU,21.9,-61.4,105,2023-09-10 18:00:00,Hurricane (>64 knots)
155,AL132023,LEE,HU,22.3,-61.9,105,2023-09-11 00:00:00,Hurricane (>64 knots)
155,AL132023,LEE,HU,22.8,-62.5,105,2023-09-11 06:00:00,Hurricane (>64 knots)
155,AL132023,LEE,HU,23.2,-63.2,105,2023-09-11 12:00:00,Hurricane (>64 knots)
155,AL132023,LEE,HU,23.5,-63.9,100,2023-09-11 18:00:00,Hurricane (>64 knots)
155,AL132023,LEE,HU,23.7,-64.5,100,2023-09-12 00:00:00,Hurricane (>64 knots)
155,AL132023,LEE,HU,23.9,-65.1,100,2023-09-12 06:00:00,Hurricane (>64 knots)
155,AL132023,LEE,HU,24.1,-65.7,100,2023-09-12 12:00:00,Hurricane (>64 knots)
155,AL132023,LEE,HU,24.5,-66.2,100,2023-09-12 18:00:00,Hurricane (>64 knots)
155,AL132023,LEE,HU,24.9,-66.6,100,2023-09-13 00:00:00,Hurricane (>64 knots)
155,AL132023,LEE,HU,25.3,-66.9,100,2023-09-13 06:00:00,Hurricane (>64 knots)
155,AL132023,LEE,HU,26.0,-67.2,95,2023-09-13 12:00:00,Hurricane (>64 knots)
155,AL132023,LEE,HU,26.8,-67.6,90,2023-09-13 18:00:00,Hurricane (>64 knots)
155,AL132023,LEE,HU,27.6,-67.8,90,2023-09-14 00:00:00,Hurricane (>64 knots)
155,AL132023,LEE,HU,28.5,-68.0,85,2023-09-14 06:00:00,Hurricane (>64 knots)
155,AL132023,LEE,HU,29.8,-68.2,80,2023-09-14 12:00:00,Hurricane (>64 knots)
155,AL132023,LEE,HU,31.1,-68.3,75,2023-09-14 18:00:00,Hurricane (>64 knots)
155,AL132023,LEE,HU,32.1,-67.8,75,2023-09-15 00:00:00,Hurricane (>64 knots)
155,AL132023,LEE,HU,33.6,-67.6,75,2023-09-15 06:00:00,Hurricane (>64 knots)
155,AL132023,LEE,HU,35.1,-67.1,75,2023-09-15 12:00:00,Hurricane (>64 knots)
155,AL132023,LEE,HU,37.1,-66.7,75,2023-09-15 18:00:00,Hurricane (>64 knots)
155,AL132023,LEE,HU,38.7,-65.9,75,2023-09-16 00:00:00,Hurricane (>64 knots)
155,AL132023,LEE,EX,40.9,-66.0,70,2023-09-16 06:00:00,Extratropical Cyclone
155,AL132023,LEE,EX,42.7,-66.3,65,2023-09-16 12:00:00,Extratropical Cyclone
155,AL132023,LEE,EX,43.8,-66.4,55,2023-09-16 18:00:00,Extratropical Cyclone
155,AL132023,LEE,EX,44.3,-66.3,55,2023-09-16 20:00:00,Extratropical Cyclone
155,AL132023,LEE,EX,44.7,-66.2,55,2023-09-17 00:00:00,Extratropical Cyclone
155,AL132023,LEE,EX,45.9,-64.8,50,2023-09-17 06:00:00,Extratropical Cyclone
155,AL132023,LEE,EX,47.3,-63.0,40,2023-09-17 12:00:00,Extratropical Cyclone
155,AL132023,LEE,EX,48.6,-60.1,40,2023-09-17 18:00:00,Extratropical Cyclone
155,AL132023,LEE,EX,50.7,-57.9,35,2023-09-18 00:00:00,Extratropical Cyclone
155,AL132023,LEE,EX,51.7,-53.2,35,2023-09-18 06:00:00,Extratropical Cyclone
155,AL132023,LEE,EX,52.6,-48.6,40,2023-09-18 12:00:00,Extratropical Cyclone
155,AL132023,LEE,EX,53.0,-42.0,40,2023-09-18 18:00:00,Extratropical Cyclone
155,AL142023,MARGOT,TS,16.0,-27.3,35,2023-09-07 18:00:00,Tropical Storm (34-63 knots)
155,AL142023,MARGOT,TS,16.5,-28.6,35,2023-09-08 00:00:00,Tropical Storm (34-63 knots)
155,AL142023,MARGOT,TS,17.1,-30.1,35,2023-09-08 06:00:00,Tropical Storm (34-63 knots)
155,AL142023,MARGOT,TS,17.8,-31.8,35,2023-09-08 12:00:00,Tropical Storm (34-63 knots)
155,AL142023,MARGOT,TS,18.5,-33.6,35,2023-09-08 18:00:00,Tropical Storm (34-63 knots)
155,AL142023,MARGOT,TS,19.1,-35.1,35,2023-09-09 00:00:00,Tropical Storm (34-63 knots)
155,AL142023,MARGOT,TS,19.7,-36.4,40,2023-09-09 06:00:00,Tropical Storm (34-63 knots)
155,AL142023,MARGOT,TS,20.2,-37.5,40,2023-09-09 12:00:00,Tropical Storm (34-63 knots)
155,AL142023,MARGOT,TS,20.7,-38.3,40,2023-09-09 18:00:00,Tropical Storm (34-63 knots)
155,AL142023,MARGOT,TS,21.2,-38.9,45,2023-09-10 00:00:00,Tropical Storm (34-63 knots)
155,AL142023,MARGOT,TS,21.8,-39.4,45,2023-09-10 06:00:00,Tropical Storm (34-63 knots)
155,AL142023,MARGOT,TS,22.5,-39.8,45,2023-09-10 12:00:00,Tropical Storm (34-63 knots)
155,AL142023,MARGOT,TS,23.3,-40.0,50,2023-09-10 18:00:00,Tropical Storm (34-63 knots)
155,AL142023,MARGOT,TS,24.0,-40.0,55,2023-09-11 00:00:00,Tropical Storm (34-63 knots)
155,AL142023,MARGOT,TS,24.7,-40.0,55,2023-09-11 06:00:00,Tropical Storm (34-63 knots)
155,AL142023,MARGOT,TS,25.5,-40.0,60,2023-09-11 12:00:00,Tropical Storm (34-63 knots)
155,AL142023,MARGOT,HU,26.4,-39.9,65,2023-09-11 18:00:00,Hurricane (>64 knots)
155,AL142023,MARGOT,HU,27.5,-39.6,70,2023-09-12 00:00:00,Hurricane (>64 knots)
155,AL142023,MARGOT,HU,28.6,-39.4,75,2023-09-12 06:00:00,Hurricane (>64 knots)
155,AL142023,MARGOT,HU,29.8,-39.3,75,2023-09-12 12:00:00,Hurricane (>64 knots)
155,AL142023,MARGOT,HU,31.0,-39.4,75,2023-09-12 18:00:00,Hurricane (>64 knots)
155,AL142023,MARGOT,HU,32.1,-39.6,75,2023-09-13 00:00:00,Hurricane (>64 knots)
155,AL142023,MARGOT,HU,33.0,-39.9,80,2023-09-13 06:00:00,Hurricane (>64 knots)
155,AL142023,MARGOT,HU,33.7,-40.3,80,2023-09-13 12:00:00,Hurricane (>64 knots)
155,AL142023,MARGOT,HU,34.4,-40.6,75,2023-09-13 18:00:00,Hurricane (>64 knots)
155,AL142023,MARGOT,HU,35.1,-40.7,75,2023-09-14 00:00:00,Hurricane (>64 knots)
155,AL142023,MARGOT,HU,35.8,-40.5,70,2023-09-14 06:00:00,Hurricane (>64 knots)
155,AL142023,MARGOT,HU,36.3,-40.1,70,2023-09-14 12:00:00,Hurricane (>64 knots)
155,AL142023,MARGOT,HU,36.6,-39.6,70,2023-09-14 18:00:00,Hurricane (>64 knots)
155,AL142023,MARGOT,HU,36.7,-39.1,65,2023-09-15 00:00:00,Hurricane (>64 knots)
155,AL142023,MARGOT,TS,36.7,-38.6,60,2023-09-15 06:00:00,Tropical Storm (34-63 knots)
155,AL142023,MARGOT,TS,36.5,-38.1,55,2023-09-15 12:00:00,Tropical Storm (34-63 knots)
155,AL142023,MARGOT,TS,36.1,-37.8,55,2023-09-15 18:00:00,Tropical Storm (34-63 knots)
155,AL142023,MARGOT,TS,35.7,-37.8,55,2023-09-16 00:00:00,Tropical Storm (34-63 knots)
155,AL142023,MARGOT,TS,35.2,-38.0,55,2023-09-16 06:00:00,Tropical Storm (34-63 knots)
155,AL142023,MARGOT,TS,34.7,-38.5,50,2023-09-16 12:00:00,Tropical Storm (34-63 knots)
155,AL142023,MARGOT,TS,34.3,-39.2,45,2023-09-16 18:00:00,Tropical Storm (34-63 knots)
155,AL142023,MARGOT,LO,34.0,-40.1,40,2023-09-17 00:00:00,Low (not tropical/subtropical/extratropical)
155,AL142023,MARGOT,LO,34.0,-41.1,35,2023-09-17 06:00:00,Low (not tropical/subtropical/extratropical)
155,AL142023,MARGOT,LO,34.3,-42.0,35,2023-09-17 12:00:00,Low (not tropical/subtropical/extratropical)
155,AL142023,MARGOT,LO,34.7,-43.0,35,2023-09-17 18:00:00,Low (not tropical/subtropical/extratropical)
155,AL152023,NIGEL,TS,21.4,-47.6,35,2023-09-17 00:00:00,Tropical Storm (34-63 knots)
155,AL152023,NIGEL,TS,22.5,-48.3,45,2023-09-17 06:00:00,Tropical Storm (34-63 knots)
155,AL152023,NIGEL,TS,23.5,-48.8,50,2023-09-17 12:00:00,Tropical Storm (34-63 knots)
155,AL152023,NIGEL,TS,24.5,-49.4,55,2023-09-17 18:00:00,Tropical Storm (34-63 knots)
155,AL152023,NIGEL,TS,25.3,-50.0,60,2023-09-18 00:00:00,Tropical Storm (34-63 knots)
155,AL152023,NIGEL,HU,26.0,-50.6,65,2023-09-18 06:00:00,Hurricane (>64 knots)
155,AL152023,NIGEL,HU,26.8,-51.1,65,2023-09-18 12:00:00,Hurricane (>64 knots)
155,AL152023,NIGEL,HU,27.5,-51.7,70,2023-09-18 18:00:00,Hurricane (>64 knots)
155,AL152023,NIGEL,HU,28.2,-52.4,75,2023-09-19 00:00:00,Hurricane (>64 knots)
155,AL152023,NIGEL,HU,29.0,-53.2,75,2023-09-19 06:00:00,Hurricane (>64 knots)
155,AL152023,NIGEL,HU,29.9,-54.0,80,2023-09-19 12:00:00,Hurricane (>64 knots)
155,AL152023,NIGEL,HU,31.1,-54.7,85,2023-09-19 18:00:00,Hurricane (>64 knots)
155,AL152023,NIGEL,HU,32.4,-55.0,85,2023-09-20 00:00:00,Hurricane (>64 knots)
155,AL152023,NIGEL,HU,33.7,-55.2,85,2023-09-20 06:00:00,Hurricane (>64 knots)
155,AL152023,NIGEL,HU,35.2,-54.7,80,2023-09-20 12:00:00,Hurricane (>64 knots)
155,AL152023,NIGEL,HU,36.7,-53.6,80,2023-09-20 18:00:00,Hurricane (>64 knots)
155,AL152023,NIGEL,HU,38.3,-51.6,80,2023-09-21 00:00:00,Hurricane (>64 knots)
158,AL052022,DANIELLE,TS,38.1,-44.8,35,2022-09-01 12:00:00,Tropical Storm (34-63 knots)
158,AL052022,DANIELLE,TS,38.0,-44.4,45,2022-09-01 18:00:00,Tropical Storm (34-63 knots)
158,AL052022,DANIELLE,TS,37.9,-44.1,55,2022-09-02 00:00:00,Tropical Storm (34-63 knots)
158,AL052022,DANIELLE,TS,37.8,-43.8,60,2022-09-02 06:00:00,Tropical Storm (34-63 knots)
158,AL052022,DANIELLE,HU,37.8,-43.6,65,2022-09-02 12:00:00,Hurricane (>64 knots)
158,AL052022,DANIELLE,HU,37.9,-43.5,65,2022-09-02 18:00:00,Hurricane (>64 knots)
158,AL052022,DANIELLE,HU,38.0,-43.6,65,2022-09-03 00:00:00,Hurricane (>64 knots)
158,AL052022,DANIELLE,TS,38.0,-43.8,60,2022-09-03 06:00:00,Tropical Storm (34-63 knots)
158,AL052022,DANIELLE,TS,38.0,-44.2,60,2022-09-03 12:00:00,Tropical Storm (34-63 knots)
158,AL052022,DANIELLE,TS,38.0,-44.6,60,2022-09-03 18:00:00,Tropical Storm (34-63 knots)
158,AL052022,DANIELLE,HU,37.9,-45.0,65,2022-09-04 00:00:00,Hurricane (>64 knots)
158,AL052022,DANIELLE,HU,37.9,-45.3,70,2022-09-04 06:00:00,Hurricane (>64 knots)
158,AL052022,DANIELLE,HU,38.1,-45.4,70,2022-09-04 12:00:00,Hurricane (>64 knots)
158,AL052022,DANIELLE,HU,38.4,-45.2,75,2022-09-04 18:00:00,Hurricane (>64 knots)
158,AL052022,DANIELLE,HU,38.7,-45.0,75,2022-09-05 00:00:00,Hurricane (>64 knots)
158,AL052022,DANIELLE,HU,39.2,-44.6,75,2022-09-05 06:00:00,Hurricane (>64 knots)
158,AL052022,DANIELLE,HU,39.9,-44.1,75,2022-09-05 12:00:00,Hurricane (>64 knots)
158,AL052022,DANIELLE,HU,40.6,-43.6,75,2022-09-05 18:00:00,Hurricane (>64 knots)
158,AL052022,DANIELLE,HU,41.3,-43.1,70,2022-09-06 00:00:00,Hurricane (>64 knots)
158,AL052022,DANIELLE,HU,41.8,-42.5,65,2022-09-06 06:00:00,Hurricane (>64 knots)
158,AL052022,DANIELLE,HU,42.1,-41.8,65,2022-09-06 12:00:00,Hurricane (>64 knots)
158,AL052022,DANIELLE,HU,42.3,-41.0,65,2022-09-06 18:00:00,Hurricane (>64 knots)
158,AL052022,DANIELLE,HU,42.5,-39.9,65,2022-09-07 00:00:00,Hurricane (>64 knots)
158,AL052022,DANIELLE,HU,42.9,-38.6,70,2022-09-07 06:00:00,Hurricane (>64 knots)
158,AL062022,EARL,TS,17.9,-58.6,35,2022-09-02 18:00:00,Tropical Storm (34-63 knots)
158,AL062022,EARL,TS,18.3,-59.8,40,2022-09-03 00:00:00,Tropical Storm (34-63 knots)
158,AL062022,EARL,TS,18.6,-60.9,40,2022-09-03 06:00:00,Tropical Storm (34-63 knots)
158,AL062022,EARL,TS,18.9,-61.9,40,2022-09-03 12:00:00,Tropical Storm (34-63 knots)
158,AL062022,EARL,TS,19.2,-62.9,45,2022-09-03 18:00:00,Tropical Storm (34-63 knots)
158,AL062022,EARL,TS,19.4,-63.6,45,2022-09-04 00:00:00,Tropical Storm (34-63 knots)
158,AL062022,EARL,TS,19.5,-64.1,45,2022-09-04 06:00:00,Tropical Storm (34-63 knots)
158,AL062022,EARL,TS,19.8,-64.6,45,2022-09-04 12:00:00,Tropical Storm (34-63 knots)
158,AL062022,EARL,TS,20.0,-65.0,50,2022-09-04 18:00:00,Tropical Storm (34-63 knots)
158,AL062022,EARL,TS,20.3,-65.3,50,2022-09-05 00:00:00,Tropical Storm (34-63 knots)
158,AL062022,EARL,TS,20.8,-65.4,55,2022-09-05 06:00:00,Tropical Storm (34-63 knots)
158,AL062022,EARL,TS,21.5,-65.2,55,2022-09-05 12:00:00,Tropical Storm (34-63 knots)
158,AL062022,EARL,TS,22.0,-65.2,60,2022-09-05 18:00:00,Tropical Storm (34-63 knots)
158,AL062022,EARL,TS,22.5,-65.2,60,2022-09-06 00:00:00,Tropical Storm (34-63 knots)
158,AL062022,EARL,TS,23.1,-65.3,55,2022-09-06 06:00:00,Tropical Storm (34-63 knots)
158,AL062022,EARL,TS,23.5,-65.7,55,2022-09-06 12:00:00,Tropical Storm (34-63 knots)
158,AL062022,EARL,HU,23.9,-65.7,65,2022-09-06 18:00:00,Hurricane (>64 knots)
158,AL062022,EARL,HU,24.5,-65.8,70,2022-09-07 00:00:00,Hurricane (>64 knots)
158,AL062022,EARL,HU,25.0,-65.9,75,2022-09-07 06:00:00,Hurricane (>64 knots)
159,AL032025,CHANTAL,TS,30.8,-79.0,35,2025-07-05 12:00:00,Tropical Storm (34-63 knots)
159,AL032025,CHANTAL,TS,31.6,-78.7,40,2025-07-05 18:00:00,Tropical Storm (34-63 knots)
159,AL032025,CHANTAL,TS,32.3,-78.7,40,2025-07-06 00:00:00,Tropical Storm (34-63 knots)
159,AL032025,CHANTAL,TS,33.3,-78.9,50,2025-07-06 06:00:00,Tropical Storm (34-63 knots)
159,AL032025,CHANTAL,TS,33.6,-79.1,45,2025-07-06 09:00:00,Tropical Storm (34-63 knots)
159,AL032025,CHANTAL,TS,34.0,-79.2,35,2025-07-06 12:00:00,Tropical Storm (34-63 knots)
165,AL052023,DON,LO,49.1,-33.7,35,2023-07-25 06:00:00,Low (not tropical/subtropical/extratropical)
166,AL032023,BRET,TS,11.5,-44.5,35,2023-06-20 06:00:00,Tropical Storm (34-63 knots)
166,AL032023,BRET,TS,11.7,-46.3,35,2023-06-20 12:00:00,Tropical Storm (34-63 knots)
166,AL032023,BRET,TS,12.0,-48.0,40,2023-06-20 18:00:00,Tropical Storm (34-63 knots)
166,AL032023,BRET,TS,12.4,-49.4,45,2023-06-21 00:00:00,Tropical Storm (34-63 knots)
166,AL032023,BRET,TS,12.7,-50.7,50,2023-06-21 06:00:00,Tropical Storm (34-63 knots)
166,AL032023,BRET,TS,13.0,-52.0,50,2023-06-21 12:00:00,Tropical Storm (34-63 knots)
166,AL032023,BRET,TS,13.3,-53.3,55,2023-06-21 18:00:00,Tropical Storm (34-63 knots)
166,AL032023,BRET,TS,13.4,-54.6,55,2023-06-22 00:00:00,Tropical Storm (34-63 knots)
166,AL032023,BRET,TS,13.5,-55.9,60,2023-06-22 06:00:00,Tropical Storm (34-63 knots)
166,AL032023,BRET,TS,13.5,-57.3,60,2023-06-22 12:00:00,Tropical Storm (34-63 knots)
166,AL032023,BRET,TS,13.4,-58.8,55,2023-06-22 18:00:00,Tropical Storm (34-63 knots)
166,AL032023,BRET,TS,13.3,-60.3,55,2023-06-23 00:00:00,Tropical Storm (34-63 knots)
166,AL032023,BRET,TS,13.3,-61.2,55,2023-06-23 03:15:00,Tropical Storm (34-63 knots)
166,AL032023,BRET,TS,13.3,-62.0,50,2023-06-23 06:00:00,Tropical Storm (34-63 knots)
166,AL032023,BRET,TS,13.2,-63.8,50,2023-06-23 12:00:00,Tropical Storm (34-63 knots)
166,AL032023,BRET,TS,13.1,-65.6,45,2023-06-23 18:00:00,Tropical Storm (34-63 knots)
166,AL032023,BRET,TS,13.0,-67.4,45,2023-06-24 00:00:00,Tropical Storm (34-63 knots)
166,AL032023,BRET,TS,13.0,-69.2,40,2023-06-24 06:00:00,Tropical Storm (34-63 knots)
166,AL032023,BRET,TS,13.0,-70.9,40,2023-06-24 12:00:00,Tropical Storm (34-63 knots)
166,AL042023,CINDY,TS,11.5,-44.8,35,2023-06-23 00:00:00,Tropical Storm (34-63 knots)
166,AL042023,CINDY,TS,11.8,-46.1,40,2023-06-23 06:00:00,Tropical Storm (34-63 knots)
166,AL042023,CINDY,TS,12.2,-47.5,45,2023-06-23 12:00:00,Tropical Storm (34-63 knots)
166,AL042023,CINDY,TS,12.8,-48.8,45,2023-06-23 18:00:00,Tropical Storm (34-63 knots)
166,AL042023,CINDY,TS,13.6,-50.0,45,2023-06-24 00:00:00,Tropical Storm (34-63 knots)
166,AL042023,CINDY,TS,14.6,-51.2,50,2023-06-24 06:00:00,Tropical Storm (34-63 knots)
166,AL042023,CINDY,TS,15.7,-52.5,50,2023-06-24 12:00:00,Tropical Storm (34-63 knots)
166,AL042023,CINDY,TS,16.8,-53.9,50,2023-06-24 18:00:00,Tropical Storm (34-63 knots)
166,AL042023,CINDY,TS,18.2,-55.2,45,2023-06-25 00:00:00,Tropical Storm (34-63 knots)
166,AL042023,CINDY,TS,19.4,-56.4,45,2023-06-25 06:00:00,Tropical Storm (34-63 knots)
166,AL042023,CINDY,TS,20.5,-57.6,40,2023-06-25 12:00:00,Tropical Storm (34-63 knots)
166,AL042023,CINDY,TS,21.6,-58.8,40,2023-06-25 18:00:00,Tropical Storm (34-63 knots)
166,AL042023,CINDY,TS,22.5,-59.9,35,2023-06-26 00:00:00,Tropical Storm (34-63 knots)
167,AL152023,NIGEL,HU,41.3,-46.3,75,2023-09-21 12:00:00,Hurricane (>64 knots)
167,AL152023,NIGEL,HU,42.8,-42.8,70,2023-09-21 18:00:00,Hurricane (>64 knots)
167,AL152023,NIGEL,HU,44.3,-38.7,65,2023-09-22 00:00:00,Hurricane (>64 knots)
167,AL152023,NIGEL,EX,45.4,-34.3,60,2023-09-22 06:00:00,Extratropical Cyclone
167,AL152023,NIGEL,EX,47.2,-30.2,55,2023-09-22 12:00:00,Extratropical Cyclone
167,AL152023,NIGEL,EX,48.9,-26.8,55,2023-09-22 18:00:00,Extratropical Cyclone
167,AL152023,NIGEL,EX,50.9,-24.0,55,2023-09-23 00:00:00,Extratropical Cyclone
167,AL152023,NIGEL,EX,53.3,-22.2,55,2023-09-23 06:00:00,Extratropical Cyclone
167,AL152023,NIGEL,EX,55.6,-22.7,55,2023-09-23 12:00:00,Extratropical Cyclone
167,AL152023,NIGEL,EX,57.7,-23.2,55,2023-09-23 18:00:00,Extratropical Cyclone
167,AL152023,NIGEL,EX,58.3,-25.6,50,2023-09-24 00:00:00,Extratropical Cyclone
167,AL152023,NIGEL,EX,57.4,-27.4,50,2023-09-24 06:00:00,Extratropical Cyclone
167,AL152023,NIGEL,EX,56.1,-26.7,45,2023-09-24 12:00:00,Extratropical Cyclone
167,AL152023,NIGEL,EX,56.4,-23.5,45,2023-09-24 18:00:00,Extratropical Cyclone
167,AL152023,NIGEL,EX,58.0,-20.9,40,2023-09-25 00:00:00,Extratropical Cyclone
167,AL152023,NIGEL,EX,60.1,-18.6,40,2023-09-25 06:00:00,Extratropical Cyclone
167,AL152023,NIGEL,EX,61.0,-18.5,40,2023-09-25 12:00:00,Extratropical Cyclone
167,AL152023,NIGEL,EX,61.5,-19.4,40,2023-09-25 18:00:00,Extratropical Cyclone
167,AL152023,NIGEL,EX,61.5,-20.9,40,2023-09-26 00:00:00,Extratropical Cyclone
167,AL152023,NIGEL,EX,61.5,-22.5,40,2023-09-26 06:00:00,Extratropical Cyclone
167,AL152023,NIGEL,EX,61.5,-23.3,40,2023-09-26 12:00:00,Extratropical Cyclone
167,AL162023,OPHELIA,EX,29.5,-75.3,35,2023-09-22 00:00:00,Extratropical Cyclone
167,AL162023,OPHELIA,EX,30.3,-75.1,40,2023-09-22 06:00:00,Extratropical Cyclone
167,AL162023,OPHELIA,EX,31.6,-75.5,50,2023-09-22 12:00:00,Extratropical Cyclone
167,AL162023,OPHELIA,TS,32.7,-76.1,60,2023-09-22 18:00:00,Tropical Storm (34-63 knots)
167,AL162023,OPHELIA,TS,33.3,-76.6,60,2023-09-23 00:00:00,Tropical Storm (34-63 knots)
167,AL162023,OPHELIA,TS,33.8,-77.1,60,2023-09-23 06:00:00,Tropical Storm (34-63 knots)
167,AL162023,OPHELIA,TS,34.7,-77.1,60,2023-09-23 10:15:00,Tropical Storm (34-63 knots)
167,AL162023,OPHELIA,TS,35.1,-77.1,50,2023-09-23 12:00:00,Tropical Storm (34-63 knots)
167,AL162023,OPHELIA,TS,36.3,-77.5,40,2023-09-23 18:00:00,Tropical Storm (34-63 knots)
167,AL172023,PHILIPPE,TS,15.7,-39.1,35,2023-09-23 18:00:00,Tropical Storm (34-63 knots)
167,AL172023,PHILIPPE,TS,15.8,-39.8,40,2023-09-24 00:00:00,Tropical Storm (34-63 knots)
167,AL172023,PHILIPPE,TS,16.0,-40.5,45,2023-09-24 06:00:00,Tropical Storm (34-63 knots)
167,AL172023,PHILIPPE,TS,16.3,-41.3,45,2023-09-24 12:00:00,Tropical Storm (34-63 knots)
167,AL172023,PHILIPPE,TS,16.6,-42.0,45,2023-09-24 18:00:00,Tropical Storm (34-63 knots)
167,AL172023,PHILIPPE,TS,16.9,-42.9,45,2023-09-25 00:00:00,Tropical Storm (34-63 knots)
167,AL172023,PHILIPPE,TS,17.1,-43.8,50,2023-09-25 06:00:00,Tropical Storm (34-63 knots)
167,AL172023,PHILIPPE,TS,17.1,-44.8,50,2023-09-25 12:00:00,Tropical Storm (34-63 knots)
167,AL172023,PHILIPPE,TS,17.1,-46.2,45,2023-09-25 18:00:00,Tropical Storm (34-63 knots)
167,AL172023,PHILIPPE,TS,17.4,-47.3,45,2023-09-26 00:00:00,Tropical Storm (34-63 knots)
167,AL172023,PHILIPPE,TS,17.5,-48.5,45,2023-09-26 06:00:00,Tropical Storm (34-63 knots)
167,AL172023,PHILIPPE,TS,17.4,-49.7,40,2023-09-26 12:00:00,Tropical Storm (34-63 knots)
167,AL172023,PHILIPPE,TS,17.1,-50.8,40,2023-09-26 18:00:00,Tropical Storm (34-63 knots)
167,AL172023,PHILIPPE,TS,17.2,-51.6,40,2023-09-27 00:00:00,Tropical Storm (34-63 knots)
167,AL172023,PHILIPPE,TS,17.4,-52.3,40,2023-09-27 06:00:00,Tropical Storm (34-63 knots)
167,AL172023,PHILIPPE,TS,17.5,-53.0,45,2023-09-27 12:00:00,Tropical Storm (34-63 knots)
167,AL172023,PHILIPPE,TS,17.8,-53.7,45,2023-09-27 18:00:00,Tropical Storm (34-63 knots)
167,AL172023,PHILIPPE,TS,18.1,-54.3,40,2023-09-28 00:00:00,Tropical Storm (34-63 knots)
167,AL172023,PHILIPPE,TS,18.5,-54.5,40,2023-09-28 06:00:00,Tropical Storm (34-63 knots)
167,AL172023,PHILIPPE,TS,18.7,-54.7,40,2023-09-28 12:00:00,Tropical Storm (34-63 knots)
167,AL172023,PHILIPPE,TS,18.6,-54.8,40,2023-09-28 18:00:00,Tropical Storm (34-63 knots)
167,AL172023,PHILIPPE,TS,18.5,-54.9,40,2023-09-29 00:00:00,Tropical Storm (34-63 knots)
167,AL172023,PHILIPPE,TS,18.4,-55.0,40,2023-09-29 06:00:00,Tropical Storm (34-63 knots)
167,AL172023,PHILIPPE,TS,18.2,-55.3,45,2023-09-29 12:00:00,Tropical Storm (34-63 knots)
167,AL172023,PHILIPPE,TS,18.0,-55.6,45,2023-09-29 18:00:00,Tropical Storm (34-63 knots)
167,AL172023,PHILIPPE,TS,17.6,-55.7,45,2023-09-30 00:00:00,Tropical Storm (34-63 knots)
167,AL172023,PHILIPPE,TS,17.2,-55.8,45,2023-09-30 06:00:00,Tropical Storm (34-63 knots)
167,AL172023,PHILIPPE,TS,16.8,-56.0,45,2023-09-30 12:00:00,Tropical Storm (34-63 knots)
167,AL172023,PHILIPPE,TS,16.4,-56.3,50,2023-09-30 18:00:00,Tropical Storm (34-63 knots)
167,AL172023,PHILIPPE,TS,16.1,-56.7,50,2023-10-01 00:00:00,Tropical Storm (34-63 knots)
167,AL172023,PHILIPPE,TS,16.0,-57.5,50,2023-10-01 06:00:00,Tropical Storm (34-63 knots)
167,AL172023,PHILIPPE,TS,16.0,-58.4,45,2023-10-01 12:00:00,Tropical Storm (34-63 knots)
167,AL172023,PHILIPPE,TS,16.2,-58.8,45,2023-10-01 18:00:00,Tropical Storm (34-63 knots)
167,AL172023,PHILIPPE,TS,16.5,-59.0,45,2023-10-02 00:00:00,Tropical Storm (34-63 knots)
167,AL172023,PHILIPPE,TS,16.8,-59.7,45,2023-10-02 06:00:00,Tropical Storm (34-63 knots)
167,AL172023,PHILIPPE,TS,16.9,-60.5,45,2023-10-02 12:00:00,Tropical Storm (34-63 knots)
167,AL172023,PHILIPPE,TS,17.3,-61.2,45,2023-10-02 18:00:00,Tropical Storm (34-63 knots)
167,AL172023,PHILIPPE,TS,17.6,-61.8,45,2023-10-02 22:45:00,Tropical Storm (34-63 knots)
167,AL172023,PHILIPPE,TS,17.6,-61.9,45,2023-10-03 00:00:00,Tropical Storm (34-63 knots)
167,AL172023,PHILIPPE,TS,18.1,-62.7,45,2023-10-03 06:00:00,Tropical Storm (34-63 knots)
167,AL172023,PHILIPPE,TS,18.6,-63.6,40,2023-10-03 12:00:00,Tropical Storm (34-63 knots)
167,AL172023,PHILIPPE,TS,19.1,-64.5,40,2023-10-03 18:00:00,Tropical Storm (34-63 knots)
167,AL172023,PHILIPPE,TS,19.5,-65.2,40,2023-10-04 00:00:00,Tropical Storm (34-63 knots)
167,AL172023,PHILIPPE,TS,20.2,-65.4,40,2023-10-04 06:00:00,Tropical Storm (34-63 knots)
167,AL172023,PHILIPPE,TS,21.2,-65.6,40,2023-10-04 12:00:00,Tropical Storm (34-63 knots)
167,AL172023,PHILIPPE,TS,22.2,-65.8,35,2023-10-04 18:00:00,Tropical Storm (34-63 knots)
167,AL172023,PHILIPPE,TS,23.1,-66.0,35,2023-10-05 00:00:00,Tropical Storm (34-63 knots)
167,AL172023,PHILIPPE,TS,24.0,-66.2,40,2023-10-05 06:00:00,Tropical Storm (34-63 knots)
167,AL172023,PHILIPPE,TS,25.1,-66.3,45,2023-10-05 12:00:00,Tropical Storm (34-63 knots)
167,AL172023,PHILIPPE,TS,26.4,-66.1,45,2023-10-05 18:00:00,Tropical Storm (34-63 knots)
167,AL172023,PHILIPPE,TS,27.6,-66.0,45,2023-10-06 00:00:00,Tropical Storm (34-63 knots)
167,AL172023,PHILIPPE,TS,28.7,-65.5,45,2023-10-06 06:00:00,Tropical Storm (34-63 knots)
167,AL182023,RINA,TS,15.6,-44.5,35,2023-09-28 06:00:00,Tropical Storm (34-63 knots)
167,AL182023,RINA,TS,16.9,-45.1,35,2023-09-28 12:00:00,Tropical Storm (34-63 knots)
167,AL182023,RINA,TS,17.7,-45.8,35,2023-09-28 18:00:00,Tropical Storm (34-63 knots)
167,AL182023,RINA,TS,18.2,-46.2,40,2023-09-29 00:00:00,Tropical Storm (34-63 knots)
167,AL182023,RINA,TS,18.6,-46.4,45,2023-09-29 06:00:00,Tropical Storm (34-63 knots)
167,AL182023,RINA,TS,19.1,-46.7,45,2023-09-29 12:00:00,Tropical Storm (34-63 knots)
167,AL182023,RINA,TS,19.8,-47.5,45,2023-09-29 18:00:00,Tropical Storm (34-63 knots)
167,AL182023,RINA,TS,20.2,-48.4,45,2023-09-30 00:00:00,Tropical Storm (34-63 knots)
167,AL182023,RINA,TS,20.5,-49.1,45,2023-09-30 06:00:00,Tropical Storm (34-63 knots)
167,AL182023,RINA,TS,21.0,-50.0,40,2023-09-30 12:00:00,Tropical Storm (34-63 knots)
167,AL182023,RINA,TS,22.1,-51.0,40,2023-09-30 18:00:00,Tropical Storm (34-63 knots)
167,AL182023,RINA,TS,23.0,-52.2,35,2023-10-01 00:00:00,Tropical Storm (34-63 knots)
167,AL182023,RINA,TS,23.8,-53.3,35,2023-10-01 06:00:00,Tropical Storm (34-63 knots)
167,AL182023,RINA,TS,24.8,-54.4,35,2023-10-01 12:00:00,Tropical Storm (34-63 knots)
168,AL212021,WANDA,EX,35.9,-71.3,45,2021-10-26 06:00:00,Extratropical Cyclone
168,AL212021,WANDA,EX,37.7,-69.1,50,2021-10-26 12:00:00,Extratropical Cyclone
168,AL212021,WANDA,EX,39.5,-68.2,55,2021-10-26 18:00:00,Extratropical Cyclone
168,AL212021,WANDA,EX,40.8,-67.6,60,2021-10-27 00:00:00,Extratropical Cyclone
168,AL212021,WANDA,EX,41.4,-69.4,60,2021-10-27 06:00:00,Extratropical Cyclone
168,AL212021,WANDA,EX,39.9,-70.1,55,2021-10-27 12:00:00,Extratropical Cyclone
168,AL212021,WANDA,EX,38.7,-68.5,50,2021-10-27 18:00:00,Extratropical Cyclone
168,AL212021,WANDA,EX,39.0,-65.9,45,2021-10-28 00:00:00,Extratropical Cyclone
168,AL212021,WANDA,EX,39.4,-63.9,45,2021-10-28 06:00:00,Extratropical Cyclone
168,AL212021,WANDA,EX,39.8,-61.9,45,2021-10-28 12:00:00,Extratropical Cyclone
168,AL212021,WANDA,EX,40.2,-59.8,45,2021-10-28 18:00:00,Extratropical Cyclone
168,AL212021,WANDA,EX,40.6,-58.1,45,2021-10-29 00:00:00,Extratropical Cyclone
168,AL212021,WANDA,EX,40.7,-56.8,45,2021-10-29 06:00:00,Extratropical Cyclone
168,AL212021,WANDA,EX,40.6,-55.5,45,2021-10-29 12:00:00,Extratropical Cyclone
168,AL212021,WANDA,EX,40.4,-54.0,45,2021-10-29 18:00:00,Extratropical Cyclone
168,AL212021,WANDA,EX,40.1,-52.4,45,2021-10-30 00:00:00,Extratropical Cyclone
168,AL212021,WANDA,EX,39.4,-51.2,40,2021-10-30 06:00:00,Extratropical Cyclone
168,AL212021,WANDA,SS,38.5,-49.6,40,2021-10-30 12:00:00,Subtropical Storm (>34 knots)
168,AL212021,WANDA,SS,37.5,-47.8,40,2021-10-30 18:00:00,Subtropical Storm (>34 knots)
168,AL212021,WANDA,SS,36.5,-46.0,45,2021-10-31 00:00:00,Subtropical Storm (>34 knots)
168,AL212021,WANDA,SS,36.6,-44.2,50,2021-10-31 06:00:00,Subtropical Storm (>34 knots)
168,AL212021,WANDA,SS,36.5,-43.4,50,2021-10-31 12:00:00,Subtropical Storm (>34 knots)
168,AL212021,WANDA,SS,36.4,-43.5,50,2021-10-31 18:00:00,Subtropical Storm (>34 knots)
168,AL212021,WANDA,SS,35.8,-44.0,45,2021-11-01 00:00:00,Subtropical Storm (>34 knots)
168,AL212021,WANDA,SS,34.8,-44.2,40,2021-11-01 06:00:00,Subtropical Storm (>34 knots)
168,AL212021,WANDA,TS,34.1,-43.4,40,2021-11-01 12:00:00,Tropical Storm (34-63 knots)
168,AL212021,WANDA,TS,34.1,-42.6,35,2021-11-01 18:00:00,Tropical Storm (34-63 knots)
168,AL212021,WANDA,TS,34.4,-41.9,35,2021-11-02 00:00:00,Tropical Storm (34-63 knots)
168,AL212021,WANDA,TS,34.9,-41.3,40,2021-11-02 06:00:00,Tropical Storm (34-63 knots)
168,AL212021,WANDA,TS,35.5,-40.7,40,2021-11-02 12:00:00,Tropical Storm (34-63 knots)
168,AL212021,WANDA,TS,36.2,-40.5,40,2021-11-02 18:00:00,Tropical Storm (34-63 knots)
168,AL212021,WANDA,TS,36.9,-40.4,40,2021-11-03 00:00:00,Tropical Storm (34-63 knots)
168,AL212021,WANDA,TS,37.6,-40.2,40,2021-11-03 06:00:00,Tropical Storm (34-63 knots)
168,AL212021,WANDA,TS,38.4,-39.9,40,2021-11-03 12:00:00,Tropical Storm (34-63 knots)
168,AL212021,WANDA,TS,39.3,-39.7,45,2021-11-03 18:00:00,Tropical Storm (34-63 knots)
168,AL212021,WANDA,TS,40.2,-39.7,45,2021-11-04 00:00:00,Tropical Storm (34-63 knots)
168,AL212021,WANDA,TS,41.0,-39.7,45,2021-11-04 06:00:00,Tropical Storm (34-63 knots)
168,AL212021,WANDA,TS,41.7,-39.7,40,2021-11-04 12:00:00,Tropical Storm (34-63 knots)
168,AL212021,WANDA,TS,42.1,-39.6,40,2021-11-04 18:00:00,Tropical Storm (34-63 knots)
168,AL212021,WANDA,TS,42.3,-39.0,45,2021-11-05 00:00:00,Tropical Storm (34-63 knots)
168,AL212021,WANDA,TS,42.0,-38.3,45,2021-11-05 06:00:00,Tropical Storm (34-63 knots)
168,AL212021,WANDA,TS,41.1,-37.8,45,2021-11-05 12:00:00,Tropical Storm (34-63 knots)
168,AL212021,WANDA,TS,39.6,-37.5,45,2021-11-05 18:00:00,Tropical Storm (34-63 knots)
168,AL212021,WANDA,TS,38.4,-38.0,45,2021-11-06 00:00:00,Tropical Storm (34-63 knots)
168,AL212021,WANDA,TS,37.6,-38.3,45,2021-11-06 06:00:00,Tropical Storm (34-63 knots)
168,AL212021,WANDA,TS,37.2,-38.4,40,2021-11-06 12:00:00,Tropical Storm (34-63 knots)
168,AL212021,WANDA,TS,37.1,-38.0,35,2021-11-06 18:00:00,Tropical Storm (34-63 knots)
168,AL212021,WANDA,TS,37.4,-37.4,35,2021-11-07 00:00:00,Tropical Storm (34-63 knots)
168,AL212021,WANDA,TS,38.1,-36.4,35,2021-11-07 06:00:00,Tropical Storm (34-63 knots)
168,AL212021,WANDA,LO,39.2,-34.9,35,2021-11-07 12:00:00,Low (not tropical/subtropical/extratropical)
168,AL212021,WANDA,LO,40.9,-32.8,40,2021-11-07 18:00:00,Low (not tropical/subtropical/extratropical)
168,AL212021,WANDA,LO,43.2,-29.7,40,2021-11-08 00:00:00,Low (not tropical/subtropical/extratropical)
169,AL022025,BARRY,TS,20.1,-96.0,35,2025-06-29 12:00:00,Tropical Storm (34-63 knots)
169,AL022025,BARRY,TS,20.9,-96.7,40,2025-06-29 18:00:00,Tropical Storm (34-63 knots)
169,AL022025,BARRY,TS,21.7,-97.4,35,2025-06-30 00:00:00,Tropical Storm (34-63 knots)
169,AL032025,CHANTAL,TS,30.8,-79.0,35,2025-07-05 12:00:00,Tropical Storm (34-63 knots)
169,AL032025,CHANTAL,TS,31.6,-78.7,40,2025-07-05 18:00:00,Tropical Storm (34-63 knots)
169,AL032025,CHANTAL,TS,32.3,-78.7,40,2025-07-06 00:00:00,Tropical Storm (34-63 knots)
169,AL032025,CHANTAL,TS,33.3,-78.9,50,2025-07-06 06:00:00,Tropical Storm (34-63 knots)
169,AL032025,CHANTAL,TS,33.6,-79.1,45,2025-07-06 09:00:00,Tropical Storm (34-63 knots)
169,AL032025,CHANTAL,TS,34.0,-79.2,35,2025-07-06 12:00:00,Tropical Storm (34-63 knots)
172,AL092024,HELENE,DB,17.8,-81.9,35,2024-09-23 18:00:00,Disturbance
172,AL092024,HELENE,DB,18.2,-82.2,35,2024-09-24 00:00:00,Disturbance
172,AL092024,HELENE,DB,18.6,-82.8,35,2024-09-24 06:00:00,Disturbance
172,AL092024,HELENE,TS,19.2,-83.7,40,2024-09-24 12:00:00,Tropical Storm (34-63 knots)
172,AL092024,HELENE,TS,19.4,-84.6,45,2024-09-24 18:00:00,Tropical Storm (34-63 knots)
172,AL092024,HELENE,TS,19.7,-85.2,50,2024-09-25 00:00:00,Tropical Storm (34-63 knots)
172,AL092024,HELENE,TS,20.3,-85.9,55,2024-09-25 06:00:00,Tropical Storm (34-63 knots)
172,AL092024,HELENE,HU,21.1,-86.2,65,2024-09-25 12:00:00,Hurricane (>64 knots)
172,AL092024,HELENE,HU,22.0,-86.5,70,2024-09-25 18:00:00,Hurricane (>64 knots)
172,AL092024,HELENE,HU,22.8,-86.7,70,2024-09-26 00:00:00,Hurricane (>64 knots)
172,AL092024,HELENE,HU,23.6,-86.5,75,2024-09-26 06:00:00,Hurricane (>64 knots)
172,AL092024,HELENE,HU,24.7,-85.8,85,2024-09-26 12:00:00,Hurricane (>64 knots)
172,AL092024,HELENE,HU,26.6,-85.0,105,2024-09-26 18:00:00,Hurricane (>64 knots)
172,AL092024,HELENE,HU,28.7,-84.3,120,2024-09-27 00:00:00,Hurricane (>64 knots)
172,AL092024,HELENE,HU,30.0,-83.7,120,2024-09-27 03:10:00,Hurricane (>64 knots)
172,AL092024,HELENE,HU,30.8,-83.5,95,2024-09-27 05:00:00,Hurricane (>64 knots)
172,AL092024,HELENE,HU,31.3,-83.3,80,2024-09-27 06:00:00,Hurricane (>64 knots)
172,AL092024,HELENE,TS,32.9,-83.1,60,2024-09-27 09:00:00,Tropical Storm (34-63 knots)
172,AL092024,HELENE,TS,34.4,-83.2,45,2024-09-27 12:00:00,Tropical Storm (34-63 knots)
172,AL092024,HELENE,LO,36.8,-84.9,40,2024-09-27 18:00:00,Low (not tropical/subtropical/extratropical)
172,AL092024,HELENE,LO,38.1,-86.6,40,2024-09-28 00:00:00,Low (not tropical/subtropical/extratropical)
172,AL102024,ISAAC,EX,38.7,-58.4,40,2024-09-24 12:00:00,Extratropical Cyclone
172,AL102024,ISAAC,EX,38.6,-58.6,40,2024-09-24 18:00:00,Extratropical Cyclone
172,AL102024,ISAAC,EX,38.1,-58.8,45,2024-09-25 00:00:00,Extratropical Cyclone
172,AL102024,ISAAC,EX,37.3,-58.5,45,2024-09-25 06:00:00,Extratropical Cyclone
172,AL102024,ISAAC,EX,37.0,-57.2,45,2024-09-25 12:00:00,Extratropical Cyclone
172,AL102024,ISAAC,TS,36.9,-55.7,45,2024-09-25 18:00:00,Tropical Storm (34-63 knots)
172,AL102024,ISAAC,TS,37.0,-54.5,45,2024-09-26 00:00:00,Tropical Storm (34-63 knots)
172,AL102024,ISAAC,TS,37.1,-53.4,45,2024-09-26 06:00:00,Tropical Storm (34-63 knots)
172,AL102024,ISAAC,TS,37.2,-52.3,45,2024-09-26 12:00:00,Tropical Storm (34-63 knots)
172,AL102024,ISAAC,TS,37.3,-51.2,50,2024-09-26 18:00:00,Tropical Storm (34-63 knots)
172,AL102024,ISAAC,TS,37.2,-50.1,55,2024-09-27 00:00:00,Tropical Storm (34-63 knots)
172,AL102024,ISAAC,TS,37.1,-49.1,60,2024-09-27 06:00:00,Tropical Storm (34-63 knots)
172,AL102024,ISAAC,HU,37.1,-47.7,65,2024-09-27 12:00:00,Hurricane (>64 knots)
172,AL102024,ISAAC,HU,37.5,-46.2,75,2024-09-27 18:00:00,Hurricane (>64 knots)
172,AL102024,ISAAC,HU,38.0,-44.4,85,2024-09-28 00:00:00,Hurricane (>64 knots)
172,AL102024,ISAAC,HU,38.8,-42.3,90,2024-09-28 06:00:00,Hurricane (>64 knots)
172,AL102024,ISAAC,HU,39.7,-40.4,90,2024-09-28 12:00:00,Hurricane (>64 knots)
172,AL102024,ISAAC,HU,40.6,-39.1,85,2024-09-28 18:00:00,Hurricane (>64 knots)
172,AL102024,ISAAC,HU,41.5,-38.0,75,2024-09-29 00:00:00,Hurricane (>64 knots)
172,AL102024,ISAAC,HU,42.3,-37.0,70,2024-09-29 06:00:00,Hurricane (>64 knots)
172,AL102024,ISAAC,HU,43.0,-36.1,65,2024-09-29 12:00:00,Hurricane (>64 knots)
172,AL102024,ISAAC,TS,43.7,-35.1,60,2024-09-29 18:00:00,Tropical Storm (34-63 knots)
172,AL102024,ISAAC,TS,44.1,-33.8,55,2024-09-30 00:00:00,Tropical Storm (34-63 knots)
172,AL102024,ISAAC,EX,44.4,-32.0,55,2024-09-30 06:00:00,Extratropical Cyclone
172,AL102024,ISAAC,EX,44.7,-30.1,50,2024-09-30 12:00:00,Extratropical Cyclone
172,AL102024,ISAAC,EX,45.2,-28.0,45,2024-09-30 18:00:00,Extratropical Cyclone
172,AL102024,ISAAC,EX,46.1,-26.3,45,2024-10-01 00:00:00,Extratropical Cyclone
172,AL102024,ISAAC,EX,47.0,-25.1,45,2024-10-01 06:00:00,Extratropical Cyclone
172,AL102024,ISAAC,EX,47.8,-24.4,45,2024-10-01 12:00:00,Extratropical Cyclone
172,AL102024,ISAAC,EX,48.4,-23.7,40,2024-10-01 18:00:00,Extratropical Cyclone
172,AL102024,ISAAC,EX,49.1,-23.0,40,2024-10-02 00:00:00,Extratropical Cyclone
172,AL102024,ISAAC,EX,49.7,-22.5,40,2024-10-02 06:00:00,Extratropical Cyclone
172,AL102024,ISAAC,EX,50.4,-22.1,40,2024-10-02 12:00:00,Extratropical Cyclone
172,AL102024,ISAAC,EX,51.2,-21.6,40,2024-10-02 18:00:00,Extratropical Cyclone
172,AL102024,ISAAC,EX,51.9,-21.0,40,2024-10-03 00:00:00,Extratropical Cyclone
172,AL112024,JOYCE,TS,17.8,-42.5,35,2024-09-27 12:00:00,Tropical Storm (34-63 knots)
172,AL112024,JOYCE,TS,18.2,-43.4,45,2024-09-27 18:00:00,Tropical Storm (34-63 knots)
172,AL112024,JOYCE,TS,18.8,-44.3,45,2024-09-28 00:00:00,Tropical Storm (34-63 knots)
172,AL112024,JOYCE,TS,19.3,-45.0,45,2024-09-28 06:00:00,Tropical Storm (34-63 knots)
172,AL112024,JOYCE,TS,19.7,-45.7,45,2024-09-28 12:00:00,Tropical Storm (34-63 knots)
172,AL112024,JOYCE,TS,20.2,-46.4,40,2024-09-28 18:00:00,Tropical Storm (34-63 knots)
172,AL112024,JOYCE,TS,20.6,-47.1,40,2024-09-29 00:00:00,Tropical Storm (34-63 knots)
172,AL112024,JOYCE,TS,21.1,-47.8,40,2024-09-29 06:00:00,Tropical Storm (34-63 knots)
172,AL112024,JOYCE,TS,21.6,-48.4,40,2024-09-29 12:00:00,Tropical Storm (34-63 knots)
172,AL112024,JOYCE,TS,22.0,-48.9,35,2024-09-29 18:00:00,Tropical Storm (34-63 knots)
172,AL122024,KIRK,TS,13.6,-33.4,35,2024-09-30 06:00:00,Tropical Storm (34-63 knots)
172,AL122024,KIRK,TS,13.4,-34.3,45,2024-09-30 12:00:00,Tropical Storm (34-63 knots)
172,AL122024,KIRK,TS,13.7,-35.3,50,2024-09-30 18:00:00,Tropical Storm (34-63 knots)
172,AL122024,KIRK,TS,14.2,-36.3,50,2024-10-01 00:00:00,Tropical Storm (34-63 knots)
172,AL122024,KIRK,TS,14.7,-37.5,50,2024-10-01 06:00:00,Tropical Storm (34-63 knots)
172,AL122024,KIRK,TS,15.2,-38.7,60,2024-10-01 12:00:00,Tropical Storm (34-63 knots)
172,AL122024,KIRK,HU,15.9,-39.7,65,2024-10-01 18:00:00,Hurricane (>64 knots)
172,AL122024,KIRK,HU,16.5,-40.6,65,2024-10-02 00:00:00,Hurricane (>64 knots)
172,AL122024,KIRK,HU,17.1,-41.6,70,2024-10-02 06:00:00,Hurricane (>64 knots)
172,AL122024,KIRK,HU,17.8,-42.7,75,2024-10-02 12:00:00,Hurricane (>64 knots)
172,AL122024,KIRK,HU,18.5,-43.5,80,2024-10-02 18:00:00,Hurricane (>64 knots)
172,AL122024,KIRK,HU,19.1,-44.1,100,2024-10-03 00:00:00,Hurricane (>64 knots)
172,AL122024,KIRK,HU,19.6,-44.7,105,2024-10-03 06:00:00,Hurricane (>64 knots)
172,AL122024,KIRK,HU,20.1,-45.5,110,2024-10-03 12:00:00,Hurricane (>64 knots)
172,AL122024,KIRK,HU,20.7,-46.3,115,2024-10-03 18:00:00,Hurricane (>64 knots)
172,AL122024,KIRK,HU,21.2,-47.1,130,2024-10-04 00:00:00,Hurricane (>64 knots)
172,AL122024,KIRK,HU,21.9,-47.9,130,2024-10-04 06:00:00,Hurricane (>64 knots)
172,AL122024,KIRK,HU,22.5,-48.6,120,2024-10-04 12:00:00,Hurricane (>64 knots)
172,AL122024,KIRK,HU,23.3,-49.1,115,2024-10-04 18:00:00,Hurricane (>64 knots)
172,AL122024,KIRK,HU,24.3,-49.7,115,2024-10-05 00:00:00,Hurricane (>64 knots)
172,AL122024,KIRK,HU,25.4,-50.1,110,2024-10-05 06:00:00,Hurricane (>64 knots)
172,AL122024,KIRK,HU,26.8,-50.4,105,2024-10-05 12:00:00,Hurricane (>64 knots)
172,AL122024,KIRK,HU,28.7,-50.2,105,2024-10-05 18:00:00,Hurricane (>64 knots)
172,AL122024,KIRK,HU,30.6,-49.9,100,2024-10-06 00:00:00,Hurricane (>64 knots)
172,AL122024,KIRK,HU,32.6,-49.5,95,2024-10-06 06:00:00,Hurricane (>64 knots)
172,AL122024,KIRK,HU,34.5,-48.6,85,2024-10-06 12:00:00,Hurricane (>64 knots)
172,AL122024,KIRK,HU,36.4,-47.2,80,2024-10-06 18:00:00,Hurricane (>64 knots)
172,AL122024,KIRK,HU,37.9,-45.0,70,2024-10-07 00:00:00,Hurricane (>64 knots)
172,AL122024,KIRK,HU,39.5,-42.4,65,2024-10-07 06:00:00,Hurricane (>64 knots)
172,AL122024,KIRK,EX,41.2,-39.9,65,2024-10-07 12:00:00,Extratropical Cyclone
172,AL122024,KIRK,EX,42.7,-36.6,60,2024-10-07 18:00:00,Extratropical Cyclone
172,AL122024,KIRK,EX,43.3,-33.3,55,2024-10-08 00:00:00,Extratropical Cyclone
172,AL122024,KIRK,EX,43.5,-29.6,55,2024-10-08 06:00:00,Extratropical Cyclone
172,AL122024,KIRK,EX,43.5,-25.4,55,2024-10-08 12:00:00,Extratropical Cyclone
172,AL122024,KIRK,EX,42.9,-20.9,55,2024-10-08 18:00:00,Extratropical Cyclone
172,AL122024,KIRK,EX,43.0,-15.5,50,2024-10-09 00:00:00,Extratropical Cyclone
172,AL122024,KIRK,EX,43.5,-9.5,50,2024-10-09 06:00:00,Extratropical Cyclone
172,AL122024,KIRK,EX,45.5,-4.0,45,2024-10-09 12:00:00,Extratropical Cyclone
172,AL122024,KIRK,EX,48.0,2.0,40,2024-10-09 18:00:00,Extratropical Cyclone
172,AL132024,LESLIE,TS,10.4,-29.8,35,2024-10-03 00:00:00,Tropical Storm (34-63 knots)
172,AL132024,LESLIE,TS,10.3,-30.2,40,2024-10-03 06:00:00,Tropical Storm (34-63 knots)
172,AL132024,LESLIE,TS,10.1,-30.7,45,2024-10-03 12:00:00,Tropical Storm (34-63 knots)
172,AL132024,LESLIE,TS,9.9,-31.3,45,2024-10-03 18:00:00,Tropical Storm (34-63 knots)
172,AL132024,LESLIE,TS,9.8,-31.7,50,2024-10-04 00:00:00,Tropical Storm (34-63 knots)
172,AL132024,LESLIE,TS,9.8,-32.2,50,2024-10-04 06:00:00,Tropical Storm (34-63 knots)
172,AL132024,LESLIE,TS,9.9,-32.7,55,2024-10-04 12:00:00,Tropical Storm (34-63 knots)
172,AL132024,LESLIE,TS,10.1,-33.3,60,2024-10-04 18:00:00,Tropical Storm (34-63 knots)
172,AL132024,LESLIE,HU,10.3,-33.9,65,2024-10-05 00:00:00,Hurricane (>64 knots)
172,AL132024,LESLIE,HU,10.5,-34.5,70,2024-10-05 06:00:00,Hurricane (>64 knots)
172,AL132024,LESLIE,HU,10.9,-35.1,70,2024-10-05 12:00:00,Hurricane (>64 knots)
172,AL132024,LESLIE,HU,11.3,-35.7,70,2024-10-05 18:00:00,Hurricane (>64 knots)
172,AL132024,LESLIE,HU,11.8,-36.4,75,2024-10-06 00:00:00,Hurricane (>64 knots)
172,AL132024,LESLIE,HU,12.4,-36.9,80,2024-10-06 06:00:00,Hurricane (>64 knots)
172,AL132024,LESLIE,HU,13.0,-37.6,80,2024-10-06 12:00:00,Hurricane (>64 knots)
172,AL132024,LESLIE,HU,13.7,-38.2,80,2024-10-06 18:00:00,Hurricane (>64 knots)
172,AL132024,LESLIE,HU,14.5,-39.1,80,2024-10-07 00:00:00,Hurricane (>64 knots)
172,AL132024,LESLIE,HU,15.2,-40.0,75,2024-10-07 06:00:00,Hurricane (>64 knots)
172,AL132024,LESLIE,HU,16.0,-40.9,70,2024-10-07 12:00:00,Hurricane (>64 knots)
172,AL132024,LESLIE,HU,16.8,-41.9,65,2024-10-07 18:00:00,Hurricane (>64 knots)
172,AL132024,LESLIE,TS,17.6,-43.0,60,2024-10-08 00:00:00,Tropical Storm (34-63 knots)
172,AL132024,LESLIE,TS,18.3,-44.0,60,2024-10-08 06:00:00,Tropical Storm (34-63 knots)
172,AL132024,LESLIE,TS,19.0,-45.1,60,2024-10-08 12:00:00,Tropical Storm (34-63 knots)
172,AL132024,LESLIE,HU,19.7,-46.1,65,2024-10-08 18:00:00,Hurricane (>64 knots)
172,AL132024,LESLIE,HU,20.3,-46.8,70,2024-10-09 00:00:00,Hurricane (>64 knots)
172,AL132024,LESLIE,HU,20.9,-47.5,75,2024-10-09 06:00:00,Hurricane (>64 knots)
172,AL132024,LESLIE,HU,21.4,-48.2,80,2024-10-09 12:00:00,Hurricane (>64 knots)
172,AL132024,LESLIE,HU,21.9,-48.6,85,2024-10-09 18:00:00,Hurricane (>64 knots)
172,AL132024,LESLIE,HU,22.3,-49.0,90,2024-10-10 00:00:00,Hurricane (>64 knots)
172,AL132024,LESLIE,HU,22.6,-49.7,85,2024-10-10 06:00:00,Hurricane (>64 knots)
172,AL132024,LESLIE,HU,22.9,-50.2,75,2024-10-10 12:00:00,Hurricane (>64 knots)
172,AL132024,LESLIE,HU,23.5,-50.8,65,2024-10-10 18:00:00,Hurricane (>64 knots)
172,AL132024,LESLIE,TS,24.1,-51.1,55,2024-10-11 00:00:00,Tropical Storm (34-63 knots)
172,AL132024,LESLIE,TS,24.9,-51.1,50,2024-10-11 06:00:00,Tropical Storm (34-63 knots)
172,AL142024,MILTON,TS,22.5,-95.5,35,2024-10-05 18:00:00,Tropical Storm (34-63 knots)
172,AL142024,MILTON,TS,22.7,-95.5,35,2024-10-06 00:00:00,Tropical Storm (34-63 knots)
172,AL142024,MILTON,TS,22.6,-95.2,45,2024-10-06 06:00:00,Tropical Storm (34-63 knots)
172,AL142024,MILTON,TS,22.5,-94.8,55,2024-10-06 12:00:00,Tropical Storm (34-63 knots)
172,AL142024,MILTON,HU,22.5,-94.1,70,2024-10-06 18:00:00,Hurricane (>64 knots)
172,AL142024,MILTON,HU,22.5,-93.4,75,2024-10-07 00:00:00,Hurricane (>64 knots)
172,AL142024,MILTON,HU,22.1,-92.9,90,2024-10-07 06:00:00,Hurricane (>64 knots)
172,AL142024,MILTON,HU,21.8,-92.2,120,2024-10-07 12:00:00,Hurricane (>64 knots)
172,AL142024,MILTON,HU,21.7,-91.3,150,2024-10-07 18:00:00,Hurricane (>64 knots)
172,AL142024,MILTON,HU,21.8,-90.9,155,2024-10-07 20:00:00,Hurricane (>64 knots)
172,AL142024,MILTON,HU,21.8,-90.4,145,2024-10-08 00:00:00,Hurricane (>64 knots)
172,AL142024,MILTON,HU,21.9,-89.5,125,2024-10-08 06:00:00,Hurricane (>64 knots)
172,AL142024,MILTON,HU,22.5,-88.8,125,2024-10-08 12:00:00,Hurricane (>64 knots)
172,AL142024,MILTON,HU,22.5,-88.0,140,2024-10-08 18:00:00,Hurricane (>64 knots)
172,AL142024,MILTON,HU,22.8,-87.2,145,2024-10-08 22:05:00,Hurricane (>64 knots)
172,AL142024,MILTON,HU,23.0,-86.9,140,2024-10-09 00:00:00,Hurricane (>64 knots)
172,AL142024,MILTON,HU,23.3,-86.6,135,2024-10-09 02:05:00,Hurricane (>64 knots)
172,AL142024,MILTON,HU,23.8,-85.9,140,2024-10-09 06:00:00,Hurricane (>64 knots)
172,AL142024,MILTON,HU,24.3,-85.4,140,2024-10-09 08:25:00,Hurricane (>64 knots)
172,AL142024,MILTON,HU,25.0,-84.8,135,2024-10-09 12:00:00,Hurricane (>64 knots)
172,AL142024,MILTON,HU,26.3,-84.0,115,2024-10-09 18:00:00,Hurricane (>64 knots)
172,AL142024,MILTON,HU,27.3,-82.7,105,2024-10-10 00:00:00,Hurricane (>64 knots)
172,AL142024,MILTON,HU,27.4,-82.6,100,2024-10-10 00:30:00,Hurricane (>64 knots)
172,AL142024,MILTON,HU,28.1,-81.3,70,2024-10-10 06:00:00,Hurricane (>64 knots)
172,AL142024,MILTON,HU,29.0,-79.5,65,2024-10-10 12:00:00,Hurricane (>64 knots)
172,AL142024,MILTON,EX,29.5,-77.5,60,2024-10-10 18:00:00,Extratropical Cyclone
172,AL142024,MILTON,EX,29.5,-75.0,60,2024-10-11 00:00:00,Extratropical Cyclone
172,AL142024,MILTON,EX,29.5,-72.4,55,2024-10-11 06:00:00,Extratropical Cyclone
174,AL092021,IDA,EX,40.6,-72.8,40,2021-09-02 06:00:00,Extratropical Cyclone
174,AL092021,IDA,EX,41.4,-69.7,40,2021-09-02 12:00:00,Extratropical Cyclone
174,AL092021,IDA,EX,43.3,-67.2,40,2021-09-02 18:00:00,Extratropical Cyclone
174,AL092021,IDA,EX,45.4,-64.7,40,2021-09-03 00:00:00,Extratropical Cyclone
174,AL092021,IDA,EX,46.6,-63.6,45,2021-09-03 06:00:00,Extratropical Cyclone
174,AL092021,IDA,EX,47.5,-62.7,45,2021-09-03 12:00:00,Extratropical Cyclone
174,AL092021,IDA,EX,48.6,-62.4,45,2021-09-03 18:00:00,Extratropical Cyclone
174,AL092021,IDA,EX,48.8,-63.1,45,2021-09-04 00:00:00,Extratropical Cyclone
174,AL092021,IDA,EX,48.7,-63.9,40,2021-09-04 06:00:00,Extratropical Cyclone
174,AL092021,IDA,EX,47.6,-63.9,35,2021-09-04 12:00:00,Extratropical Cyclone
174,AL122021,LARRY,HU,13.0,-31.6,65,2021-09-02 06:00:00,Hurricane (>64 knots)
174,AL122021,LARRY,HU,13.3,-33.3,70,2021-09-02 12:00:00,Hurricane (>64 knots)
174,AL122021,LARRY,HU,13.6,-35.0,70,2021-09-02 18:00:00,Hurricane (>64 knots)
174,AL122021,LARRY,HU,13.9,-36.7,75,2021-09-03 00:00:00,Hurricane (>64 knots)
174,AL122021,LARRY,HU,14.1,-38.4,80,2021-09-03 06:00:00,Hurricane (>64 knots)
174,AL122021,LARRY,HU,14.4,-40.0,80,2021-09-03 12:00:00,Hurricane (>64 knots)
174,AL122021,LARRY,HU,14.7,-41.4,90,2021-09-03 18:00:00,Hurricane (>64 knots)
174,AL122021,LARRY,HU,15.2,-42.7,100,2021-09-04 00:00:00,Hurricane (>64 knots)
174,AL122021,LARRY,HU,15.8,-44.0,110,2021-09-04 06:00:00,Hurricane (>64 knots)
174,AL122021,LARRY,HU,16.4,-45.3,110,2021-09-04 12:00:00,Hurricane (>64 knots)
174,AL122021,LARRY,HU,17.0,-46.5,105,2021-09-04 18:00:00,Hurricane (>64 knots)
174,AL122021,LARRY,HU,17.7,-47.5,105,2021-09-05 00:00:00,Hurricane (>64 knots)
174,AL122021,LARRY,HU,18.4,-48.5,105,2021-09-05 06:00:00,Hurricane (>64 knots)
174,AL122021,LARRY,HU,19.2,-49.4,110,2021-09-05 12:00:00,Hurricane (>64 knots)
174,AL122021,LARRY,HU,20.0,-50.3,110,2021-09-05 18:00:00,Hurricane (>64 knots)
174,AL122021,LARRY,HU,20.7,-51.2,110,2021-09-06 00:00:00,Hurricane (>64 knots)
174,AL122021,LARRY,HU,21.2,-52.0,105,2021-09-06 06:00:00,Hurricane (>64 knots)
174,AL122021,LARRY,HU,21.6,-52.7,105,2021-09-06 12:00:00,Hurricane (>64 knots)
174,AL122021,LARRY,HU,22.1,-53.5,105,2021-09-06 18:00:00,Hurricane (>64 knots)
174,AL122021,LARRY,HU,22.7,-54.2,105,2021-09-07 00:00:00,Hurricane (>64 knots)
174,AL122021,LARRY,HU,23.3,-54.8,100,2021-09-07 06:00:00,Hurricane (>64 knots)
174,AL122021,LARRY,HU,24.0,-55.4,95,2021-09-07 12:00:00,Hurricane (>64 knots)
174,AL122021,LARRY,HU,24.7,-56.0,95,2021-09-07 18:00:00,Hurricane (>64 knots)
174,AL122021,LARRY,HU,25.4,-56.5,95,2021-09-08 00:00:00,Hurricane (>64 knots)
174,AL122021,LARRY,HU,26.2,-57.1,95,2021-09-08 06:00:00,Hurricane (>64 knots)
174,AL122021,LARRY,HU,27.2,-57.9,90,2021-09-08 12:00:00,Hurricane (>64 knots)
174,AL122021,LARRY,HU,28.2,-58.9,90,2021-09-08 18:00:00,Hurricane (>64 knots)
174,AL122021,LARRY,HU,29.1,-59.9,85,2021-09-09 00:00:00,Hurricane (>64 knots)
174,AL122021,LARRY,HU,30.1,-60.8,80,2021-09-09 06:00:00,Hurricane (>64 knots)
174,AL122021,LARRY,HU,31.3,-61.5,80,2021-09-09 12:00:00,Hurricane (>64 knots)
174,AL122021,LARRY,HU,32.8,-62.1,80,2021-09-09 18:00:00,Hurricane (>64 knots)
174,AL122021,LARRY,HU,34.4,-62.3,80,2021-09-10 00:00:00,Hurricane (>64 knots)
174,AL122021,LARRY,HU,36.5,-62.2,75,2021-09-10 06:00:00,Hurricane (>64 knots)
174,AL122021,LARRY,HU,38.9,-61.1,70,2021-09-10 12:00:00,Hurricane (>64 knots)
174,AL122021,LARRY,HU,41.9,-59.5,70,2021-09-10 18:00:00,Hurricane (>64 knots)
174,AL122021,LARRY,HU,45.1,-56.6,70,2021-09-11 00:00:00,Hurricane (>64 knots)
174,AL122021,LARRY,HU,47.3,-54.6,70,2021-09-11 03:30:00,Hurricane (>64 knots)
174,AL122021,LARRY,HU,48.8,-53.3,65,2021-09-11 06:00:00,Hurricane (>64 knots)
174,AL122021,LARRY,EX,52.5,-49.7,60,2021-09-11 12:00:00,Extratropical Cyclone
174,AL122021,LARRY,EX,55.3,-46.8,55,2021-09-11 18:00:00,Extratropical Cyclone
174,AL132021,MINDY,TS,28.4,-86.8,35,2021-09-08 18:00:00,Tropical Storm (34-63 knots)
174,AL132021,MINDY,TS,29.5,-85.4,45,2021-09-09 00:00:00,Tropical Storm (34-63 knots)
174,AL132021,MINDY,TS,29.7,-85.1,50,2021-09-09 01:15:00,Tropical Storm (34-63 knots)
174,AL132021,MINDY,TS,30.5,-83.9,35,2021-09-09 06:00:00,Tropical Storm (34-63 knots)
174,AL142021,NICHOLAS,TS,21.0,-95.2,35,2021-09-12 12:00:00,Tropical Storm (34-63 knots)
174,AL142021,NICHOLAS,TS,22.4,-95.6,35,2021-09-12 18:00:00,Tropical Storm (34-63 knots)
174,AL142021,NICHOLAS,TS,23.7,-96.1,40,2021-09-13 00:00:00,Tropical Storm (34-63 knots)
174,AL142021,NICHOLAS,TS,24.8,-96.5,50,2021-09-13 06:00:00,Tropical Storm (34-63 knots)
174,AL142021,NICHOLAS,TS,25.9,-96.7,50,2021-09-13 12:00:00,Tropical Storm (34-63 knots)
174,AL142021,NICHOLAS,TS,27.0,-96.6,55,2021-09-13 18:00:00,Tropical Storm (34-63 knots)
174,AL142021,NICHOLAS,HU,28.0,-96.2,65,2021-09-14 00:00:00,Hurricane (>64 knots)
174,AL142021,NICHOLAS,HU,28.7,-95.7,65,2021-09-14 05:30:00,Hurricane (>64 knots)
174,AL142021,NICHOLAS,HU,28.8,-95.7,65,2021-09-14 06:00:00,Hurricane (>64 knots)
174,AL142021,NICHOLAS,TS,29.3,-95.4,50,2021-09-14 12:00:00,Tropical Storm (34-63 knots)
174,AL142021,NICHOLAS,TS,29.6,-94.9,35,2021-09-14 18:00:00,Tropical Storm (34-63 knots)
176,AL062024,FRANCINE,LO,21.4,-94.5,45,2024-09-08 18:00:00,Low (not tropical/subtropical/extratropical)
176,AL062024,FRANCINE,LO,22.0,-94.8,45,2024-09-09 00:00:00,Low (not tropical/subtropical/extratropical)
176,AL062024,FRANCINE,LO,22.7,-95.1,45,2024-09-09 06:00:00,Low (not tropical/subtropical/extratropical)
176,AL062024,FRANCINE,TS,23.2,-95.5,45,2024-09-09 12:00:00,Tropical Storm (34-63 knots)
176,AL062024,FRANCINE,TS,23.7,-95.9,50,2024-09-09 18:00:00,Tropical Storm (34-63 knots)
176,AL062024,FRANCINE,TS,23.9,-96.1,55,2024-09-10 00:00:00,Tropical Storm (34-63 knots)
176,AL062024,FRANCINE,TS,24.1,-96.2,55,2024-09-10 06:00:00,Tropical Storm (34-63 knots)
176,AL062024,FRANCINE,TS,24.5,-95.8,55,2024-09-10 12:00:00,Tropical Storm (34-63 knots)
176,AL062024,FRANCINE,TS,25.3,-95.3,55,2024-09-10 18:00:00,Tropical Storm (34-63 knots)
176,AL062024,FRANCINE,HU,26.0,-94.7,65,2024-09-11 00:00:00,Hurricane (>64 knots)
176,AL062024,FRANCINE,HU,26.6,-94.1,80,2024-09-11 06:00:00,Hurricane (>64 knots)
177,AL192024,SARA,TS,15.8,-82.2,35,2024-11-14 12:00:00,Tropical Storm (34-63 knots)
177,AL192024,SARA,TS,15.8,-83.1,35,2024-11-14 18:00:00,Tropical Storm (34-63 knots)
177,AL192024,SARA,TS,15.7,-84.0,40,2024-11-15 00:00:00,Tropical Storm (34-63 knots)
177,AL192024,SARA,TS,15.8,-84.3,40,2024-11-15 01:20:00,Tropical Storm (34-63 knots)
177,AL192024,SARA,TS,16.0,-85.0,40,2024-11-15 06:00:00,Tropical Storm (34-63 knots)
177,AL192024,SARA,TS,16.1,-85.6,45,2024-11-15 12:00:00,Tropical Storm (34-63 knots)
177,AL192024,SARA,TS,16.1,-86.1,45,2024-11-15 18:00:00,Tropical Storm (34-63 knots)
177,AL192024,SARA,TS,16.1,-86.1,45,2024-11-16 00:00:00,Tropical Storm (34-63 knots)
177,AL192024,SARA,TS,16.2,-86.2,40,2024-11-16 06:00:00,Tropical Storm (34-63 knots)
177,AL192024,SARA,TS,16.2,-86.4,40,2024-11-16 12:00:00,Tropical Storm (34-63 knots)
177,AL192024,SARA,TS,16.3,-86.8,35,2024-11-16 18:00:00,Tropical Storm (34-63 knots)
177,AL192024,SARA,TS,16.4,-87.1,35,2024-11-17 00:00:00,Tropical Storm (34-63 knots)
177,AL192024,SARA,TS,16.5,-87.5,35,2024-11-17 06:00:00,Tropical Storm (34-63 knots)
177,AL192024,SARA,TS,16.8,-87.9,35,2024-11-17 12:00:00,Tropical Storm (34-63 knots)
177,AL192024,SARA,TS,17.0,-88.3,35,2024-11-17 14:00:00,Tropical Storm (34-63 knots)
178,AL032023,BRET,TS,11.1,-40.9,35,2023-06-19 18:00:00,Tropical Storm (34-63 knots)
178,AL032023,BRET,TS,11.3,-42.7,35,2023-06-20 00:00:00,Tropical Storm (34-63 knots)
178,AL032023,BRET,TS,11.5,-44.5,35,2023-06-20 06:00:00,Tropical Storm (34-63 knots)
178,AL032023,BRET,TS,11.7,-46.3,35,2023-06-20 12:00:00,Tropical Storm (34-63 knots)
178,AL032023,BRET,TS,12.0,-48.0,40,2023-06-20 18:00:00,Tropical Storm (34-63 knots)
178,AL032023,BRET,TS,12.4,-49.4,45,2023-06-21 00:00:00,Tropical Storm (34-63 knots)
178,AL032023,BRET,TS,12.7,-50.7,50,2023-06-21 06:00:00,Tropical Storm (34-63 knots)
178,AL032023,BRET,TS,13.0,-52.0,50,2023-06-21 12:00:00,Tropical Storm (34-63 knots)
178,AL032023,BRET,TS,13.3,-53.3,55,2023-06-21 18:00:00,Tropical Storm (34-63 knots)
178,AL032023,BRET,TS,13.4,-54.6,55,2023-06-22 00:00:00,Tropical Storm (34-63 knots)
178,AL032023,BRET,TS,13.5,-55.9,60,2023-06-22 06:00:00,Tropical Storm (34-63 knots)
178,AL032023,BRET,TS,13.5,-57.3,60,2023-06-22 12:00:00,Tropical Storm (34-63 knots)
178,AL032023,BRET,TS,13.4,-58.8,55,2023-06-22 18:00:00,Tropical Storm (34-63 knots)
178,AL032023,BRET,TS,13.3,-60.3,55,2023-06-23 00:00:00,Tropical Storm (34-63 knots)
178,AL032023,BRET,TS,13.3,-61.2,55,2023-06-23 03:15:00,Tropical Storm (34-63 knots)
178,AL032023,BRET,TS,13.3,-62.0,50,2023-06-23 06:00:00,Tropical Storm (34-63 knots)
178,AL032023,BRET,TS,13.2,-63.8,50,2023-06-23 12:00:00,Tropical Storm (34-63 knots)
178,AL032023,BRET,TS,13.1,-65.6,45,2023-06-23 18:00:00,Tropical Storm (34-63 knots)
178,AL032023,BRET,TS,13.0,-67.4,45,2023-06-24 00:00:00,Tropical Storm (34-63 knots)
178,AL032023,BRET,TS,13.0,-69.2,40,2023-06-24 06:00:00,Tropical Storm (34-63 knots)
178,AL032023,BRET,TS,13.0,-70.9,40,2023-06-24 12:00:00,Tropical Storm (34-63 knots)
178,AL042023,CINDY,TS,11.5,-44.8,35,2023-06-23 00:00:00,Tropical Storm (34-63 knots)
178,AL042023,CINDY,TS,11.8,-46.1,40,2023-06-23 06:00:00,Tropical Storm (34-63 knots)
178,AL042023,CINDY,TS,12.2,-47.5,45,2023-06-23 12:00:00,Tropical Storm (34-63 knots)
178,AL042023,CINDY,TS,12.8,-48.8,45,2023-06-23 18:00:00,Tropical Storm (34-63 knots)
178,AL042023,CINDY,TS,13.6,-50.0,45,2023-06-24 00:00:00,Tropical Storm (34-63 knots)
178,AL042023,CINDY,TS,14.6,-51.2,50,2023-06-24 06:00:00,Tropical Storm (34-63 knots)
178,AL042023,CINDY,TS,15.7,-52.5,50,2023-06-24 12:00:00,Tropical Storm (34-63 knots)
178,AL042023,CINDY,TS,16.8,-53.9,50,2023-06-24 18:00:00,Tropical Storm (34-63 knots)
178,AL042023,CINDY,TS,18.2,-55.2,45,2023-06-25 00:00:00,Tropical Storm (34-63 knots)
178,AL042023,CINDY,TS,19.4,-56.4,45,2023-06-25 06:00:00,Tropical Storm (34-63 knots)
178,AL042023,CINDY,TS,20.5,-57.6,40,2023-06-25 12:00:00,Tropical Storm (34-63 knots)
178,AL042023,CINDY,TS,21.6,-58.8,40,2023-06-25 18:00:00,Tropical Storm (34-63 knots)
178,AL042023,CINDY,TS,22.5,-59.9,35,2023-06-26 00:00:00,Tropical Storm (34-63 knots)
184,AL052024,ERNESTO,TS,15.9,-56.6,35,2024-08-12 18:00:00,Tropical Storm (34-63 knots)
184,AL052024,ERNESTO,TS,16.0,-58.6,35,2024-08-13 00:00:00,Tropical Storm (34-63 knots)
184,AL052024,ERNESTO,TS,16.1,-60.5,35,2024-08-13 06:00:00,Tropical Storm (34-63 knots)
184,AL052024,ERNESTO,TS,16.4,-61.4,35,2024-08-13 09:40:00,Tropical Storm (34-63 knots)
184,AL052024,ERNESTO,TS,16.6,-62.0,40,2024-08-13 12:00:00,Tropical Storm (34-63 knots)
184,AL052024,ERNESTO,TS,16.7,-62.2,40,2024-08-13 12:50:00,Tropical Storm (34-63 knots)
184,AL052024,ERNESTO,TS,17.6,-63.5,50,2024-08-13 18:00:00,Tropical Storm (34-63 knots)
184,AL052024,ERNESTO,TS,18.3,-64.7,55,2024-08-13 23:30:00,Tropical Storm (34-63 knots)
184,AL052024,ERNESTO,TS,18.4,-64.9,55,2024-08-14 00:00:00,Tropical Storm (34-63 knots)
184,AL052024,ERNESTO,TS,19.0,-66.0,60,2024-08-14 06:00:00,Tropical Storm (34-63 knots)
184,AL052024,ERNESTO,HU,19.9,-67.2,65,2024-08-14 12:00:00,Hurricane (>64 knots)
184,AL052024,ERNESTO,HU,21.1,-68.0,65,2024-08-14 18:00:00,Hurricane (>64 knots)
184,AL052024,ERNESTO,HU,22.3,-68.7,70,2024-08-15 00:00:00,Hurricane (>64 knots)
184,AL052024,ERNESTO,HU,23.4,-69.2,75,2024-08-15 06:00:00,Hurricane (>64 knots)
184,AL052024,ERNESTO,HU,24.5,-69.3,75,2024-08-15 12:00:00,Hurricane (>64 knots)
184,AL052024,ERNESTO,HU,25.6,-69.0,80,2024-08-15 18:00:00,Hurricane (>64 knots)
184,AL052024,ERNESTO,HU,26.6,-68.3,85,2024-08-16 00:00:00,Hurricane (>64 knots)
184,AL052024,ERNESTO,HU,27.7,-67.5,85,2024-08-16 06:00:00,Hurricane (>64 knots)
184,AL052024,ERNESTO,HU,28.9,-66.8,85,2024-08-16 12:00:00,Hurricane (>64 knots)
184,AL052024,ERNESTO,HU,30.0,-66.1,85,2024-08-16 18:00:00,Hurricane (>64 knots)
184,AL052024,ERNESTO,HU,31.0,-65.4,80,2024-08-17 00:00:00,Hurricane (>64 knots)
184,AL052024,ERNESTO,HU,31.9,-65.0,75,2024-08-17 06:00:00,Hurricane (>64 knots)
184,AL052024,ERNESTO,HU,32.3,-64.8,75,2024-08-17 08:30:00,Hurricane (>64 knots)
184,AL052024,ERNESTO,HU,32.6,-64.6,70,2024-08-17 12:00:00,Hurricane (>64 knots)
184,AL052024,ERNESTO,HU,33.0,-64.2,65,2024-08-17 18:00:00,Hurricane (>64 knots)
184,AL052024,ERNESTO,TS,33.5,-63.6,60,2024-08-18 00:00:00,Tropical Storm (34-63 knots)
184,AL052024,ERNESTO,TS,34.3,-63.2,60,2024-08-18 06:00:00,Tropical Storm (34-63 knots)
184,AL052024,ERNESTO,TS,35.4,-63.0,60,2024-08-18 12:00:00,Tropical Storm (34-63 knots)
184,AL052024,ERNESTO,HU,36.4,-62.6,65,2024-08-18 18:00:00,Hurricane (>64 knots)
184,AL052024,ERNESTO,HU,37.7,-62.0,70,2024-08-19 00:00:00,Hurricane (>64 knots)
184,AL052024,ERNESTO,HU,39.2,-61.2,75,2024-08-19 06:00:00,Hurricane (>64 knots)
184,AL052024,ERNESTO,HU,40.9,-59.8,85,2024-08-19 12:00:00,Hurricane (>64 knots)
184,AL052024,ERNESTO,HU,42.8,-58.1,80,2024-08-19 18:00:00,Hurricane (>64 knots)
184,AL052024,ERNESTO,HU,44.8,-55.0,75,2024-08-20 00:00:00,Hurricane (>64 knots)
184,AL052024,ERNESTO,HU,46.6,-51.4,65,2024-08-20 06:00:00,Hurricane (>64 knots)
184,AL052024,ERNESTO,EX,48.3,-47.2,60,2024-08-20 12:00:00,Extratropical Cyclone
184,AL052024,ERNESTO,EX,49.7,-41.9,55,2024-08-20 18:00:00,Extratropical Cyclone
189,AL202023,TAMMY,HU,29.1,-57.8,80,2023-10-26 00:00:00,Hurricane (>64 knots)
189,AL202023,TAMMY,HU,30.0,-58.3,75,2023-10-26 06:00:00,Hurricane (>64 knots)
189,AL202023,TAMMY,HU,30.5,-58.8,70,2023-10-26 12:00:00,Hurricane (>64 knots)
189,AL202023,TAMMY,HU,31.0,-59.5,65,2023-10-26 18:00:00,Hurricane (>64 knots)
189,AL202023,TAMMY,TS,31.5,-60.1,60,2023-10-27 00:00:00,Tropical Storm (34-63 knots)
189,AL202023,TAMMY,TS,31.8,-60.6,55,2023-10-27 06:00:00,Tropical Storm (34-63 knots)
189,AL202023,TAMMY,TS,32.0,-61.0,55,2023-10-27 12:00:00,Tropical Storm (34-63 knots)
189,AL202023,TAMMY,TS,32.3,-61.4,55,2023-10-27 18:00:00,Tropical Storm (34-63 knots)
189,AL202023,TAMMY,TS,32.6,-61.5,50,2023-10-28 00:00:00,Tropical Storm (34-63 knots)
189,AL202023,TAMMY,TS,32.9,-61.0,45,2023-10-28 06:00:00,Tropical Storm (34-63 knots)
189,AL202023,TAMMY,TS,33.1,-59.5,45,2023-10-28 12:00:00,Tropical Storm (34-63 knots)
189,AL202023,TAMMY,TS,33.3,-58.0,40,2023-10-28 18:00:00,Tropical Storm (34-63 knots)
189,AL202023,TAMMY,LO,32.8,-56.1,35,2023-10-29 00:00:00,Low (not tropical/subtropical/extratropical)
189,AL202023,TAMMY,LO,32.6,-54.3,35,2023-10-29 06:00:00,Low (not tropical/subtropical/extratropical)
189,AL202023,TAMMY,LO,31.8,-52.5,35,2023-10-29 12:00:00,Low (not tropical/subtropical/extratropical)
189,AL202023,TAMMY,LO,30.9,-50.9,35,2023-10-29 18:00:00,Low (not tropical/subtropical/extratropical)
193,AL022022,BONNIE,DB,8.3,-50.5,35,2022-06-27 18:00:00,Disturbance
193,AL022022,BONNIE,DB,8.7,-52.2,35,2022-06-28 00:00:00,Disturbance
193,AL022022,BONNIE,DB,9.1,-54.2,35,2022-06-28 06:00:00,Disturbance
193,AL022022,BONNIE,DB,9.6,-56.5,35,2022-06-28 12:00:00,Disturbance
196,AL172024,PATTY,EX,39.2,-41.0,55,2024-10-31 18:00:00,Extratropical Cyclone
196,AL172024,PATTY,EX,39.6,-40.0,55,2024-11-01 00:00:00,Extratropical Cyclone
196,AL172024,PATTY,EX,39.9,-38.9,50,2024-11-01 06:00:00,Extratropical Cyclone
196,AL172024,PATTY,EX,40.2,-37.7,50,2024-11-01 12:00:00,Extratropical Cyclone
196,AL172024,PATTY,SS,40.6,-36.5,45,2024-11-01 18:00:00,Subtropical Storm (>34 knots)
196,AL172024,PATTY,SS,40.6,-35.4,45,2024-11-02 00:00:00,Subtropical Storm (>34 knots)
196,AL172024,PATTY,SS,40.3,-34.6,50,2024-11-02 06:00:00,Subtropical Storm (>34 knots)
196,AL172024,PATTY,SS,39.4,-33.3,55,2024-11-02 12:00:00,Subtropical Storm (>34 knots)
196,AL172024,PATTY,SS,38.4,-31.6,55,2024-11-02 18:00:00,Subtropical Storm (>34 knots)
196,AL172024,PATTY,SS,37.9,-29.2,50,2024-11-03 00:00:00,Subtropical Storm (>34 knots)
196,AL172024,PATTY,SS,37.7,-27.0,45,2024-11-03 06:00:00,Subtropical Storm (>34 knots)
196,AL172024,PATTY,TS,37.5,-25.1,40,2024-11-03 12:00:00,Tropical Storm (34-63 knots)
196,AL172024,PATTY,TS,37.4,-23.3,40,2024-11-03 18:00:00,Tropical Storm (34-63 knots)
196,AL172024,PATTY,TS,37.6,-21.3,40,2024-11-04 00:00:00,Tropical Storm (34-63 knots)
196,AL172024,PATTY,TS,37.9,-19.2,35,2024-11-04 06:00:00,Tropical Storm (34-63 knots)
196,AL182024,RAFAEL,TS,15.1,-76.4,35,2024-11-04 18:00:00,Tropical Storm (34-63 knots)
196,AL182024,RAFAEL,TS,15.8,-76.9,40,2024-11-05 00:00:00,Tropical Storm (34-63 knots)
196,AL182024,RAFAEL,TS,16.6,-77.6,45,2024-11-05 06:00:00,Tropical Storm (34-63 knots)
196,AL182024,RAFAEL,TS,17.5,-78.3,50,2024-11-05 12:00:00,Tropical Storm (34-63 knots)
196,AL182024,RAFAEL,TS,18.5,-79.1,60,2024-11-05 18:00:00,Tropical Storm (34-63 knots)
196,AL182024,RAFAEL,HU,19.4,-80.0,70,2024-11-06 00:00:00,Hurricane (>64 knots)
196,AL182024,RAFAEL,HU,20.1,-80.9,80,2024-11-06 06:00:00,Hurricane (>64 knots)
196,AL182024,RAFAEL,HU,21.0,-81.6,90,2024-11-06 12:00:00,Hurricane (>64 knots)
196,AL182024,RAFAEL,HU,22.0,-82.3,100,2024-11-06 18:00:00,Hurricane (>64 knots)
196,AL182024,RAFAEL,HU,22.7,-82.7,100,2024-11-06 21:15:00,Hurricane (>64 knots)
196,AL182024,RAFAEL,HU,23.1,-83.2,95,2024-11-07 00:00:00,Hurricane (>64 knots)
196,AL182024,RAFAEL,HU,23.8,-84.1,90,2024-11-07 06:00:00,Hurricane (>64 knots)
196,AL182024,RAFAEL,HU,24.3,-84.9,90,2024-11-07 12:00:00,Hurricane (>64 knots)
196,AL182024,RAFAEL,HU,24.6,-85.7,90,2024-11-07 18:00:00,Hurricane (>64 knots)
196,AL182024,RAFAEL,HU,24.6,-86.6,90,2024-11-08 00:00:00,Hurricane (>64 knots)
196,AL182024,RAFAEL,HU,24.4,-87.6,105,2024-11-08 06:00:00,Hurricane (>64 knots)
196,AL182024,RAFAEL,HU,24.4,-88.4,95,2024-11-08 12:00:00,Hurricane (>64 knots)
196,AL182024,RAFAEL,HU,24.6,-89.1,80,2024-11-08 18:00:00,Hurricane (>64 knots)
196,AL182024,RAFAEL,HU,24.7,-89.7,65,2024-11-09 00:00:00,Hurricane (>64 knots)
196,AL182024,RAFAEL,TS,24.8,-90.5,55,2024-11-09 06:00:00,Tropical Storm (34-63 knots)
196,AL182024,RAFAEL,TS,25.0,-91.2,50,2024-11-09 12:00:00,Tropical Storm (34-63 knots)
196,AL182024,RAFAEL,TS,25.3,-91.5,45,2024-11-09 18:00:00,Tropical Storm (34-63 knots)
196,AL182024,RAFAEL,TS,25.6,-91.7,40,2024-11-10 00:00:00,Tropical Storm (34-63 knots)
196,AL182024,RAFAEL,TS,25.9,-91.9,35,2024-11-10 06:00:00,Tropical Storm (34-63 knots)
196,AL182024,RAFAEL,LO,26.1,-91.9,35,2024-11-10 12:00:00,Low (not tropical/subtropical/extratropical)
196,AL192024,SARA,TS,15.8,-82.2,35,2024-11-14 12:00:00,Tropical Storm (34-63 knots)
196,AL192024,SARA,TS,15.8,-83.1,35,2024-11-14 18:00:00,Tropical Storm (34-63 knots)
196,AL192024,SARA,TS,15.7,-84.0,40,2024-11-15 00:00:00,Tropical Storm (34-63 knots)
196,AL192024,SARA,TS,15.8,-84.3,40,2024-11-15 01:20:00,Tropical Storm (34-63 knots)
196,AL192024,SARA,TS,16.0,-85.0,40,2024-11-15 06:00:00,Tropical Storm (34-63 knots)
196,AL192024,SARA,TS,16.1,-85.6,45,2024-11-15 12:00:00,Tropical Storm (34-63 knots)
196,AL192024,SARA,TS,16.1,-86.1,45,2024-11-15 18:00:00,Tropical Storm (34-63 knots)
196,AL192024,SARA,TS,16.1,-86.1,45,2024-11-16 00:00:00,Tropical Storm (34-63 knots)
196,AL192024,SARA,TS,16.2,-86.2,40,2024-11-16 06:00:00,Tropical Storm (34-63 knots)
196,AL192024,SARA,TS,16.2,-86.4,40,2024-11-16 12:00:00,Tropical Storm (34-63 knots)
196,AL192024,SARA,TS,16.3,-86.8,35,2024-11-16 18:00:00,Tropical Storm (34-63 knots)
196,AL192024,SARA,TS,16.4,-87.1,35,2024-11-17 00:00:00,Tropical Storm (34-63 knots)
196,AL192024,SARA,TS,16.5,-87.5,35,2024-11-17 06:00:00,Tropical Storm (34-63 knots)
196,AL192024,SARA,TS,16.8,-87.9,35,2024-11-17 12:00:00,Tropical Storm (34-63 knots)
196,AL192024,SARA,TS,17.0,-88.3,35,2024-11-17 14:00:00,Tropical Storm (34-63 knots)
199,AL092021,IDA,HU,22.4,-83.2,70,2021-08-27 23:25:00,Hurricane (>64 knots)
199,AL092021,IDA,HU,22.6,-83.5,70,2021-08-28 00:00:00,Hurricane (>64 knots)
199,AL092021,IDA,HU,23.5,-84.7,70,2021-08-28 06:00:00,Hurricane (>64 knots)
199,AL092021,IDA,HU,24.4,-85.7,70,2021-08-28 12:00:00,Hurricane (>64 knots)
199,AL092021,IDA,HU,25.6,-86.6,80,2021-08-28 18:00:00,Hurricane (>64 knots)
199,AL092021,IDA,HU,26.7,-87.6,90,2021-08-29 00:00:00,Hurricane (>64 knots)
199,AL092021,IDA,HU,27.6,-88.7,115,2021-08-29 06:00:00,Hurricane (>64 knots)
199,AL092021,IDA,HU,28.5,-89.6,130,2021-08-29 12:00:00,Hurricane (>64 knots)
199,AL092021,IDA,HU,29.1,-90.2,130,2021-08-29 16:55:00,Hurricane (>64 knots)
199,AL092021,IDA,HU,29.2,-90.4,125,2021-08-29 18:00:00,Hurricane (>64 knots)
199,AL092021,IDA,HU,29.9,-90.6,105,2021-08-30 00:00:00,Hurricane (>64 knots)
199,AL092021,IDA,HU,30.6,-90.8,65,2021-08-30 06:00:00,Hurricane (>64 knots)
199,AL092021,IDA,TS,31.5,-90.9,40,2021-08-30 12:00:00,Tropical Storm (34-63 knots)
199,AL092021,IDA,TS,32.2,-90.5,35,2021-08-30 18:00:00,Tropical Storm (34-63 knots)
199,AL092021,IDA,EX,39.8,-75.6,35,2021-09-02 00:00:00,Extratropical Cyclone
199,AL092021,IDA,EX,40.6,-72.8,40,2021-09-02 06:00:00,Extratropical Cyclone
199,AL092021,IDA,EX,41.4,-69.7,40,2021-09-02 12:00:00,Extratropical Cyclone
199,AL092021,IDA,EX,43.3,-67.2,40,2021-09-02 18:00:00,Extratropical Cyclone
199,AL092021,IDA,EX,45.4,-64.7,40,2021-09-03 00:00:00,Extratropical Cyclone
199,AL092021,IDA,EX,46.6,-63.6,45,2021-09-03 06:00:00,Extratropical Cyclone
199,AL092021,IDA,EX,47.5,-62.7,45,2021-09-03 12:00:00,Extratropical Cyclone
199,AL092021,IDA,EX,48.6,-62.4,45,2021-09-03 18:00:00,Extratropical Cyclone
199,AL092021,IDA,EX,48.8,-63.1,45,2021-09-04 00:00:00,Extratropical Cyclone
199,AL092021,IDA,EX,48.7,-63.9,40,2021-09-04 06:00:00,Extratropical Cyclone
199,AL092021,IDA,EX,47.6,-63.9,35,2021-09-04 12:00:00,Extratropical Cyclone
199,AL102021,KATE,TS,20.5,-50.6,35,2021-08-30 06:00:00,Tropical Storm (34-63 knots)
199,AL102021,KATE,TS,21.3,-50.8,40,2021-08-30 12:00:00,Tropical Storm (34-63 knots)
199,AL102021,KATE,TS,22.1,-50.9,35,2021-08-30 18:00:00,Tropical Storm (34-63 knots)
199,AL102021,KATE,TS,22.6,-50.9,35,2021-08-31 00:00:00,Tropical Storm (34-63 knots)
199,AL102021,KATE,TS,22.8,-50.9,35,2021-08-31 06:00:00,Tropical Storm (34-63 knots)
199,AL112021,JULIAN,TS,33.5,-49.3,35,2021-08-29 06:00:00,Tropical Storm (34-63 knots)
199,AL112021,JULIAN,TS,34.5,-47.8,45,2021-08-29 12:00:00,Tropical Storm (34-63 knots)
199,AL112021,JULIAN,TS,35.9,-45.7,50,2021-08-29 18:00:00,Tropical Storm (34-63 knots)
199,AL112021,JULIAN,TS,37.1,-42.6,50,2021-08-30 00:00:00,Tropical Storm (34-63 knots)
199,AL112021,JULIAN,TS,38.9,-40.0,50,2021-08-30 06:00:00,Tropical Storm (34-63 knots)
199,AL112021,JULIAN,EX,40.6,-37.9,50,2021-08-30 12:00:00,Extratropical Cyclone
199,AL112021,JULIAN,EX,42.5,-36.0,45,2021-08-30 18:00:00,Extratropical Cyclone
199,AL112021,JULIAN,EX,44.8,-35.1,45,2021-08-31 00:00:00,Extratropical Cyclone
199,AL112021,JULIAN,EX,47.5,-34.5,45,2021-08-31 06:00:00,Extratropical Cyclone
199,AL112021,JULIAN,EX,50.5,-35.5,45,2021-08-31 12:00:00,Extratropical Cyclone
199,AL122021,LARRY,TS,11.9,-22.5,35,2021-09-01 00:00:00,Tropical Storm (34-63 knots)
199,AL122021,LARRY,TS,12.2,-24.5,40,2021-09-01 06:00:00,Tropical Storm (34-63 knots)
199,AL122021,LARRY,TS,12.4,-26.5,45,2021-09-01 12:00:00,Tropical Storm (34-63 knots)
199,AL122021,LARRY,TS,12.5,-28.4,55,2021-09-01 18:00:00,Tropical Storm (34-63 knots)
199,AL122021,LARRY,TS,12.7,-30.0,60,2021-09-02 00:00:00,Tropical Storm (34-63 knots)
199,AL122021,LARRY,HU,13.0,-31.6,65,2021-09-02 06:00:00,Hurricane (>64 knots)
199,AL122021,LARRY,HU,13.3,-33.3,70,2021-09-02 12:00:00,Hurricane (>64 knots)
199,AL122021,LARRY,HU,13.6,-35.0,70,2021-09-02 18:00:00,Hurricane (>64 knots)
199,AL122021,LARRY,HU,13.9,-36.7,75,2021-09-03 00:00:00,Hurricane (>64 knots)
199,AL122021,LARRY,HU,14.1,-38.4,80,2021-09-03 06:00:00,Hurricane (>64 knots)
199,AL122021,LARRY,HU,14.4,-40.0,80,2021-09-03 12:00:00,Hurricane (>64 knots)
199,AL122021,LARRY,HU,14.7,-41.4,90,2021-09-03 18:00:00,Hurricane (>64 knots)
199,AL122021,LARRY,HU,15.2,-42.7,100,2021-09-04 00:00:00,Hurricane (>64 knots)
199,AL122021,LARRY,HU,15.8,-44.0,110,2021-09-04 06:00:00,Hurricane (>64 knots)
199,AL122021,LARRY,HU,16.4,-45.3,110,2021-09-04 12:00:00,Hurricane (>64 knots)
199,AL122021,LARRY,HU,17.0,-46.5,105,2021-09-04 18:00:00,Hurricane (>64 knots)
199,AL122021,LARRY,HU,17.7,-47.5,105,2021-09-05 00:00:00,Hurricane (>64 knots)
199,AL122021,LARRY,HU,18.4,-48.5,105,2021-09-05 06:00:00,Hurricane (>64 knots)
199,AL122021,LARRY,HU,19.2,-49.4,110,2021-09-05 12:00:00,Hurricane (>64 knots)
199,AL122021,LARRY,HU,20.0,-50.3,110,2021-09-05 18:00:00,Hurricane (>64 knots)
199,AL122021,LARRY,HU,20.7,-51.2,110,2021-09-06 00:00:00,Hurricane (>64 knots)
199,AL122021,LARRY,HU,21.2,-52.0,105,2021-09-06 06:00:00,Hurricane (>64 knots)
199,AL122021,LARRY,HU,21.6,-52.7,105,2021-09-06 12:00:00,Hurricane (>64 knots)
199,AL122021,LARRY,HU,22.1,-53.5,105,2021-09-06 18:00:00,Hurricane (>64 knots)
199,AL122021,LARRY,HU,22.7,-54.2,105,2021-09-07 00:00:00,Hurricane (>64 knots)
199,AL122021,LARRY,HU,23.3,-54.8,100,2021-09-07 06:00:00,Hurricane (>64 knots)
199,AL122021,LARRY,HU,24.0,-55.4,95,2021-09-07 12:00:00,Hurricane (>64 knots)
199,AL122021,LARRY,HU,24.7,-56.0,95,2021-09-07 18:00:00,Hurricane (>64 knots)
199,AL122021,LARRY,HU,25.4,-56.5,95,2021-09-08 00:00:00,Hurricane (>64 knots)
199,AL122021,LARRY,HU,26.2,-57.1,95,2021-09-08 06:00:00,Hurricane (>64 knots)
199,AL122021,LARRY,HU,27.2,-57.9,90,2021-09-08 12:00:00,Hurricane (>64 knots)
199,AL122021,LARRY,HU,28.2,-58.9,90,2021-09-08 18:00:00,Hurricane (>64 knots)
199,AL122021,LARRY,HU,29.1,-59.9,85,2021-09-09 00:00:00,Hurricane (>64 knots)
199,AL122021,LARRY,HU,30.1,-60.8,80,2021-09-09 06:00:00,Hurricane (>64 knots)
199,AL122021,LARRY,HU,31.3,-61.5,80,2021-09-09 12:00:00,Hurricane (>64 knots)
199,AL122021,LARRY,HU,32.8,-62.1,80,2021-09-09 18:00:00,Hurricane (>64 knots)
199,AL122021,LARRY,HU,34.4,-62.3,80,2021-09-10 00:00:00,Hurricane (>64 knots)
199,AL122021,LARRY,HU,36.5,-62.2,75,2021-09-10 06:00:00,Hurricane (>64 knots)
199,AL122021,LARRY,HU,38.9,-61.1,70,2021-09-10 12:00:00,Hurricane (>64 knots)
199,AL122021,LARRY,HU,41.9,-59.5,70,2021-09-10 18:00:00,Hurricane (>64 knots)
199,AL122021,LARRY,HU,45.1,-56.6,70,2021-09-11 00:00:00,Hurricane (>64 knots)
199,AL122021,LARRY,HU,47.3,-54.6,70,2021-09-11 03:30:00,Hurricane (>64 knots)
199,AL122021,LARRY,HU,48.8,-53.3,65,2021-09-11 06:00:00,Hurricane (>64 knots)
199,AL122021,LARRY,EX,52.5,-49.7,60,2021-09-11 12:00:00,Extratropical Cyclone
199,AL122021,LARRY,EX,55.3,-46.8,55,2021-09-11 18:00:00,Extratropical Cyclone
199,AL132021,MINDY,TS,28.4,-86.8,35,2021-09-08 18:00:00,Tropical Storm (34-63 knots)
199,AL132021,MINDY,TS,29.5,-85.4,45,2021-09-09 00:00:00,Tropical Storm (34-63 knots)
199,AL132021,MINDY,TS,29.7,-85.1,50,2021-09-09 01:15:00,Tropical Storm (34-63 knots)
199,AL132021,MINDY,TS,30.5,-83.9,35,2021-09-09 06:00:00,Tropical Storm (34-63 knots)
199,AL142021,NICHOLAS,TS,21.0,-95.2,35,2021-09-12 12:00:00,Tropical Storm (34-63 knots)
199,AL142021,NICHOLAS,TS,22.4,-95.6,35,2021-09-12 18:00:00,Tropical Storm (34-63 knots)
199,AL142021,NICHOLAS,TS,23.7,-96.1,40,2021-09-13 00:00:00,Tropical Storm (34-63 knots)
199,AL142021,NICHOLAS,TS,24.8,-96.5,50,2021-09-13 06:00:00,Tropical Storm (34-63 knots)
199,AL142021,NICHOLAS,TS,25.9,-96.7,50,2021-09-13 12:00:00,Tropical Storm (34-63 knots)
199,AL142021,NICHOLAS,TS,27.0,-96.6,55,2021-09-13 18:00:00,Tropical Storm (34-63 knots)
199,AL142021,NICHOLAS,HU,28.0,-96.2,65,2021-09-14 00:00:00,Hurricane (>64 knots)
200,AL192024,SARA,TS,15.8,-82.2,35,2024-11-14 12:00:00,Tropical Storm (34-63 knots)
200,AL192024,SARA,TS,15.8,-83.1,35,2024-11-14 18:00:00,Tropical Storm (34-63 knots)
200,AL192024,SARA,TS,15.7,-84.0,40,2024-11-15 00:00:00,Tropical Storm (34-63 knots)
200,AL192024,SARA,TS,15.8,-84.3,40,2024-11-15 01:20:00,Tropical Storm (34-63 knots)
200,AL192024,SARA,TS,16.0,-85.0,40,2024-11-15 06:00:00,Tropical Storm (34-63 knots)
200,AL192024,SARA,TS,16.1,-85.6,45,2024-11-15 12:00:00,Tropical Storm (34-63 knots)
200,AL192024,SARA,TS,16.1,-86.1,45,2024-11-15 18:00:00,Tropical Storm (34-63 knots)
200,AL192024,SARA,TS,16.1,-86.1,45,2024-11-16 00:00:00,Tropical Storm (34-63 knots)
200,AL192024,SARA,TS,16.2,-86.2,40,2024-11-16 06:00:00,Tropical Storm (34-63 knots)
200,AL192024,SARA,TS,16.2,-86.4,40,2024-11-16 12:00:00,Tropical Storm (34-63 knots)
200,AL192024,SARA,TS,16.3,-86.8,35,2024-11-16 18:00:00,Tropical Storm (34-63 knots)
200,AL192024,SARA,TS,16.4,-87.1,35,2024-11-17 00:00:00,Tropical Storm (34-63 knots)
200,AL192024,SARA,TS,16.5,-87.5,35,2024-11-17 06:00:00,Tropical Storm (34-63 knots)
200,AL192024,SARA,TS,16.8,-87.9,35,2024-11-17 12:00:00,Tropical Storm (34-63 knots)
200,AL192024,SARA,TS,17.0,-88.3,35,2024-11-17 14:00:00,Tropical Storm (34-63 knots)
203,AL182021,SAM,HU,34.7,-59.1,110,2021-10-02 18:00:00,Hurricane (>64 knots)
203,AL182021,SAM,HU,35.8,-57.9,100,2021-10-03 00:00:00,Hurricane (>64 knots)
203,AL182021,SAM,HU,36.7,-56.6,90,2021-10-03 06:00:00,Hurricane (>64 knots)
203,AL182021,SAM,HU,37.3,-55.4,85,2021-10-03 12:00:00,Hurricane (>64 knots)
203,AL182021,SAM,HU,38.0,-53.9,85,2021-10-03 18:00:00,Hurricane (>64 knots)
203,AL182021,SAM,HU,38.7,-52.2,90,2021-10-04 00:00:00,Hurricane (>64 knots)
203,AL182021,SAM,HU,39.9,-49.9,90,2021-10-04 06:00:00,Hurricane (>64 knots)
203,AL182021,SAM,HU,41.4,-47.1,85,2021-10-04 12:00:00,Hurricane (>64 knots)
203,AL182021,SAM,HU,43.8,-43.6,80,2021-10-04 18:00:00,Hurricane (>64 knots)
203,AL182021,SAM,HU,46.5,-40.5,75,2021-10-05 00:00:00,Hurricane (>64 knots)
203,AL182021,SAM,EX,49.4,-39.7,70,2021-10-05 06:00:00,Extratropical Cyclone
203,AL182021,SAM,EX,52.2,-39.6,65,2021-10-05 12:00:00,Extratropical Cyclone
203,AL182021,SAM,EX,50.6,-42.1,65,2021-10-05 18:00:00,Extratropical Cyclone
203,AL182021,SAM,EX,49.9,-38.9,60,2021-10-06 00:00:00,Extratropical Cyclone
203,AL182021,SAM,EX,50.5,-35.5,55,2021-10-06 06:00:00,Extratropical Cyclone
203,AL182021,SAM,EX,51.5,-32.4,50,2021-10-06 12:00:00,Extratropical Cyclone
203,AL182021,SAM,EX,53.1,-29.0,45,2021-10-06 18:00:00,Extratropical Cyclone
203,AL182021,SAM,EX,55.2,-25.4,45,2021-10-07 00:00:00,Extratropical Cyclone
203,AL182021,SAM,EX,58.1,-22.3,40,2021-10-07 06:00:00,Extratropical Cyclone
205,AL052022,DANIELLE,EX,40.1,-20.4,35,2022-09-11 18:00:00,Extratropical Cyclone
205,AL052022,DANIELLE,EX,39.1,-18.8,35,2022-09-12 00:00:00,Extratropical Cyclone
205,AL052022,DANIELLE,EX,38.4,-17.0,35,2022-09-12 06:00:00,Extratropical Cyclone
205,AL052022,DANIELLE,EX,38.6,-15.0,35,2022-09-12 12:00:00,Extratropical Cyclone
205,AL052022,DANIELLE,EX,39.4,-12.7,35,2022-09-12 18:00:00,Extratropical Cyclone
205,AL052022,DANIELLE,EX,40.8,-11.2,35,2022-09-13 00:00:00,Extratropical Cyclone
205,AL052022,DANIELLE,EX,42.5,-10.6,35,2022-09-13 06:00:00,Extratropical Cyclone
205,AL052022,DANIELLE,EX,43.3,-10.7,35,2022-09-13 12:00:00,Extratropical Cyclone
205,AL052022,DANIELLE,EX,43.6,-11.3,35,2022-09-13 18:00:00,Extratropical Cyclone
205,AL062022,EARL,EX,44.3,-51.9,45,2022-09-11 18:00:00,Extratropical Cyclone
205,AL062022,EARL,EX,44.2,-51.9,45,2022-09-12 00:00:00,Extratropical Cyclone
205,AL062022,EARL,EX,44.3,-52.1,40,2022-09-12 06:00:00,Extratropical Cyclone
205,AL062022,EARL,EX,43.9,-51.9,40,2022-09-12 12:00:00,Extratropical Cyclone
205,AL062022,EARL,EX,43.2,-51.2,35,2022-09-12 18:00:00,Extratropical Cyclone
205,AL062022,EARL,EX,42.9,-48.3,35,2022-09-13 00:00:00,Extratropical Cyclone
205,AL062022,EARL,EX,43.0,-46.8,35,2022-09-13 06:00:00,Extratropical Cyclone
205,AL062022,EARL,EX,43.4,-45.2,35,2022-09-13 12:00:00,Extratropical Cyclone
205,AL062022,EARL,EX,44.3,-43.7,35,2022-09-13 18:00:00,Extratropical Cyclone
205,AL062022,EARL,EX,45.0,-42.4,35,2022-09-14 00:00:00,Extratropical Cyclone
205,AL062022,EARL,EX,45.4,-41.6,35,2022-09-14 06:00:00,Extratropical Cyclone
205,AL062022,EARL,EX,45.5,-40.9,35,2022-09-14 12:00:00,Extratropical Cyclone
205,AL072022,FIONA,TS,16.6,-50.1,35,2022-09-14 18:00:00,Tropical Storm (34-63 knots)
205,AL072022,FIONA,TS,16.6,-51.3,45,2022-09-15 00:00:00,Tropical Storm (34-63 knots)
205,AL072022,FIONA,TS,16.5,-52.4,45,2022-09-15 06:00:00,Tropical Storm (34-63 knots)
205,AL072022,FIONA,TS,16.4,-53.6,45,2022-09-15 12:00:00,Tropical Storm (34-63 knots)
205,AL072022,FIONA,TS,16.3,-54.8,50,2022-09-15 18:00:00,Tropical Storm (34-63 knots)
205,AL072022,FIONA,TS,16.1,-56.2,50,2022-09-16 00:00:00,Tropical Storm (34-63 knots)
205,AL072022,FIONA,TS,15.8,-57.5,50,2022-09-16 06:00:00,Tropical Storm (34-63 knots)
205,AL072022,FIONA,TS,15.8,-58.8,45,2022-09-16 12:00:00,Tropical Storm (34-63 knots)
205,AL072022,FIONA,TS,16.3,-60.4,45,2022-09-16 18:00:00,Tropical Storm (34-63 knots)
205,AL072022,FIONA,TS,16.4,-61.4,50,2022-09-16 23:15:00,Tropical Storm (34-63 knots)
205,AL072022,FIONA,TS,16.4,-61.6,50,2022-09-17 00:00:00,Tropical Storm (34-63 knots)
205,AL072022,FIONA,TS,16.3,-62.6,50,2022-09-17 06:00:00,Tropical Storm (34-63 knots)
205,AL072022,FIONA,TS,16.4,-63.3,50,2022-09-17 12:00:00,Tropical Storm (34-63 knots)
205,AL072022,FIONA,TS,16.5,-64.0,50,2022-09-17 18:00:00,Tropical Storm (34-63 knots)
205,AL072022,FIONA,TS,16.5,-64.7,50,2022-09-18 00:00:00,Tropical Storm (34-63 knots)
205,AL072022,FIONA,TS,16.9,-65.5,55,2022-09-18 06:00:00,Tropical Storm (34-63 knots)
205,AL072022,FIONA,HU,17.2,-66.2,65,2022-09-18 12:00:00,Hurricane (>64 knots)
205,AL072022,FIONA,HU,17.8,-66.9,75,2022-09-18 18:00:00,Hurricane (>64 knots)
205,AL072022,FIONA,HU,18.0,-67.1,75,2022-09-18 19:20:00,Hurricane (>64 knots)
205,AL072022,FIONA,HU,18.1,-67.8,75,2022-09-19 00:00:00,Hurricane (>64 knots)
205,AL072022,FIONA,HU,18.2,-68.4,80,2022-09-19 06:00:00,Hurricane (>64 knots)
205,AL072022,FIONA,HU,18.4,-68.5,80,2022-09-19 07:30:00,Hurricane (>64 knots)
205,AL072022,FIONA,HU,18.8,-68.9,75,2022-09-19 12:00:00,Hurricane (>64 knots)
205,AL072022,FIONA,HU,19.5,-69.5,85,2022-09-19 18:00:00,Hurricane (>64 knots)
205,AL072022,FIONA,HU,20.2,-70.1,95,2022-09-20 00:00:00,Hurricane (>64 knots)
205,AL072022,FIONA,HU,20.8,-70.7,100,2022-09-20 06:00:00,Hurricane (>64 knots)
205,AL072022,FIONA,HU,21.4,-71.1,100,2022-09-20 11:00:00,Hurricane (>64 knots)
205,AL072022,FIONA,HU,21.5,-71.2,100,2022-09-20 12:00:00,Hurricane (>64 knots)
205,AL072022,FIONA,HU,22.3,-71.7,100,2022-09-20 18:00:00,Hurricane (>64 knots)
205,AL072022,FIONA,HU,22.9,-71.8,110,2022-09-21 00:00:00,Hurricane (>64 knots)
205,AL072022,FIONA,HU,23.5,-71.8,120,2022-09-21 06:00:00,Hurricane (>64 knots)
205,AL072022,FIONA,HU,24.2,-71.7,115,2022-09-21 12:00:00,Hurricane (>64 knots)
205,AL072022,FIONA,HU,25.1,-71.6,115,2022-09-21 18:00:00,Hurricane (>64 knots)
205,AL072022,FIONA,HU,26.0,-71.4,115,2022-09-22 00:00:00,Hurricane (>64 knots)
205,AL072022,FIONA,HU,26.9,-71.1,115,2022-09-22 06:00:00,Hurricane (>64 knots)
205,AL072022,FIONA,HU,28.0,-70.6,115,2022-09-22 12:00:00,Hurricane (>64 knots)
205,AL072022,FIONA,HU,29.5,-70.0,115,2022-09-22 18:00:00,Hurricane (>64 knots)
205,AL072022,FIONA,HU,30.9,-69.0,115,2022-09-23 00:00:00,Hurricane (>64 knots)
205,AL072022,FIONA,HU,32.5,-67.5,115,2022-09-23 06:00:00,Hurricane (>64 knots)
205,AL072022,FIONA,HU,34.3,-65.0,115,2022-09-23 12:00:00,Hurricane (>64 knots)
205,AL072022,FIONA,HU,37.8,-61.7,110,2022-09-23 18:00:00,Hurricane (>64 knots)
205,AL072022,FIONA,EX,42.3,-60.7,100,2022-09-24 00:00:00,Extratropical Cyclone
205,AL072022,FIONA,EX,45.0,-61.2,85,2022-09-24 06:00:00,Extratropical Cyclone
205,AL072022,FIONA,EX,45.2,-61.2,85,2022-09-24 07:00:00,Extratropical Cyclone
205,AL072022,FIONA,EX,46.8,-61.2,75,2022-09-24 12:00:00,Extratropical Cyclone
205,AL072022,FIONA,EX,47.9,-60.8,65,2022-09-24 18:00:00,Extratropical Cyclone
205,AL072022,FIONA,EX,48.8,-59.8,60,2022-09-25 00:00:00,Extratropical Cyclone
205,AL072022,FIONA,EX,50.6,-58.6,50,2022-09-25 06:00:00,Extratropical Cyclone
205,AL072022,FIONA,EX,51.3,-58.3,45,2022-09-25 08:00:00,Extratropical Cyclone
205,AL072022,FIONA,EX,53.1,-57.5,45,2022-09-25 12:00:00,Extratropical Cyclone
205,AL072022,FIONA,EX,55.5,-58.0,40,2022-09-25 18:00:00,Extratropical Cyclone
205,AL072022,FIONA,EX,57.5,-59.0,35,2022-09-26 00:00:00,Extratropical Cyclone
205,AL072022,FIONA,EX,58.5,-59.0,35,2022-09-26 06:00:00,Extratropical Cyclone
205,AL072022,FIONA,EX,59.5,-59.0,35,2022-09-26 12:00:00,Extratropical Cyclone
205,AL072022,FIONA,EX,60.5,-58.5,35,2022-09-26 18:00:00,Extratropical Cyclone
205,AL072022,FIONA,EX,61.5,-58.0,35,2022-09-27 00:00:00,Extratropical Cyclone
205,AL072022,FIONA,EX,62.5,-57.0,35,2022-09-27 06:00:00,Extratropical Cyclone
205,AL072022,FIONA,EX,63.3,-55.0,35,2022-09-27 12:00:00,Extratropical Cyclone
205,AL082022,GASTON,TS,34.0,-45.0,35,2022-09-20 18:00:00,Tropical Storm (34-63 knots)
205,AL082022,GASTON,TS,35.5,-44.1,45,2022-09-21 00:00:00,Tropical Storm (34-63 knots)
205,AL082022,GASTON,TS,36.9,-43.1,55,2022-09-21 06:00:00,Tropical Storm (34-63 knots)
205,AL082022,GASTON,TS,37.9,-42.0,55,2022-09-21 12:00:00,Tropical Storm (34-63 knots)
205,AL082022,GASTON,TS,38.6,-40.7,55,2022-09-21 18:00:00,Tropical Storm (34-63 knots)
205,AL082022,GASTON,TS,39.4,-38.6,55,2022-09-22 00:00:00,Tropical Storm (34-63 knots)
205,AL082022,GASTON,TS,40.1,-36.5,55,2022-09-22 06:00:00,Tropical Storm (34-63 knots)
205,AL082022,GASTON,TS,40.7,-34.8,55,2022-09-22 12:00:00,Tropical Storm (34-63 knots)
205,AL082022,GASTON,TS,41.0,-33.1,55,2022-09-22 18:00:00,Tropical Storm (34-63 knots)
205,AL082022,GASTON,TS,41.1,-31.5,55,2022-09-23 00:00:00,Tropical Storm (34-63 knots)
205,AL082022,GASTON,TS,40.9,-30.1,55,2022-09-23 06:00:00,Tropical Storm (34-63 knots)
205,AL082022,GASTON,TS,40.5,-29.2,55,2022-09-23 12:00:00,Tropical Storm (34-63 knots)
205,AL082022,GASTON,TS,39.8,-28.8,50,2022-09-23 18:00:00,Tropical Storm (34-63 knots)
205,AL082022,GASTON,TS,39.1,-29.2,45,2022-09-24 00:00:00,Tropical Storm (34-63 knots)
205,AL082022,GASTON,TS,38.7,-29.7,45,2022-09-24 06:00:00,Tropical Storm (34-63 knots)
205,AL082022,GASTON,TS,38.2,-30.4,40,2022-09-24 12:00:00,Tropical Storm (34-63 knots)
205,AL082022,GASTON,TS,38.0,-31.4,45,2022-09-24 18:00:00,Tropical Storm (34-63 knots)
205,AL082022,GASTON,TS,38.4,-32.7,45,2022-09-25 00:00:00,Tropical Storm (34-63 knots)
205,AL082022,GASTON,TS,38.9,-34.1,45,2022-09-25 06:00:00,Tropical Storm (34-63 knots)
205,AL082022,GASTON,TS,39.4,-35.7,45,2022-09-25 12:00:00,Tropical Storm (34-63 knots)
205,AL082022,GASTON,TS,39.2,-37.0,40,2022-09-25 18:00:00,Tropical Storm (34-63 knots)
205,AL082022,GASTON,LO,38.8,-37.7,35,2022-09-26 00:00:00,Low (not tropical/subtropical/extratropical)
205,AL082022,GASTON,LO,38.5,-38.5,35,2022-09-26 06:00:00,Low (not tropical/subtropical/extratropical)
205,AL092022,IAN,TS,14.7,-71.7,35,2022-09-24 00:00:00,Tropical Storm (34-63 knots)
205,AL092022,IAN,TS,14.7,-72.9,35,2022-09-24 06:00:00,Tropical Storm (34-63 knots)
205,AL092022,IAN,TS,14.5,-74.4,40,2022-09-24 12:00:00,Tropical Storm (34-63 knots)
205,AL092022,IAN,TS,14.4,-75.8,40,2022-09-24 18:00:00,Tropical Storm (34-63 knots)
205,AL092022,IAN,TS,14.6,-77.2,40,2022-09-25 00:00:00,Tropical Storm (34-63 knots)
205,AL092022,IAN,TS,14.6,-78.3,40,2022-09-25 06:00:00,Tropical Storm (34-63 knots)
205,AL092022,IAN,TS,15.0,-79.4,40,2022-09-25 12:00:00,Tropical Storm (34-63 knots)
205,AL092022,IAN,TS,15.8,-80.1,40,2022-09-25 18:00:00,Tropical Storm (34-63 knots)
205,AL092022,IAN,TS,16.8,-80.9,50,2022-09-26 00:00:00,Tropical Storm (34-63 knots)
205,AL092022,IAN,HU,17.7,-81.7,65,2022-09-26 06:00:00,Hurricane (>64 knots)
205,AL092022,IAN,HU,18.7,-82.4,70,2022-09-26 12:00:00,Hurricane (>64 knots)
205,AL092022,IAN,HU,19.7,-83.0,80,2022-09-26 18:00:00,Hurricane (>64 knots)
205,AL092022,IAN,HU,20.8,-83.3,85,2022-09-27 00:00:00,Hurricane (>64 knots)
205,AL092022,IAN,HU,21.8,-83.6,100,2022-09-27 06:00:00,Hurricane (>64 knots)
205,AL092022,IAN,HU,22.2,-83.7,110,2022-09-27 08:30:00,Hurricane (>64 knots)
205,AL092022,IAN,HU,22.6,-83.6,100,2022-09-27 12:00:00,Hurricane (>64 knots)
205,AL092022,IAN,HU,23.5,-83.3,105,2022-09-27 18:00:00,Hurricane (>64 knots)
205,AL092022,IAN,HU,24.4,-83.0,105,2022-09-28 00:00:00,Hurricane (>64 knots)
205,AL092022,IAN,HU,24.6,-82.9,110,2022-09-28 02:00:00,Hurricane (>64 knots)
205,AL092022,IAN,HU,25.2,-82.9,120,2022-09-28 06:00:00,Hurricane (>64 knots)
205,AL092022,IAN,HU,26.0,-82.7,140,2022-09-28 12:00:00,Hurricane (>64 knots)
205,AL092022,IAN,HU,26.6,-82.4,135,2022-09-28 18:00:00,Hurricane (>64 knots)
205,AL092022,IAN,HU,26.7,-82.2,130,2022-09-28 19:05:00,Hurricane (>64 knots)
205,AL092022,IAN,HU,26.8,-82.0,125,2022-09-28 20:35:00,Hurricane (>64 knots)
205,AL092022,IAN,HU,27.2,-81.7,100,2022-09-29 00:00:00,Hurricane (>64 knots)
205,AL092022,IAN,HU,27.7,-81.1,65,2022-09-29 06:00:00,Hurricane (>64 knots)
205,AL092022,IAN,TS,28.4,-80.6,60,2022-09-29 12:00:00,Tropical Storm (34-63 knots)
205,AL092022,IAN,HU,28.9,-80.1,65,2022-09-29 18:00:00,Hurricane (>64 knots)
205,AL092022,IAN,HU,29.6,-79.4,70,2022-09-30 00:00:00,Hurricane (>64 knots)
205,AL092022,IAN,HU,30.3,-79.1,75,2022-09-30 06:00:00,Hurricane (>64 knots)
205,AL092022,IAN,HU,31.5,-79.0,75,2022-09-30 12:00:00,Hurricane (>64 knots)
205,AL092022,IAN,HU,33.3,-79.2,70,2022-09-30 18:00:00,Hurricane (>64 knots)
205,AL092022,IAN,HU,33.3,-79.2,70,2022-09-30 18:05:00,Hurricane (>64 knots)
205,AL092022,IAN,EX,34.4,-79.3,50,2022-10-01 00:00:00,Extratropical Cyclone
205,AL102022,HERMINE,TS,18.1,-20.3,35,2022-09-23 18:00:00,Tropical Storm (34-63 knots)
205,AL102022,HERMINE,TS,18.7,-20.7,35,2022-09-24 00:00:00,Tropical Storm (34-63 knots)
205,AL102022,HERMINE,TS,19.4,-20.9,35,2022-09-24 06:00:00,Tropical Storm (34-63 knots)
206,AL172024,PATTY,EX,39.2,-41.0,55,2024-10-31 18:00:00,Extratropical Cyclone
206,AL172024,PATTY,EX,39.6,-40.0,55,2024-11-01 00:00:00,Extratropical Cyclone
206,AL172024,PATTY,EX,39.9,-38.9,50,2024-11-01 06:00:00,Extratropical Cyclone
206,AL172024,PATTY,EX,40.2,-37.7,50,2024-11-01 12:00:00,Extratropical Cyclone
206,AL172024,PATTY,SS,40.6,-36.5,45,2024-11-01 18:00:00,Subtropical Storm (>34 knots)
206,AL172024,PATTY,SS,40.6,-35.4,45,2024-11-02 00:00:00,Subtropical Storm (>34 knots)
206,AL172024,PATTY,SS,40.3,-34.6,50,2024-11-02 06:00:00,Subtropical Storm (>34 knots)
206,AL172024,PATTY,SS,39.4,-33.3,55,2024-11-02 12:00:00,Subtropical Storm (>34 knots)
206,AL172024,PATTY,SS,38.4,-31.6,55,2024-11-02 18:00:00,Subtropical Storm (>34 knots)
206,AL172024,PATTY,SS,37.9,-29.2,50,2024-11-03 00:00:00,Subtropical Storm (>34 knots)
206,AL172024,PATTY,SS,37.7,-27.0,45,2024-11-03 06:00:00,Subtropical Storm (>34 knots)
206,AL172024,PATTY,TS,37.5,-25.1,40,2024-11-03 12:00:00,Tropical Storm (34-63 knots)
206,AL172024,PATTY,TS,37.4,-23.3,40,2024-11-03 18:00:00,Tropical Storm (34-63 knots)
206,AL172024,PATTY,TS,37.6,-21.3,40,2024-11-04 00:00:00,Tropical Storm (34-63 knots)
206,AL172024,PATTY,TS,37.9,-19.2,35,2024-11-04 06:00:00,Tropical Storm (34-63 knots)
206,AL182024,RAFAEL,TS,15.1,-76.4,35,2024-11-04 18:00:00,Tropical Storm (34-63 knots)
206,AL182024,RAFAEL,TS,15.8,-76.9,40,2024-11-05 00:00:00,Tropical Storm (34-63 knots)
206,AL182024,RAFAEL,TS,16.6,-77.6,45,2024-11-05 06:00:00,Tropical Storm (34-63 knots)
206,AL182024,RAFAEL,TS,17.5,-78.3,50,2024-11-05 12:00:00,Tropical Storm (34-63 knots)
206,AL182024,RAFAEL,TS,18.5,-79.1,60,2024-11-05 18:00:00,Tropical Storm (34-63 knots)
206,AL182024,RAFAEL,HU,19.4,-80.0,70,2024-11-06 00:00:00,Hurricane (>64 knots)
206,AL182024,RAFAEL,HU,20.1,-80.9,80,2024-11-06 06:00:00,Hurricane (>64 knots)
206,AL182024,RAFAEL,HU,21.0,-81.6,90,2024-11-06 12:00:00,Hurricane (>64 knots)
206,AL182024,RAFAEL,HU,22.0,-82.3,100,2024-11-06 18:00:00,Hurricane (>64 knots)
206,AL182024,RAFAEL,HU,22.7,-82.7,100,2024-11-06 21:15:00,Hurricane (>64 knots)
206,AL182024,RAFAEL,HU,23.1,-83.2,95,2024-11-07 00:00:00,Hurricane (>64 knots)
206,AL182024,RAFAEL,HU,23.8,-84.1,90,2024-11-07 06:00:00,Hurricane (>64 knots)
206,AL182024,RAFAEL,HU,24.3,-84.9,90,2024-11-07 12:00:00,Hurricane (>64 knots)
206,AL182024,RAFAEL,HU,24.6,-85.7,90,2024-11-07 18:00:00,Hurricane (>64 knots)
206,AL182024,RAFAEL,HU,24.6,-86.6,90,2024-11-08 00:00:00,Hurricane (>64 knots)
206,AL182024,RAFAEL,HU,24.4,-87.6,105,2024-11-08 06:00:00,Hurricane (>64 knots)
206,AL182024,RAFAEL,HU,24.4,-88.4,95,2024-11-08 12:00:00,Hurricane (>64 knots)
206,AL182024,RAFAEL,HU,24.6,-89.1,80,2024-11-08 18:00:00,Hurricane (>64 knots)
206,AL182024,RAFAEL,HU,24.7,-89.7,65,2024-11-09 00:00:00,Hurricane (>64 knots)
206,AL182024,RAFAEL,TS,24.8,-90.5,55,2024-11-09 06:00:00,Tropical Storm (34-63 knots)
206,AL182024,RAFAEL,TS,25.0,-91.2,50,2024-11-09 12:00:00,Tropical Storm (34-63 knots)
206,AL182024,RAFAEL,TS,25.3,-91.5,45,2024-11-09 18:00:00,Tropical Storm (34-63 knots)
206,AL182024,RAFAEL,TS,25.6,-91.7,40,2024-11-10 00:00:00,Tropical Storm (34-63 knots)
206,AL182024,RAFAEL,TS,25.9,-91.9,35,2024-11-10 06:00:00,Tropical Storm (34-63 knots)
206,AL182024,RAFAEL,LO,26.1,-91.9,35,2024-11-10 12:00:00,Low (not tropical/subtropical/extratropical)
206,AL192024,SARA,TS,15.8,-82.2,35,2024-11-14 12:00:00,Tropical Storm (34-63 knots)
206,AL192024,SARA,TS,15.8,-83.1,35,2024-11-14 18:00:00,Tropical Storm (34-63 knots)
206,AL192024,SARA,TS,15.7,-84.0,40,2024-11-15 00:00:00,Tropical Storm (34-63 knots)
206,AL192024,SARA,TS,15.8,-84.3,40,2024-11-15 01:20:00,Tropical Storm (34-63 knots)
206,AL192024,SARA,TS,16.0,-85.0,40,2024-11-15 06:00:00,Tropical Storm (34-63 knots)
206,AL192024,SARA,TS,16.1,-85.6,45,2024-11-15 12:00:00,Tropical Storm (34-63 knots)
206,AL192024,SARA,TS,16.1,-86.1,45,2024-11-15 18:00:00,Tropical Storm (34-63 knots)
206,AL192024,SARA,TS,16.1,-86.1,45,2024-11-16 00:00:00,Tropical Storm (34-63 knots)
206,AL192024,SARA,TS,16.2,-86.2,40,2024-11-16 06:00:00,Tropical Storm (34-63 knots)
206,AL192024,SARA,TS,16.2,-86.4,40,2024-11-16 12:00:00,Tropical Storm (34-63 knots)
206,AL192024,SARA,TS,16.3,-86.8,35,2024-11-16 18:00:00,Tropical Storm (34-63 knots)
206,AL192024,SARA,TS,16.4,-87.1,35,2024-11-17 00:00:00,Tropical Storm (34-63 knots)
206,AL192024,SARA,TS,16.5,-87.5,35,2024-11-17 06:00:00,Tropical Storm (34-63 knots)
206,AL192024,SARA,TS,16.8,-87.9,35,2024-11-17 12:00:00,Tropical Storm (34-63 knots)
206,AL192024,SARA,TS,17.0,-88.3,35,2024-11-17 14:00:00,Tropical Storm (34-63 knots)
207,AL152024,NADINE,TS,17.3,-85.5,35,2024-10-19 00:00:00,Tropical Storm (34-63 knots)
207,AL152024,NADINE,TS,17.4,-86.4,40,2024-10-19 06:00:00,Tropical Storm (34-63 knots)
207,AL152024,NADINE,TS,17.4,-87.5,45,2024-10-19 12:00:00,Tropical Storm (34-63 knots)
207,AL152024,NADINE,TS,17.5,-88.2,50,2024-10-19 16:00:00,Tropical Storm (34-63 knots)
207,AL152024,NADINE,TS,17.5,-88.7,45,2024-10-19 18:00:00,Tropical Storm (34-63 knots)
207,AL162024,OSCAR,TS,21.0,-66.5,35,2024-10-19 00:00:00,Tropical Storm (34-63 knots)
207,AL162024,OSCAR,TS,21.2,-68.2,45,2024-10-19 06:00:00,Tropical Storm (34-63 knots)
207,AL162024,OSCAR,TS,21.3,-69.8,55,2024-10-19 12:00:00,Tropical Storm (34-63 knots)
207,AL162024,OSCAR,HU,21.4,-70.6,70,2024-10-19 18:00:00,Hurricane (>64 knots)
207,AL162024,OSCAR,HU,21.5,-71.1,75,2024-10-19 20:15:00,Hurricane (>64 knots)
207,AL162024,OSCAR,HU,21.5,-71.7,75,2024-10-20 00:00:00,Hurricane (>64 knots)
207,AL162024,OSCAR,HU,21.1,-72.7,70,2024-10-20 06:00:00,Hurricane (>64 knots)
207,AL162024,OSCAR,HU,20.8,-73.6,70,2024-10-20 12:00:00,Hurricane (>64 knots)
207,AL162024,OSCAR,HU,20.5,-74.0,75,2024-10-20 18:00:00,Hurricane (>64 knots)
207,AL162024,OSCAR,HU,20.3,-74.4,75,2024-10-20 22:00:00,Hurricane (>64 knots)
207,AL162024,OSCAR,HU,20.2,-74.5,65,2024-10-21 00:00:00,Hurricane (>64 knots)
207,AL162024,OSCAR,TS,20.1,-75.0,50,2024-10-21 06:00:00,Tropical Storm (34-63 knots)
207,AL162024,OSCAR,TS,20.3,-75.4,40,2024-10-21 12:00:00,Tropical Storm (34-63 knots)
207,AL162024,OSCAR,TS,20.7,-75.9,35,2024-10-21 18:00:00,Tropical Storm (34-63 knots)
207,AL162024,OSCAR,TS,21.5,-75.6,35,2024-10-22 00:00:00,Tropical Storm (34-63 knots)
207,AL162024,OSCAR,TS,22.2,-75.1,35,2024-10-22 06:00:00,Tropical Storm (34-63 knots)
207,AL162024,OSCAR,TS,22.7,-74.6,35,2024-10-22 12:00:00,Tropical Storm (34-63 knots)
207,AL172024,PATTY,EX,39.2,-41.0,55,2024-10-31 18:00:00,Extratropical Cyclone
207,AL172024,PATTY,EX,39.6,-40.0,55,2024-11-01 00:00:00,Extratropical Cyclone
207,AL172024,PATTY,EX,39.9,-38.9,50,2024-11-01 06:00:00,Extratropical Cyclone
207,AL172024,PATTY,EX,40.2,-37.7,50,2024-11-01 12:00:00,Extratropical Cyclone
207,AL172024,PATTY,SS,40.6,-36.5,45,2024-11-01 18:00:00,Subtropical Storm (>34 knots)
207,AL172024,PATTY,SS,40.6,-35.4,45,2024-11-02 00:00:00,Subtropical Storm (>34 knots)
207,AL172024,PATTY,SS,40.3,-34.6,50,2024-11-02 06:00:00,Subtropical Storm (>34 knots)
207,AL172024,PATTY,SS,39.4,-33.3,55,2024-11-02 12:00:00,Subtropical Storm (>34 knots)
207,AL172024,PATTY,SS,38.4,-31.6,55,2024-11-02 18:00:00,Subtropical Storm (>34 knots)
207,AL172024,PATTY,SS,37.9,-29.2,50,2024-11-03 00:00:00,Subtropical Storm (>34 knots)
207,AL172024,PATTY,SS,37.7,-27.0,45,2024-11-03 06:00:00,Subtropical Storm (>34 knots)
207,AL172024,PATTY,TS,37.5,-25.1,40,2024-11-03 12:00:00,Tropical Storm (34-63 knots)
207,AL172024,PATTY,TS,37.4,-23.3,40,2024-11-03 18:00:00,Tropical Storm (34-63 knots)
207,AL172024,PATTY,TS,37.6,-21.3,40,2024-11-04 00:00:00,Tropical Storm (34-63 knots)
207,AL172024,PATTY,TS,37.9,-19.2,35,2024-11-04 06:00:00,Tropical Storm (34-63 knots)
207,AL182024,RAFAEL,TS,15.1,-76.4,35,2024-11-04 18:00:00,Tropical Storm (34-63 knots)
207,AL182024,RAFAEL,TS,15.8,-76.9,40,2024-11-05 00:00:00,Tropical Storm (34-63 knots)
207,AL182024,RAFAEL,TS,16.6,-77.6,45,2024-11-05 06:00:00,Tropical Storm (34-63 knots)
207,AL182024,RAFAEL,TS,17.5,-78.3,50,2024-11-05 12:00:00,Tropical Storm (34-63 knots)
207,AL182024,RAFAEL,TS,18.5,-79.1,60,2024-11-05 18:00:00,Tropical Storm (34-63 knots)
207,AL182024,RAFAEL,HU,19.4,-80.0,70,2024-11-06 00:00:00,Hurricane (>64 knots)
207,AL182024,RAFAEL,HU,20.1,-80.9,80,2024-11-06 06:00:00,Hurricane (>64 knots)
209,AL022023,ARLENE,TS,27.3,-86.4,35,2023-06-02 06:00:00,Tropical Storm (34-63 knots)
209,AL022023,ARLENE,TS,27.0,-86.3,35,2023-06-02 12:00:00,Tropical Storm (34-63 knots)
209,AL022023,ARLENE,TS,26.7,-86.0,35,2023-06-02 18:00:00,Tropical Storm (34-63 knots)
209,AL022023,ARLENE,TS,25.9,-85.7,35,2023-06-03 00:00:00,Tropical Storm (34-63 knots)
209,AL032023,BRET,TS,11.1,-40.9,35,2023-06-19 18:00:00,Tropical Storm (34-63 knots)
209,AL032023,BRET,TS,11.3,-42.7,35,2023-06-20 00:00:00,Tropical Storm (34-63 knots)
209,AL032023,BRET,TS,11.5,-44.5,35,2023-06-20 06:00:00,Tropical Storm (34-63 knots)
209,AL032023,BRET,TS,11.7,-46.3,35,2023-06-20 12:00:00,Tropical Storm (34-63 knots)
209,AL032023,BRET,TS,12.0,-48.0,40,2023-06-20 18:00:00,Tropical Storm (34-63 knots)
209,AL032023,BRET,TS,12.4,-49.4,45,2023-06-21 00:00:00,Tropical Storm (34-63 knots)
209,AL032023,BRET,TS,12.7,-50.7,50,2023-06-21 06:00:00,Tropical Storm (34-63 knots)
209,AL032023,BRET,TS,13.0,-52.0,50,2023-06-21 12:00:00,Tropical Storm (34-63 knots)
209,AL032023,BRET,TS,13.3,-53.3,55,2023-06-21 18:00:00,Tropical Storm (34-63 knots)
209,AL032023,BRET,TS,13.4,-54.6,55,2023-06-22 00:00:00,Tropical Storm (34-63 knots)
209,AL032023,BRET,TS,13.5,-55.9,60,2023-06-22 06:00:00,Tropical Storm (34-63 knots)
209,AL032023,BRET,TS,13.5,-57.3,60,2023-06-22 12:00:00,Tropical Storm (34-63 knots)
209,AL032023,BRET,TS,13.4,-58.8,55,2023-06-22 18:00:00,Tropical Storm (34-63 knots)
209,AL032023,BRET,TS,13.3,-60.3,55,2023-06-23 00:00:00,Tropical Storm (34-63 knots)
209,AL032023,BRET,TS,13.3,-61.2,55,2023-06-23 03:15:00,Tropical Storm (34-63 knots)
209,AL032023,BRET,TS,13.3,-62.0,50,2023-06-23 06:00:00,Tropical Storm (34-63 knots)
209,AL032023,BRET,TS,13.2,-63.8,50,2023-06-23 12:00:00,Tropical Storm (34-63 knots)
209,AL032023,BRET,TS,13.1,-65.6,45,2023-06-23 18:00:00,Tropical Storm (34-63 knots)
209,AL032023,BRET,TS,13.0,-67.4,45,2023-06-24 00:00:00,Tropical Storm (34-63 knots)
209,AL032023,BRET,TS,13.0,-69.2,40,2023-06-24 06:00:00,Tropical Storm (34-63 knots)
209,AL032023,BRET,TS,13.0,-70.9,40,2023-06-24 12:00:00,Tropical Storm (34-63 knots)
209,AL042023,CINDY,TS,11.5,-44.8,35,2023-06-23 00:00:00,Tropical Storm (34-63 knots)
209,AL042023,CINDY,TS,11.8,-46.1,40,2023-06-23 06:00:00,Tropical Storm (34-63 knots)
209,AL042023,CINDY,TS,12.2,-47.5,45,2023-06-23 12:00:00,Tropical Storm (34-63 knots)
209,AL042023,CINDY,TS,12.8,-48.8,45,2023-06-23 18:00:00,Tropical Storm (34-63 knots)
209,AL042023,CINDY,TS,13.6,-50.0,45,2023-06-24 00:00:00,Tropical Storm (34-63 knots)
209,AL042023,CINDY,TS,14.6,-51.2,50,2023-06-24 06:00:00,Tropical Storm (34-63 knots)
209,AL042023,CINDY,TS,15.7,-52.5,50,2023-06-24 12:00:00,Tropical Storm (34-63 knots)
209,AL042023,CINDY,TS,16.8,-53.9,50,2023-06-24 18:00:00,Tropical Storm (34-63 knots)
209,AL042023,CINDY,TS,18.2,-55.2,45,2023-06-25 00:00:00,Tropical Storm (34-63 knots)
209,AL042023,CINDY,TS,19.4,-56.4,45,2023-06-25 06:00:00,Tropical Storm (34-63 knots)
209,AL042023,CINDY,TS,20.5,-57.6,40,2023-06-25 12:00:00,Tropical Storm (34-63 knots)
209,AL042023,CINDY,TS,21.6,-58.8,40,2023-06-25 18:00:00,Tropical Storm (34-63 knots)
209,AL042023,CINDY,TS,22.5,-59.9,35,2023-06-26 00:00:00,Tropical Storm (34-63 knots)
210,AL062024,FRANCINE,LO,21.4,-94.5,45,2024-09-08 18:00:00,Low (not tropical/subtropical/extratropical)
210,AL062024,FRANCINE,LO,22.0,-94.8,45,2024-09-09 00:00:00,Low (not tropical/subtropical/extratropical)
210,AL062024,FRANCINE,LO,22.7,-95.1,45,2024-09-09 06:00:00,Low (not tropical/subtropical/extratropical)
210,AL062024,FRANCINE,TS,23.2,-95.5,45,2024-09-09 12:00:00,Tropical Storm (34-63 knots)
210,AL062024,FRANCINE,TS,23.7,-95.9,50,2024-09-09 18:00:00,Tropical Storm (34-63 knots)
210,AL062024,FRANCINE,TS,23.9,-96.1,55,2024-09-10 00:00:00,Tropical Storm (34-63 knots)
210,AL062024,FRANCINE,TS,24.1,-96.2,55,2024-09-10 06:00:00,Tropical Storm (34-63 knots)
210,AL062024,FRANCINE,TS,24.5,-95.8,55,2024-09-10 12:00:00,Tropical Storm (34-63 knots)
210,AL062024,FRANCINE,TS,25.3,-95.3,55,2024-09-10 18:00:00,Tropical Storm (34-63 knots)
210,AL062024,FRANCINE,HU,26.0,-94.7,65,2024-09-11 00:00:00,Hurricane (>64 knots)
210,AL062024,FRANCINE,HU,26.6,-94.1,80,2024-09-11 06:00:00,Hurricane (>64 knots)
210,AL062024,FRANCINE,HU,27.5,-93.2,80,2024-09-11 12:00:00,Hurricane (>64 knots)
210,AL062024,FRANCINE,HU,28.6,-92.1,85,2024-09-11 18:00:00,Hurricane (>64 knots)
210,AL062024,FRANCINE,HU,29.3,-91.3,90,2024-09-11 22:00:00,Hurricane (>64 knots)
210,AL062024,FRANCINE,HU,29.6,-90.9,70,2024-09-12 00:00:00,Hurricane (>64 knots)
210,AL062024,FRANCINE,TS,30.5,-90.3,45,2024-09-12 06:00:00,Tropical Storm (34-63 knots)
210,AL072024,GORDON,TS,19.3,-38.3,35,2024-09-13 12:00:00,Tropical Storm (34-63 knots)
210,AL072024,GORDON,TS,19.7,-39.1,35,2024-09-13 18:00:00,Tropical Storm (34-63 knots)
210,AL072024,GORDON,TS,19.9,-39.8,40,2024-09-14 00:00:00,Tropical Storm (34-63 knots)
210,AL072024,GORDON,TS,20.0,-40.5,40,2024-09-14 06:00:00,Tropical Storm (34-63 knots)
210,AL072024,GORDON,TS,20.1,-41.3,40,2024-09-14 12:00:00,Tropical Storm (34-63 knots)
210,AL072024,GORDON,TS,20.3,-42.4,40,2024-09-14 18:00:00,Tropical Storm (34-63 knots)
210,AL072024,GORDON,TS,19.8,-43.6,35,2024-09-15 00:00:00,Tropical Storm (34-63 knots)
210,AL072024,GORDON,TS,19.5,-44.4,35,2024-09-15 06:00:00,Tropical Storm (34-63 knots)
210,AL072024,GORDON,TS,19.3,-45.1,35,2024-09-15 12:00:00,Tropical Storm (34-63 knots)
214,AL022024,BERYL,TS,9.2,-43.1,35,2024-06-29 00:00:00,Tropical Storm (34-63 knots)
214,AL022024,BERYL,TS,9.5,-45.2,45,2024-06-29 06:00:00,Tropical Storm (34-63 knots)
214,AL022024,BERYL,TS,9.7,-47.0,55,2024-06-29 12:00:00,Tropical Storm (34-63 knots)
214,AL022024,BERYL,TS,9.9,-48.7,60,2024-06-29 18:00:00,Tropical Storm (34-63 knots)
214,AL022024,BERYL,HU,10.1,-50.5,70,2024-06-30 00:00:00,Hurricane (>64 knots)
214,AL022024,BERYL,HU,10.4,-52.3,85,2024-06-30 06:00:00,Hurricane (>64 knots)
214,AL022024,BERYL,HU,10.5,-54.0,100,2024-06-30 12:00:00,Hurricane (>64 knots)
214,AL022024,BERYL,HU,10.9,-55.7,115,2024-06-30 18:00:00,Hurricane (>64 knots)
214,AL022024,BERYL,HU,11.2,-57.3,110,2024-07-01 00:00:00,Hurricane (>64 knots)
214,AL022024,BERYL,HU,11.5,-59.0,100,2024-07-01 06:00:00,Hurricane (>64 knots)
214,AL022024,BERYL,HU,12.0,-60.6,115,2024-07-01 12:00:00,Hurricane (>64 knots)
214,AL022024,BERYL,HU,12.5,-61.5,120,2024-07-01 15:20:00,Hurricane (>64 knots)
214,AL022024,BERYL,HU,12.8,-62.3,130,2024-07-01 18:00:00,Hurricane (>64 knots)
214,AL022024,BERYL,HU,13.5,-64.1,140,2024-07-02 00:00:00,Hurricane (>64 knots)
214,AL022024,BERYL,HU,14.3,-65.9,145,2024-07-02 06:00:00,Hurricane (>64 knots)
214,AL022024,BERYL,HU,14.8,-67.2,145,2024-07-02 09:45:00,Hurricane (>64 knots)
214,AL022024,BERYL,HU,15.0,-67.9,140,2024-07-02 12:00:00,Hurricane (>64 knots)
214,AL022024,BERYL,HU,15.6,-69.9,135,2024-07-02 18:00:00,Hurricane (>64 knots)
214,AL022024,BERYL,HU,16.0,-71.8,130,2024-07-03 00:00:00,Hurricane (>64 knots)
214,AL022024,BERYL,HU,16.3,-73.5,125,2024-07-03 06:00:00,Hurricane (>64 knots)
214,AL022024,BERYL,HU,16.8,-75.3,125,2024-07-03 12:00:00,Hurricane (>64 knots)
214,AL022024,BERYL,HU,17.3,-76.8,120,2024-07-03 18:00:00,Hurricane (>64 knots)
214,AL022024,BERYL,HU,17.8,-78.3,115,2024-07-04 00:00:00,Hurricane (>64 knots)
214,AL022024,BERYL,HU,18.3,-80.0,105,2024-07-04 06:00:00,Hurricane (>64 knots)
214,AL022024,BERYL,HU,18.8,-81.8,95,2024-07-04 12:00:00,Hurricane (>64 knots)
214,AL022024,BERYL,HU,19.3,-83.4,90,2024-07-04 18:00:00,Hurricane (>64 knots)
214,AL022024,BERYL,HU,19.4,-84.8,100,2024-07-05 00:00:00,Hurricane (>64 knots)
214,AL022024,BERYL,HU,19.8,-86.2,95,2024-07-05 06:00:00,Hurricane (>64 knots)
214,AL022024,BERYL,HU,20.3,-87.4,80,2024-07-05 11:00:00,Hurricane (>64 knots)
214,AL022024,BERYL,HU,20.4,-87.6,75,2024-07-05 12:00:00,Hurricane (>64 knots)
214,AL022024,BERYL,TS,20.9,-88.8,60,2024-07-05 18:00:00,Tropical Storm (34-63 knots)
214,AL022024,BERYL,TS,21.4,-89.8,50,2024-07-06 00:00:00,Tropical Storm (34-63 knots)
214,AL022024,BERYL,TS,21.9,-90.9,45,2024-07-06 06:00:00,Tropical Storm (34-63 knots)
214,AL022024,BERYL,TS,22.6,-91.8,50,2024-07-06 12:00:00,Tropical Storm (34-63 knots)
214,AL022024,BERYL,TS,23.6,-92.7,50,2024-07-06 18:00:00,Tropical Storm (34-63 knots)
214,AL022024,BERYL,TS,24.4,-93.6,50,2024-07-07 00:00:00,Tropical Storm (34-63 knots)
214,AL022024,BERYL,TS,24.9,-94.3,50,2024-07-07 06:00:00,Tropical Storm (34-63 knots)
214,AL022024,BERYL,TS,25.5,-94.9,55,2024-07-07 12:00:00,Tropical Storm (34-63 knots)
214,AL022024,BERYL,TS,26.3,-95.4,55,2024-07-07 18:00:00,Tropical Storm (34-63 knots)
214,AL022024,BERYL,TS,27.1,-95.7,60,2024-07-08 00:00:00,Tropical Storm (34-63 knots)
214,AL022024,BERYL,HU,28.2,-95.9,70,2024-07-08 06:00:00,Hurricane (>64 knots)
214,AL022024,BERYL,HU,28.6,-96.0,80,2024-07-08 08:40:00,Hurricane (>64 knots)
214,AL022024,BERYL,HU,29.3,-96.0,70,2024-07-08 12:00:00,Hurricane (>64 knots)
214,AL022024,BERYL,TS,30.7,-95.6,50,2024-07-08 18:00:00,Tropical Storm (34-63 knots)
214,AL032024,CHRIS,TS,19.9,-96.0,35,2024-07-01 00:00:00,Tropical Storm (34-63 knots)
214,AL032024,CHRIS,TS,19.9,-96.5,40,2024-07-01 03:00:00,Tropical Storm (34-63 knots)
220,AL042024,DEBBY,TS,25.0,-83.8,40,2024-08-04 06:00:00,Tropical Storm (34-63 knots)
220,AL042024,DEBBY,TS,26.2,-84.3,50,2024-08-04 12:00:00,Tropical Storm (34-63 knots)
220,AL042024,DEBBY,TS,27.3,-84.3,60,2024-08-04 18:00:00,Tropical Storm (34-63 knots)
220,AL042024,DEBBY,HU,28.3,-84.1,70,2024-08-05 00:00:00,Hurricane (>64 knots)
220,AL042024,DEBBY,HU,29.1,-83.9,70,2024-08-05 06:00:00,Hurricane (>64 knots)
220,AL042024,DEBBY,HU,29.7,-83.5,70,2024-08-05 11:00:00,Hurricane (>64 knots)
220,AL042024,DEBBY,HU,29.9,-83.4,65,2024-08-05 12:00:00,Hurricane (>64 knots)
220,AL042024,DEBBY,TS,30.4,-83.0,50,2024-08-05 18:00:00,Tropical Storm (34-63 knots)
220,AL042024,DEBBY,TS,30.8,-82.3,45,2024-08-06 00:00:00,Tropical Storm (34-63 knots)
220,AL042024,DEBBY,TS,31.3,-81.8,45,2024-08-06 06:00:00,Tropical Storm (34-63 knots)
220,AL042024,DEBBY,TS,31.8,-81.4,40,2024-08-06 12:00:00,Tropical Storm (34-63 knots)
220,AL042024,DEBBY,TS,32.0,-81.1,40,2024-08-06 18:00:00,Tropical Storm (34-63 knots)
220,AL042024,DEBBY,SS,31.9,-80.4,40,2024-08-07 00:00:00,Subtropical Storm (>34 knots)
220,AL042024,DEBBY,SS,31.8,-79.7,45,2024-08-07 06:00:00,Subtropical Storm (>34 knots)
220,AL042024,DEBBY,SS,32.2,-79.3,50,2024-08-07 12:00:00,Subtropical Storm (>34 knots)
220,AL042024,DEBBY,SS,32.5,-79.2,50,2024-08-07 18:00:00,Subtropical Storm (>34 knots)
220,AL042024,DEBBY,SS,32.7,-79.4,45,2024-08-08 00:00:00,Subtropical Storm (>34 knots)
220,AL042024,DEBBY,SS,33.0,-79.6,40,2024-08-08 06:00:00,Subtropical Storm (>34 knots)
220,AL042024,DEBBY,SS,33.7,-80.0,40,2024-08-08 12:00:00,Subtropical Storm (>34 knots)
220,AL042024,DEBBY,SS,34.6,-80.3,40,2024-08-08 18:00:00,Subtropical Storm (>34 knots)
220,AL042024,DEBBY,EX,49.4,-64.7,35,2024-08-10 12:00:00,Extratropical Cyclone
220,AL042024,DEBBY,EX,50.0,-59.5,35,2024-08-10 18:00:00,Extratropical Cyclone
220,AL052024,ERNESTO,TS,15.9,-56.6,35,2024-08-12 18:00:00,Tropical Storm (34-63 knots)
220,AL052024,ERNESTO,TS,16.0,-58.6,35,2024-08-13 00:00:00,Tropical Storm (34-63 knots)
220,AL052024,ERNESTO,TS,16.1,-60.5,35,2024-08-13 06:00:00,Tropical Storm (34-63 knots)
220,AL052024,ERNESTO,TS,16.4,-61.4,35,2024-08-13 09:40:00,Tropical Storm (34-63 knots)
220,AL052024,ERNESTO,TS,16.6,-62.0,40,2024-08-13 12:00:00,Tropical Storm (34-63 knots)
220,AL052024,ERNESTO,TS,16.7,-62.2,40,2024-08-13 12:50:00,Tropical Storm (34-63 knots)
220,AL052024,ERNESTO,TS,17.6,-63.5,50,2024-08-13 18:00:00,Tropical Storm (34-63 knots)
220,AL052024,ERNESTO,TS,18.3,-64.7,55,2024-08-13 23:30:00,Tropical Storm (34-63 knots)
220,AL052024,ERNESTO,TS,18.4,-64.9,55,2024-08-14 00:00:00,Tropical Storm (34-63 knots)
220,AL052024,ERNESTO,TS,19.0,-66.0,60,2024-08-14 06:00:00,Tropical Storm (34-63 knots)
220,AL052024,ERNESTO,HU,19.9,-67.2,65,2024-08-14 12:00:00,Hurricane (>64 knots)
220,AL052024,ERNESTO,HU,21.1,-68.0,65,2024-08-14 18:00:00,Hurricane (>64 knots)
220,AL052024,ERNESTO,HU,22.3,-68.7,70,2024-08-15 00:00:00,Hurricane (>64 knots)
220,AL052024,ERNESTO,HU,23.4,-69.2,75,2024-08-15 06:00:00,Hurricane (>64 knots)
220,AL052024,ERNESTO,HU,24.5,-69.3,75,2024-08-15 12:00:00,Hurricane (>64 knots)
220,AL052024,ERNESTO,HU,25.6,-69.0,80,2024-08-15 18:00:00,Hurricane (>64 knots)
220,AL052024,ERNESTO,HU,26.6,-68.3,85,2024-08-16 00:00:00,Hurricane (>64 knots)
220,AL052024,ERNESTO,HU,27.7,-67.5,85,2024-08-16 06:00:00,Hurricane (>64 knots)
220,AL052024,ERNESTO,HU,28.9,-66.8,85,2024-08-16 12:00:00,Hurricane (>64 knots)
220,AL052024,ERNESTO,HU,30.0,-66.1,85,2024-08-16 18:00:00,Hurricane (>64 knots)
220,AL052024,ERNESTO,HU,31.0,-65.4,80,2024-08-17 00:00:00,Hurricane (>64 knots)
220,AL052024,ERNESTO,HU,31.9,-65.0,75,2024-08-17 06:00:00,Hurricane (>64 knots)
220,AL052024,ERNESTO,HU,32.3,-64.8,75,2024-08-17 08:30:00,Hurricane (>64 knots)
222,AL012025,ANDREA,LO,33.3,-55.1,35,2025-06-23 12:00:00,Low (not tropical/subtropical/extratropical)
222,AL012025,ANDREA,LO,33.9,-54.0,35,2025-06-23 18:00:00,Low (not tropical/subtropical/extratropical)
222,AL012025,ANDREA,LO,34.7,-53.0,35,2025-06-24 00:00:00,Low (not tropical/subtropical/extratropical)
222,AL012025,ANDREA,LO,35.4,-51.4,35,2025-06-24 06:00:00,Low (not tropical/subtropical/extratropical)
222,AL012025,ANDREA,TS,36.2,-49.7,35,2025-06-24 12:00:00,Tropical Storm (34-63 knots)
222,AL012025,ANDREA,TS,37.3,-48.1,35,2025-06-24 18:00:00,Tropical Storm (34-63 knots)
222,AL022025,BARRY,TS,20.1,-96.0,35,2025-06-29 12:00:00,Tropical Storm (34-63 knots)
222,AL022025,BARRY,TS,20.9,-96.7,40,2025-06-29 18:00:00,Tropical Storm (34-63 knots)
222,AL022025,BARRY,TS,21.7,-97.4,35,2025-06-30 00:00:00,Tropical Storm (34-63 knots)
223,AL022025,BARRY,TS,20.1,-96.0,35,2025-06-29 12:00:00,Tropical Storm (34-63 knots)
223,AL022025,BARRY,TS,20.9,-96.7,40,2025-06-29 18:00:00,Tropical Storm (34-63 knots)
223,AL022025,BARRY,TS,21.7,-97.4,35,2025-06-30 00:00:00,Tropical Storm (34-63 knots)
223,AL032025,CHANTAL,TS,30.8,-79.0,35,2025-07-05 12:00:00,Tropical Storm (34-63 knots)
223,AL032025,CHANTAL,TS,31.6,-78.7,40,2025-07-05 18:00:00,Tropical Storm (34-63 knots)
223,AL032025,CHANTAL,TS,32.3,-78.7,40,2025-07-06 00:00:00,Tropical Storm (34-63 knots)
223,AL032025,CHANTAL,TS,33.3,-78.9,50,2025-07-06 06:00:00,Tropical Storm (34-63 knots)
223,AL032025,CHANTAL,TS,33.6,-79.1,45,2025-07-06 09:00:00,Tropical Storm (34-63 knots)
223,AL032025,CHANTAL,TS,34.0,-79.2,35,2025-07-06 12:00:00,Tropical Storm (34-63 knots)
224,AL092021,IDA,TS,17.4,-79.5,35,2021-08-26 18:00:00,Tropical Storm (34-63 knots)
224,AL092021,IDA,TS,18.3,-80.2,40,2021-08-27 00:00:00,Tropical Storm (34-63 knots)
224,AL092021,IDA,TS,19.4,-80.9,45,2021-08-27 06:00:00,Tropical Storm (34-63 knots)
224,AL092021,IDA,TS,20.4,-81.7,55,2021-08-27 12:00:00,Tropical Storm (34-63 knots)
224,AL092021,IDA,HU,21.5,-82.6,70,2021-08-27 18:00:00,Hurricane (>64 knots)
224,AL092021,IDA,HU,22.4,-83.2,70,2021-08-27 23:25:00,Hurricane (>64 knots)
224,AL092021,IDA,HU,22.6,-83.5,70,2021-08-28 00:00:00,Hurricane (>64 knots)
224,AL092021,IDA,HU,23.5,-84.7,70,2021-08-28 06:00:00,Hurricane (>64 knots)
224,AL092021,IDA,HU,24.4,-85.7,70,2021-08-28 12:00:00,Hurricane (>64 knots)
224,AL092021,IDA,HU,25.6,-86.6,80,2021-08-28 18:00:00,Hurricane (>64 knots)
224,AL092021,IDA,HU,26.7,-87.6,90,2021-08-29 00:00:00,Hurricane (>64 knots)
224,AL092021,IDA,HU,27.6,-88.7,115,2021-08-29 06:00:00,Hurricane (>64 knots)
224,AL092021,IDA,HU,28.5,-89.6,130,2021-08-29 12:00:00,Hurricane (>64 knots)
224,AL092021,IDA,HU,29.1,-90.2,130,2021-08-29 16:55:00,Hurricane (>64 knots)
224,AL092021,IDA,HU,29.2,-90.4,125,2021-08-29 18:00:00,Hurricane (>64 knots)
224,AL092021,IDA,HU,29.9,-90.6,105,2021-08-30 00:00:00,Hurricane (>64 knots)
224,AL092021,IDA,HU,30.6,-90.8,65,2021-08-30 06:00:00,Hurricane (>64 knots)
224,AL092021,IDA,TS,31.5,-90.9,40,2021-08-30 12:00:00,Tropical Storm (34-63 knots)
224,AL092021,IDA,TS,32.2,-90.5,35,2021-08-30 18:00:00,Tropical Storm (34-63 knots)
224,AL092021,IDA,EX,39.8,-75.6,35,2021-09-02 00:00:00,Extratropical Cyclone
224,AL092021,IDA,EX,40.6,-72.8,40,2021-09-02 06:00:00,Extratropical Cyclone
224,AL092021,IDA,EX,41.4,-69.7,40,2021-09-02 12:00:00,Extratropical Cyclone
224,AL092021,IDA,EX,43.3,-67.2,40,2021-09-02 18:00:00,Extratropical Cyclone
224,AL092021,IDA,EX,45.4,-64.7,40,2021-09-03 00:00:00,Extratropical Cyclone
224,AL092021,IDA,EX,46.6,-63.6,45,2021-09-03 06:00:00,Extratropical Cyclone
224,AL092021,IDA,EX,47.5,-62.7,45,2021-09-03 12:00:00,Extratropical Cyclone
224,AL092021,IDA,EX,48.6,-62.4,45,2021-09-03 18:00:00,Extratropical Cyclone
224,AL092021,IDA,EX,48.8,-63.1,45,2021-09-04 00:00:00,Extratropical Cyclone
224,AL092021,IDA,EX,48.7,-63.9,40,2021-09-04 06:00:00,Extratropical Cyclone
224,AL092021,IDA,EX,47.6,-63.9,35,2021-09-04 12:00:00,Extratropical Cyclone
224,AL102021,KATE,TS,20.5,-50.6,35,2021-08-30 06:00:00,Tropical Storm (34-63 knots)
224,AL102021,KATE,TS,21.3,-50.8,40,2021-08-30 12:00:00,Tropical Storm (34-63 knots)
224,AL102021,KATE,TS,22.1,-50.9,35,2021-08-30 18:00:00,Tropical Storm (34-63 knots)
224,AL102021,KATE,TS,22.6,-50.9,35,2021-08-31 00:00:00,Tropical Storm (34-63 knots)
224,AL102021,KATE,TS,22.8,-50.9,35,2021-08-31 06:00:00,Tropical Storm (34-63 knots)
224,AL112021,JULIAN,TS,33.5,-49.3,35,2021-08-29 06:00:00,Tropical Storm (34-63 knots)
224,AL112021,JULIAN,TS,34.5,-47.8,45,2021-08-29 12:00:00,Tropical Storm (34-63 knots)
224,AL112021,JULIAN,TS,35.9,-45.7,50,2021-08-29 18:00:00,Tropical Storm (34-63 knots)
224,AL112021,JULIAN,TS,37.1,-42.6,50,2021-08-30 00:00:00,Tropical Storm (34-63 knots)
224,AL112021,JULIAN,TS,38.9,-40.0,50,2021-08-30 06:00:00,Tropical Storm (34-63 knots)
224,AL112021,JULIAN,EX,40.6,-37.9,50,2021-08-30 12:00:00,Extratropical Cyclone
224,AL112021,JULIAN,EX,42.5,-36.0,45,2021-08-30 18:00:00,Extratropical Cyclone
224,AL112021,JULIAN,EX,44.8,-35.1,45,2021-08-31 00:00:00,Extratropical Cyclone
224,AL112021,JULIAN,EX,47.5,-34.5,45,2021-08-31 06:00:00,Extratropical Cyclone
224,AL112021,JULIAN,EX,50.5,-35.5,45,2021-08-31 12:00:00,Extratropical Cyclone
224,AL122021,LARRY,TS,11.9,-22.5,35,2021-09-01 00:00:00,Tropical Storm (34-63 knots)
224,AL122021,LARRY,TS,12.2,-24.5,40,2021-09-01 06:00:00,Tropical Storm (34-63 knots)
224,AL122021,LARRY,TS,12.4,-26.5,45,2021-09-01 12:00:00,Tropical Storm (34-63 knots)
224,AL122021,LARRY,TS,12.5,-28.4,55,2021-09-01 18:00:00,Tropical Storm (34-63 knots)
224,AL122021,LARRY,TS,12.7,-30.0,60,2021-09-02 00:00:00,Tropical Storm (34-63 knots)
224,AL122021,LARRY,HU,13.0,-31.6,65,2021-09-02 06:00:00,Hurricane (>64 knots)
224,AL122021,LARRY,HU,13.3,-33.3,70,2021-09-02 12:00:00,Hurricane (>64 knots)
224,AL122021,LARRY,HU,13.6,-35.0,70,2021-09-02 18:00:00,Hurricane (>64 knots)
224,AL122021,LARRY,HU,13.9,-36.7,75,2021-09-03 00:00:00,Hurricane (>64 knots)
224,AL122021,LARRY,HU,14.1,-38.4,80,2021-09-03 06:00:00,Hurricane (>64 knots)
224,AL122021,LARRY,HU,14.4,-40.0,80,2021-09-03 12:00:00,Hurricane (>64 knots)
224,AL122021,LARRY,HU,14.7,-41.4,90,2021-09-03 18:00:00,Hurricane (>64 knots)
224,AL122021,LARRY,HU,15.2,-42.7,100,2021-09-04 00:00:00,Hurricane (>64 knots)
224,AL122021,LARRY,HU,15.8,-44.0,110,2021-09-04 06:00:00,Hurricane (>64 knots)
224,AL122021,LARRY,HU,16.4,-45.3,110,2021-09-04 12:00:00,Hurricane (>64 knots)
224,AL122021,LARRY,HU,17.0,-46.5,105,2021-09-04 18:00:00,Hurricane (>64 knots)
224,AL122021,LARRY,HU,17.7,-47.5,105,2021-09-05 00:00:00,Hurricane (>64 knots)
224,AL122021,LARRY,HU,18.4,-48.5,105,2021-09-05 06:00:00,Hurricane (>64 knots)
224,AL122021,LARRY,HU,19.2,-49.4,110,2021-09-05 12:00:00,Hurricane (>64 knots)
224,AL122021,LARRY,HU,20.0,-50.3,110,2021-09-05 18:00:00,Hurricane (>64 knots)
224,AL122021,LARRY,HU,20.7,-51.2,110,2021-09-06 00:00:00,Hurricane (>64 knots)
224,AL122021,LARRY,HU,21.2,-52.0,105,2021-09-06 06:00:00,Hurricane (>64 knots)
224,AL122021,LARRY,HU,21.6,-52.7,105,2021-09-06 12:00:00,Hurricane (>64 knots)
224,AL122021,LARRY,HU,22.1,-53.5,105,2021-09-06 18:00:00,Hurricane (>64 knots)
224,AL122021,LARRY,HU,22.7,-54.2,105,2021-09-07 00:00:00,Hurricane (>64 knots)
224,AL122021,LARRY,HU,23.3,-54.8,100,2021-09-07 06:00:00,Hurricane (>64 knots)
224,AL122021,LARRY,HU,24.0,-55.4,95,2021-09-07 12:00:00,Hurricane (>64 knots)
224,AL122021,LARRY,HU,24.7,-56.0,95,2021-09-07 18:00:00,Hurricane (>64 knots)
224,AL122021,LARRY,HU,25.4,-56.5,95,2021-09-08 00:00:00,Hurricane (>64 knots)
224,AL122021,LARRY,HU,26.2,-57.1,95,2021-09-08 06:00:00,Hurricane (>64 knots)
224,AL122021,LARRY,HU,27.2,-57.9,90,2021-09-08 12:00:00,Hurricane (>64 knots)
224,AL122021,LARRY,HU,28.2,-58.9,90,2021-09-08 18:00:00,Hurricane (>64 knots)
224,AL122021,LARRY,HU,29.1,-59.9,85,2021-09-09 00:00:00,Hurricane (>64 knots)
224,AL122021,LARRY,HU,30.1,-60.8,80,2021-09-09 06:00:00,Hurricane (>64 knots)
224,AL122021,LARRY,HU,31.3,-61.5,80,2021-09-09 12:00:00,Hurricane (>64 knots)
224,AL122021,LARRY,HU,32.8,-62.1,80,2021-09-09 18:00:00,Hurricane (>64 knots)
224,AL122021,LARRY,HU,34.4,-62.3,80,2021-09-10 00:00:00,Hurricane (>64 knots)
224,AL122021,LARRY,HU,36.5,-62.2,75,2021-09-10 06:00:00,Hurricane (>64 knots)
224,AL122021,LARRY,HU,38.9,-61.1,70,2021-09-10 12:00:00,Hurricane (>64 knots)
224,AL122021,LARRY,HU,41.9,-59.5,70,2021-09-10 18:00:00,Hurricane (>64 knots)
224,AL122021,LARRY,HU,45.1,-56.6,70,2021-09-11 00:00:00,Hurricane (>64 knots)
224,AL122021,LARRY,HU,47.3,-54.6,70,2021-09-11 03:30:00,Hurricane (>64 knots)
224,AL122021,LARRY,HU,48.8,-53.3,65,2021-09-11 06:00:00,Hurricane (>64 knots)
224,AL122021,LARRY,EX,52.5,-49.7,60,2021-09-11 12:00:00,Extratropical Cyclone
224,AL122021,LARRY,EX,55.3,-46.8,55,2021-09-11 18:00:00,Extratropical Cyclone
224,AL132021,MINDY,TS,28.4,-86.8,35,2021-09-08 18:00:00,Tropical Storm (34-63 knots)
224,AL132021,MINDY,TS,29.5,-85.4,45,2021-09-09 00:00:00,Tropical Storm (34-63 knots)
224,AL132021,MINDY,TS,29.7,-85.1,50,2021-09-09 01:15:00,Tropical Storm (34-63 knots)
224,AL132021,MINDY,TS,30.5,-83.9,35,2021-09-09 06:00:00,Tropical Storm (34-63 knots)
224,AL142021,NICHOLAS,TS,21.0,-95.2,35,2021-09-12 12:00:00,Tropical Storm (34-63 knots)
225,AL022023,ARLENE,TS,27.3,-86.4,35,2023-06-02 06:00:00,Tropical Storm (34-63 knots)
225,AL022023,ARLENE,TS,27.0,-86.3,35,2023-06-02 12:00:00,Tropical Storm (34-63 knots)
225,AL022023,ARLENE,TS,26.7,-86.0,35,2023-06-02 18:00:00,Tropical Storm (34-63 knots)
225,AL022023,ARLENE,TS,25.9,-85.7,35,2023-06-03 00:00:00,Tropical Storm (34-63 knots)
226,AL172024,PATTY,EX,39.2,-41.0,55,2024-10-31 18:00:00,Extratropical Cyclone
226,AL172024,PATTY,EX,39.6,-40.0,55,2024-11-01 00:00:00,Extratropical Cyclone
226,AL172024,PATTY,EX,39.9,-38.9,50,2024-11-01 06:00:00,Extratropical Cyclone
226,AL172024,PATTY,EX,40.2,-37.7,50,2024-11-01 12:00:00,Extratropical Cyclone
226,AL172024,PATTY,SS,40.6,-36.5,45,2024-11-01 18:00:00,Subtropical Storm (>34 knots)
226,AL172024,PATTY,SS,40.6,-35.4,45,2024-11-02 00:00:00,Subtropical Storm (>34 knots)
226,AL172024,PATTY,SS,40.3,-34.6,50,2024-11-02 06:00:00,Subtropical Storm (>34 knots)
226,AL172024,PATTY,SS,39.4,-33.3,55,2024-11-02 12:00:00,Subtropical Storm (>34 knots)
226,AL172024,PATTY,SS,38.4,-31.6,55,2024-11-02 18:00:00,Subtropical Storm (>34 knots)
226,AL172024,PATTY,SS,37.9,-29.2,50,2024-11-03 00:00:00,Subtropical Storm (>34 knots)
226,AL172024,PATTY,SS,37.7,-27.0,45,2024-11-03 06:00:00,Subtropical Storm (>34 knots)
226,AL172024,PATTY,TS,37.5,-25.1,40,2024-11-03 12:00:00,Tropical Storm (34-63 knots)
226,AL172024,PATTY,TS,37.4,-23.3,40,2024-11-03 18:00:00,Tropical Storm (34-63 knots)
226,AL172024,PATTY,TS,37.6,-21.3,40,2024-11-04 00:00:00,Tropical Storm (34-63 knots)
226,AL172024,PATTY,TS,37.9,-19.2,35,2024-11-04 06:00:00,Tropical Storm (34-63 knots)
226,AL182024,RAFAEL,TS,15.1,-76.4,35,2024-11-04 18:00:00,Tropical Storm (34-63 knots)
226,AL182024,RAFAEL,TS,15.8,-76.9,40,2024-11-05 00:00:00,Tropical Storm (34-63 knots)
226,AL182024,RAFAEL,TS,16.6,-77.6,45,2024-11-05 06:00:00,Tropical Storm (34-63 knots)
226,AL182024,RAFAEL,TS,17.5,-78.3,50,2024-11-05 12:00:00,Tropical Storm (34-63 knots)
226,AL182024,RAFAEL,TS,18.5,-79.1,60,2024-11-05 18:00:00,Tropical Storm (34-63 knots)
226,AL182024,RAFAEL,HU,19.4,-80.0,70,2024-11-06 00:00:00,Hurricane (>64 knots)
226,AL182024,RAFAEL,HU,20.1,-80.9,80,2024-11-06 06:00:00,Hurricane (>64 knots)
226,AL182024,RAFAEL,HU,21.0,-81.6,90,2024-11-06 12:00:00,Hurricane (>64 knots)
226,AL182024,RAFAEL,HU,22.0,-82.3,100,2024-11-06 18:00:00,Hurricane (>64 knots)
226,AL182024,RAFAEL,HU,22.7,-82.7,100,2024-11-06 21:15:00,Hurricane (>64 knots)
226,AL182024,RAFAEL,HU,23.1,-83.2,95,2024-11-07 00:00:00,Hurricane (>64 knots)
226,AL182024,RAFAEL,HU,23.8,-84.1,90,2024-11-07 06:00:00,Hurricane (>64 knots)
226,AL182024,RAFAEL,HU,24.3,-84.9,90,2024-11-07 12:00:00,Hurricane (>64 knots)
226,AL182024,RAFAEL,HU,24.6,-85.7,90,2024-11-07 18:00:00,Hurricane (>64 knots)
226,AL182024,RAFAEL,HU,24.6,-86.6,90,2024-11-08 00:00:00,Hurricane (>64 knots)
226,AL182024,RAFAEL,HU,24.4,-87.6,105,2024-11-08 06:00:00,Hurricane (>64 knots)
226,AL182024,RAFAEL,HU,24.4,-88.4,95,2024-11-08 12:00:00,Hurricane (>64 knots)
226,AL182024,RAFAEL,HU,24.6,-89.1,80,2024-11-08 18:00:00,Hurricane (>64 knots)
226,AL182024,RAFAEL,HU,24.7,-89.7,65,2024-11-09 00:00:00,Hurricane (>64 knots)
226,AL182024,RAFAEL,TS,24.8,-90.5,55,2024-11-09 06:00:00,Tropical Storm (34-63 knots)
226,AL182024,RAFAEL,TS,25.0,-91.2,50,2024-11-09 12:00:00,Tropical Storm (34-63 knots)
226,AL182024,RAFAEL,TS,25.3,-91.5,45,2024-11-09 18:00:00,Tropical Storm (34-63 knots)
226,AL182024,RAFAEL,TS,25.6,-91.7,40,2024-11-10 00:00:00,Tropical Storm (34-63 knots)
226,AL182024,RAFAEL,TS,25.9,-91.9,35,2024-11-10 06:00:00,Tropical Storm (34-63 knots)
226,AL182024,RAFAEL,LO,26.1,-91.9,35,2024-11-10 12:00:00,Low (not tropical/subtropical/extratropical)
226,AL192024,SARA,TS,15.8,-82.2,35,2024-11-14 12:00:00,Tropical Storm (34-63 knots)
226,AL192024,SARA,TS,15.8,-83.1,35,2024-11-14 18:00:00,Tropical Storm (34-63 knots)
226,AL192024,SARA,TS,15.7,-84.0,40,2024-11-15 00:00:00,Tropical Storm (34-63 knots)
226,AL192024,SARA,TS,15.8,-84.3,40,2024-11-15 01:20:00,Tropical Storm (34-63 knots)
226,AL192024,SARA,TS,16.0,-85.0,40,2024-11-15 06:00:00,Tropical Storm (34-63 knots)
226,AL192024,SARA,TS,16.1,-85.6,45,2024-11-15 12:00:00,Tropical Storm (34-63 knots)
226,AL192024,SARA,TS,16.1,-86.1,45,2024-11-15 18:00:00,Tropical Storm (34-63 knots)
226,AL192024,SARA,TS,16.1,-86.1,45,2024-11-16 00:00:00,Tropical Storm (34-63 knots)
226,AL192024,SARA,TS,16.2,-86.2,40,2024-11-16 06:00:00,Tropical Storm (34-63 knots)
226,AL192024,SARA,TS,16.2,-86.4,40,2024-11-16 12:00:00,Tropical Storm (34-63 knots)
226,AL192024,SARA,TS,16.3,-86.8,35,2024-11-16 18:00:00,Tropical Storm (34-63 knots)
226,AL192024,SARA,TS,16.4,-87.1,35,2024-11-17 00:00:00,Tropical Storm (34-63 knots)
226,AL192024,SARA,TS,16.5,-87.5,35,2024-11-17 06:00:00,Tropical Storm (34-63 knots)
226,AL192024,SARA,TS,16.8,-87.9,35,2024-11-17 12:00:00,Tropical Storm (34-63 knots)
226,AL192024,SARA,TS,17.0,-88.3,35,2024-11-17 14:00:00,Tropical Storm (34-63 knots)
228,AL172023,PHILIPPE,TS,28.7,-65.5,45,2023-10-06 06:00:00,Tropical Storm (34-63 knots)
228,AL192023,SEAN,TS,9.8,-31.4,35,2023-10-11 00:00:00,Tropical Storm (34-63 knots)
228,AL192023,SEAN,TS,10.1,-32.6,35,2023-10-11 06:00:00,Tropical Storm (34-63 knots)
228,AL192023,SEAN,TS,10.7,-33.7,35,2023-10-11 12:00:00,Tropical Storm (34-63 knots)
228,AL192023,SEAN,TS,12.8,-37.1,35,2023-10-12 12:00:00,Tropical Storm (34-63 knots)
228,AL192023,SEAN,TS,13.3,-37.8,40,2023-10-12 18:00:00,Tropical Storm (34-63 knots)
228,AL192023,SEAN,TS,13.7,-39.0,40,2023-10-13 00:00:00,Tropical Storm (34-63 knots)
228,AL192023,SEAN,TS,14.0,-40.1,40,2023-10-13 06:00:00,Tropical Storm (34-63 knots)
228,AL192023,SEAN,TS,14.3,-41.2,35,2023-10-13 12:00:00,Tropical Storm (34-63 knots)
228,AL192023,SEAN,TS,14.6,-42.2,35,2023-10-13 18:00:00,Tropical Storm (34-63 knots)
228,AL192023,SEAN,TS,14.9,-42.7,35,2023-10-14 00:00:00,Tropical Storm (34-63 knots)
228,AL202023,TAMMY,TS,12.9,-51.0,35,2023-10-18 18:00:00,Tropical Storm (34-63 knots)
228,AL202023,TAMMY,TS,13.0,-52.5,35,2023-10-19 00:00:00,Tropical Storm (34-63 knots)
228,AL202023,TAMMY,TS,13.2,-54.0,45,2023-10-19 06:00:00,Tropical Storm (34-63 knots)
228,AL202023,TAMMY,TS,13.4,-55.3,50,2023-10-19 12:00:00,Tropical Storm (34-63 knots)
228,AL202023,TAMMY,TS,13.5,-56.4,50,2023-10-19 18:00:00,Tropical Storm (34-63 knots)
228,AL202023,TAMMY,TS,13.6,-57.2,50,2023-10-20 00:00:00,Tropical Storm (34-63 knots)
228,AL202023,TAMMY,TS,13.7,-57.9,50,2023-10-20 06:00:00,Tropical Storm (34-63 knots)
228,AL202023,TAMMY,TS,13.9,-58.4,60,2023-10-20 12:00:00,Tropical Storm (34-63 knots)
228,AL202023,TAMMY,HU,14.1,-58.9,65,2023-10-20 18:00:00,Hurricane (>64 knots)
228,AL202023,TAMMY,HU,14.5,-59.6,70,2023-10-21 00:00:00,Hurricane (>64 knots)
228,AL202023,TAMMY,HU,14.9,-60.3,70,2023-10-21 06:00:00,Hurricane (>64 knots)
228,AL202023,TAMMY,HU,15.6,-60.6,75,2023-10-21 12:00:00,Hurricane (>64 knots)
228,AL202023,TAMMY,HU,16.6,-61.0,75,2023-10-21 18:00:00,Hurricane (>64 knots)
228,AL202023,TAMMY,HU,17.5,-61.7,80,2023-10-22 00:00:00,Hurricane (>64 knots)
228,AL202023,TAMMY,HU,17.6,-61.8,80,2023-10-22 01:15:00,Hurricane (>64 knots)
228,AL202023,TAMMY,HU,18.0,-62.2,75,2023-10-22 06:00:00,Hurricane (>64 knots)
228,AL202023,TAMMY,HU,18.7,-62.8,75,2023-10-22 12:00:00,Hurricane (>64 knots)
228,AL202023,TAMMY,HU,19.4,-63.4,75,2023-10-22 18:00:00,Hurricane (>64 knots)
228,AL202023,TAMMY,HU,20.2,-63.9,75,2023-10-23 00:00:00,Hurricane (>64 knots)
228,AL202023,TAMMY,HU,21.0,-64.0,70,2023-10-23 06:00:00,Hurricane (>64 knots)
228,AL202023,TAMMY,HU,21.6,-64.0,70,2023-10-23 12:00:00,Hurricane (>64 knots)
228,AL202023,TAMMY,HU,22.1,-63.8,65,2023-10-23 18:00:00,Hurricane (>64 knots)
228,AL202023,TAMMY,HU,22.6,-63.5,65,2023-10-24 00:00:00,Hurricane (>64 knots)
228,AL202023,TAMMY,HU,23.1,-63.1,65,2023-10-24 06:00:00,Hurricane (>64 knots)
230,AL042024,DEBBY,TS,23.1,-82.6,35,2024-08-03 18:00:00,Tropical Storm (34-63 knots)
230,AL042024,DEBBY,TS,23.9,-83.2,35,2024-08-04 00:00:00,Tropical Storm (34-63 knots)
230,AL042024,DEBBY,TS,25.0,-83.8,40,2024-08-04 06:00:00,Tropical Storm (34-63 knots)
230,AL042024,DEBBY,TS,26.2,-84.3,50,2024-08-04 12:00:00,Tropical Storm (34-63 knots)
230,AL042024,DEBBY,TS,27.3,-84.3,60,2024-08-04 18:00:00,Tropical Storm (34-63 knots)
230,AL042024,DEBBY,HU,28.3,-84.1,70,2024-08-05 00:00:00,Hurricane (>64 knots)
230,AL042024,DEBBY,HU,29.1,-83.9,70,2024-08-05 06:00:00,Hurricane (>64 knots)
230,AL042024,DEBBY,HU,29.7,-83.5,70,2024-08-05 11:00:00,Hurricane (>64 knots)
230,AL042024,DEBBY,HU,29.9,-83.4,65,2024-08-05 12:00:00,Hurricane (>64 knots)
230,AL042024,DEBBY,TS,30.4,-83.0,50,2024-08-05 18:00:00,Tropical Storm (34-63 knots)
230,AL042024,DEBBY,TS,30.8,-82.3,45,2024-08-06 00:00:00,Tropical Storm (34-63 knots)
230,AL042024,DEBBY,TS,31.3,-81.8,45,2024-08-06 06:00:00,Tropical Storm (34-63 knots)
230,AL042024,DEBBY,TS,31.8,-81.4,40,2024-08-06 12:00:00,Tropical Storm (34-63 knots)
230,AL042024,DEBBY,TS,32.0,-81.1,40,2024-08-06 18:00:00,Tropical Storm (34-63 knots)
230,AL042024,DEBBY,SS,31.9,-80.4,40,2024-08-07 00:00:00,Subtropical Storm (>34 knots)
230,AL042024,DEBBY,SS,31.8,-79.7,45,2024-08-07 06:00:00,Subtropical Storm (>34 knots)
230,AL042024,DEBBY,SS,32.2,-79.3,50,2024-08-07 12:00:00,Subtropical Storm (>34 knots)
230,AL042024,DEBBY,SS,32.5,-79.2,50,2024-08-07 18:00:00,Subtropical Storm (>34 knots)
230,AL042024,DEBBY,SS,32.7,-79.4,45,2024-08-08 00:00:00,Subtropical Storm (>34 knots)
230,AL042024,DEBBY,SS,33.0,-79.6,40,2024-08-08 06:00:00,Subtropical Storm (>34 knots)
230,AL042024,DEBBY,SS,33.7,-80.0,40,2024-08-08 12:00:00,Subtropical Storm (>34 knots)
230,AL042024,DEBBY,SS,34.6,-80.3,40,2024-08-08 18:00:00,Subtropical Storm (>34 knots)
231,AL062024,FRANCINE,LO,21.4,-94.5,45,2024-09-08 18:00:00,Low (not tropical/subtropical/extratropical)
231,AL062024,FRANCINE,LO,22.0,-94.8,45,2024-09-09 00:00:00,Low (not tropical/subtropical/extratropical)
231,AL062024,FRANCINE,LO,22.7,-95.1,45,2024-09-09 06:00:00,Low (not tropical/subtropical/extratropical)
231,AL062024,FRANCINE,TS,23.2,-95.5,45,2024-09-09 12:00:00,Tropical Storm (34-63 knots)
231,AL062024,FRANCINE,TS,23.7,-95.9,50,2024-09-09 18:00:00,Tropical Storm (34-63 knots)
231,AL062024,FRANCINE,TS,23.9,-96.1,55,2024-09-10 00:00:00,Tropical Storm (34-63 knots)
231,AL062024,FRANCINE,TS,24.1,-96.2,55,2024-09-10 06:00:00,Tropical Storm (34-63 knots)
231,AL062024,FRANCINE,TS,24.5,-95.8,55,2024-09-10 12:00:00,Tropical Storm (34-63 knots)
231,AL062024,FRANCINE,TS,25.3,-95.3,55,2024-09-10 18:00:00,Tropical Storm (34-63 knots)
231,AL062024,FRANCINE,HU,26.0,-94.7,65,2024-09-11 00:00:00,Hurricane (>64 knots)
231,AL062024,FRANCINE,HU,26.6,-94.1,80,2024-09-11 06:00:00,Hurricane (>64 knots)
231,AL062024,FRANCINE,HU,27.5,-93.2,80,2024-09-11 12:00:00,Hurricane (>64 knots)
231,AL062024,FRANCINE,HU,28.6,-92.1,85,2024-09-11 18:00:00,Hurricane (>64 knots)
231,AL062024,FRANCINE,HU,29.3,-91.3,90,2024-09-11 22:00:00,Hurricane (>64 knots)
231,AL062024,FRANCINE,HU,29.6,-90.9,70,2024-09-12 00:00:00,Hurricane (>64 knots)
231,AL062024,FRANCINE,TS,30.5,-90.3,45,2024-09-12 06:00:00,Tropical Storm (34-63 knots)
231,AL072024,GORDON,TS,19.3,-38.3,35,2024-09-13 12:00:00,Tropical Storm (34-63 knots)
231,AL072024,GORDON,TS,19.7,-39.1,35,2024-09-13 18:00:00,Tropical Storm (34-63 knots)
231,AL072024,GORDON,TS,19.9,-39.8,40,2024-09-14 00:00:00,Tropical Storm (34-63 knots)
231,AL072024,GORDON,TS,20.0,-40.5,40,2024-09-14 06:00:00,Tropical Storm (34-63 knots)
231,AL072024,GORDON,TS,20.1,-41.3,40,2024-09-14 12:00:00,Tropical Storm (34-63 knots)
231,AL072024,GORDON,TS,20.3,-42.4,40,2024-09-14 18:00:00,Tropical Storm (34-63 knots)
231,AL072024,GORDON,TS,19.8,-43.6,35,2024-09-15 00:00:00,Tropical Storm (34-63 knots)
231,AL072024,GORDON,TS,19.5,-44.4,35,2024-09-15 06:00:00,Tropical Storm (34-63 knots)
231,AL072024,GORDON,TS,19.3,-45.1,35,2024-09-15 12:00:00,Tropical Storm (34-63 knots)
232,AL122024,KIRK,HU,30.6,-49.9,100,2024-10-06 00:00:00,Hurricane (>64 knots)
232,AL122024,KIRK,HU,32.6,-49.5,95,2024-10-06 06:00:00,Hurricane (>64 knots)
232,AL122024,KIRK,HU,34.5,-48.6,85,2024-10-06 12:00:00,Hurricane (>64 knots)
232,AL122024,KIRK,HU,36.4,-47.2,80,2024-10-06 18:00:00,Hurricane (>64 knots)
232,AL122024,KIRK,HU,37.9,-45.0,70,2024-10-07 00:00:00,Hurricane (>64 knots)
232,AL122024,KIRK,HU,39.5,-42.4,65,2024-10-07 06:00:00,Hurricane (>64 knots)
232,AL122024,KIRK,EX,41.2,-39.9,65,2024-10-07 12:00:00,Extratropical Cyclone
232,AL122024,KIRK,EX,42.7,-36.6,60,2024-10-07 18:00:00,Extratropical Cyclone
232,AL122024,KIRK,EX,43.3,-33.3,55,2024-10-08 00:00:00,Extratropical Cyclone
232,AL122024,KIRK,EX,43.5,-29.6,55,2024-10-08 06:00:00,Extratropical Cyclone
232,AL122024,KIRK,EX,43.5,-25.4,55,2024-10-08 12:00:00,Extratropical Cyclone
232,AL122024,KIRK,EX,42.9,-20.9,55,2024-10-08 18:00:00,Extratropical Cyclone
232,AL122024,KIRK,EX,43.0,-15.5,50,2024-10-09 00:00:00,Extratropical Cyclone
232,AL122024,KIRK,EX,43.5,-9.5,50,2024-10-09 06:00:00,Extratropical Cyclone
232,AL122024,KIRK,EX,45.5,-4.0,45,2024-10-09 12:00:00,Extratropical Cyclone
232,AL122024,KIRK,EX,48.0,2.0,40,2024-10-09 18:00:00,Extratropical Cyclone
232,AL132024,LESLIE,HU,11.8,-36.4,75,2024-10-06 00:00:00,Hurricane (>64 knots)
232,AL132024,LESLIE,HU,12.4,-36.9,80,2024-10-06 06:00:00,Hurricane (>64 knots)
232,AL132024,LESLIE,HU,13.0,-37.6,80,2024-10-06 12:00:00,Hurricane (>64 knots)
232,AL132024,LESLIE,HU,13.7,-38.2,80,2024-10-06 18:00:00,Hurricane (>64 knots)
232,AL132024,LESLIE,HU,14.5,-39.1,80,2024-10-07 00:00:00,Hurricane (>64 knots)
232,AL132024,LESLIE,HU,15.2,-40.0,75,2024-10-07 06:00:00,Hurricane (>64 knots)
232,AL132024,LESLIE,HU,16.0,-40.9,70,2024-10-07 12:00:00,Hurricane (>64 knots)
232,AL132024,LESLIE,HU,16.8,-41.9,65,2024-10-07 18:00:00,Hurricane (>64 knots)
232,AL132024,LESLIE,TS,17.6,-43.0,60,2024-10-08 00:00:00,Tropical Storm (34-63 knots)
232,AL132024,LESLIE,TS,18.3,-44.0,60,2024-10-08 06:00:00,Tropical Storm (34-63 knots)
232,AL132024,LESLIE,TS,19.0,-45.1,60,2024-10-08 12:00:00,Tropical Storm (34-63 knots)
232,AL132024,LESLIE,HU,19.7,-46.1,65,2024-10-08 18:00:00,Hurricane (>64 knots)
232,AL132024,LESLIE,HU,20.3,-46.8,70,2024-10-09 00:00:00,Hurricane (>64 knots)
232,AL132024,LESLIE,HU,20.9,-47.5,75,2024-10-09 06:00:00,Hurricane (>64 knots)
232,AL132024,LESLIE,HU,21.4,-48.2,80,2024-10-09 12:00:00,Hurricane (>64 knots)
232,AL132024,LESLIE,HU,21.9,-48.6,85,2024-10-09 18:00:00,Hurricane (>64 knots)
232,AL132024,LESLIE,HU,22.3,-49.0,90,2024-10-10 00:00:00,Hurricane (>64 knots)
232,AL132024,LESLIE,HU,22.6,-49.7,85,2024-10-10 06:00:00,Hurricane (>64 knots)
232,AL132024,LESLIE,HU,22.9,-50.2,75,2024-10-10 12:00:00,Hurricane (>64 knots)
232,AL132024,LESLIE,HU,23.5,-50.8,65,2024-10-10 18:00:00,Hurricane (>64 knots)
232,AL132024,LESLIE,TS,24.1,-51.1,55,2024-10-11 00:00:00,Tropical Storm (34-63 knots)
232,AL132024,LESLIE,TS,24.9,-51.1,50,2024-10-11 06:00:00,Tropical Storm (34-63 knots)
232,AL132024,LESLIE,TS,25.8,-50.8,45,2024-10-11 12:00:00,Tropical Storm (34-63 knots)
232,AL132024,LESLIE,TS,27.0,-50.0,45,2024-10-11 18:00:00,Tropical Storm (34-63 knots)
232,AL132024,LESLIE,TS,28.4,-48.8,45,2024-10-12 00:00:00,Tropical Storm (34-63 knots)
232,AL132024,LESLIE,TS,30.4,-47.1,45,2024-10-12 06:00:00,Tropical Storm (34-63 knots)
232,AL142024,MILTON,TS,22.7,-95.5,35,2024-10-06 00:00:00,Tropical Storm (34-63 knots)
232,AL142024,MILTON,TS,22.6,-95.2,45,2024-10-06 06:00:00,Tropical Storm (34-63 knots)
232,AL142024,MILTON,TS,22.5,-94.8,55,2024-10-06 12:00:00,Tropical Storm (34-63 knots)
232,AL142024,MILTON,HU,22.5,-94.1,70,2024-10-06 18:00:00,Hurricane (>64 knots)
232,AL142024,MILTON,HU,22.5,-93.4,75,2024-10-07 00:00:00,Hurricane (>64 knots)
232,AL142024,MILTON,HU,22.1,-92.9,90,2024-10-07 06:00:00,Hurricane (>64 knots)
232,AL142024,MILTON,HU,21.8,-92.2,120,2024-10-07 12:00:00,Hurricane (>64 knots)
232,AL142024,MILTON,HU,21.7,-91.3,150,2024-10-07 18:00:00,Hurricane (>64 knots)
232,AL142024,MILTON,HU,21.8,-90.9,155,2024-10-07 20:00:00,Hurricane (>64 knots)
232,AL142024,MILTON,HU,21.8,-90.4,145,2024-10-08 00:00:00,Hurricane (>64 knots)
232,AL142024,MILTON,HU,21.9,-89.5,125,2024-10-08 06:00:00,Hurricane (>64 knots)
232,AL142024,MILTON,HU,22.5,-88.8,125,2024-10-08 12:00:00,Hurricane (>64 knots)
232,AL142024,MILTON,HU,22.5,-88.0,140,2024-10-08 18:00:00,Hurricane (>64 knots)
232,AL142024,MILTON,HU,22.8,-87.2,145,2024-10-08 22:05:00,Hurricane (>64 knots)
232,AL142024,MILTON,HU,23.0,-86.9,140,2024-10-09 00:00:00,Hurricane (>64 knots)
232,AL142024,MILTON,HU,23.3,-86.6,135,2024-10-09 02:05:00,Hurricane (>64 knots)
232,AL142024,MILTON,HU,23.8,-85.9,140,2024-10-09 06:00:00,Hurricane (>64 knots)
232,AL142024,MILTON,HU,24.3,-85.4,140,2024-10-09 08:25:00,Hurricane (>64 knots)
232,AL142024,MILTON,HU,25.0,-84.8,135,2024-10-09 12:00:00,Hurricane (>64 knots)
232,AL142024,MILTON,HU,26.3,-84.0,115,2024-10-09 18:00:00,Hurricane (>64 knots)
232,AL142024,MILTON,HU,27.3,-82.7,105,2024-10-10 00:00:00,Hurricane (>64 knots)
232,AL142024,MILTON,HU,27.4,-82.6,100,2024-10-10 00:30:00,Hurricane (>64 knots)
232,AL142024,MILTON,HU,28.1,-81.3,70,2024-10-10 06:00:00,Hurricane (>64 knots)
232,AL142024,MILTON,HU,29.0,-79.5,65,2024-10-10 12:00:00,Hurricane (>64 knots)
232,AL142024,MILTON,EX,29.5,-77.5,60,2024-10-10 18:00:00,Extratropical Cyclone
232,AL142024,MILTON,EX,29.5,-75.0,60,2024-10-11 00:00:00,Extratropical Cyclone
232,AL142024,MILTON,EX,29.5,-72.4,55,2024-10-11 06:00:00,Extratropical Cyclone
232,AL142024,MILTON,EX,29.5,-69.3,55,2024-10-11 12:00:00,Extratropical Cyclone
232,AL142024,MILTON,EX,29.3,-65.9,50,2024-10-11 18:00:00,Extratropical Cyclone
232,AL152024,NADINE,TS,17.3,-85.5,35,2024-10-19 00:00:00,Tropical Storm (34-63 knots)
232,AL152024,NADINE,TS,17.4,-86.4,40,2024-10-19 06:00:00,Tropical Storm (34-63 knots)
232,AL152024,NADINE,TS,17.4,-87.5,45,2024-10-19 12:00:00,Tropical Storm (34-63 knots)
232,AL152024,NADINE,TS,17.5,-88.2,50,2024-10-19 16:00:00,Tropical Storm (34-63 knots)
232,AL152024,NADINE,TS,17.5,-88.7,45,2024-10-19 18:00:00,Tropical Storm (34-63 knots)
232,AL162024,OSCAR,TS,21.0,-66.5,35,2024-10-19 00:00:00,Tropical Storm (34-63 knots)
232,AL162024,OSCAR,TS,21.2,-68.2,45,2024-10-19 06:00:00,Tropical Storm (34-63 knots)
232,AL162024,OSCAR,TS,21.3,-69.8,55,2024-10-19 12:00:00,Tropical Storm (34-63 knots)
232,AL162024,OSCAR,HU,21.4,-70.6,70,2024-10-19 18:00:00,Hurricane (>64 knots)
232,AL162024,OSCAR,HU,21.5,-71.1,75,2024-10-19 20:15:00,Hurricane (>64 knots)
232,AL162024,OSCAR,HU,21.5,-71.7,75,2024-10-20 00:00:00,Hurricane (>64 knots)
232,AL162024,OSCAR,HU,21.1,-72.7,70,2024-10-20 06:00:00,Hurricane (>64 knots)
232,AL162024,OSCAR,HU,20.8,-73.6,70,2024-10-20 12:00:00,Hurricane (>64 knots)
232,AL162024,OSCAR,HU,20.5,-74.0,75,2024-10-20 18:00:00,Hurricane (>64 knots)
232,AL162024,OSCAR,HU,20.3,-74.4,75,2024-10-20 22:00:00,Hurricane (>64 knots)
232,AL162024,OSCAR,HU,20.2,-74.5,65,2024-10-21 00:00:00,Hurricane (>64 knots)
232,AL162024,OSCAR,TS,20.1,-75.0,50,2024-10-21 06:00:00,Tropical Storm (34-63 knots)
232,AL162024,OSCAR,TS,20.3,-75.4,40,2024-10-21 12:00:00,Tropical Storm (34-63 knots)
232,AL162024,OSCAR,TS,20.7,-75.9,35,2024-10-21 18:00:00,Tropical Storm (34-63 knots)
232,AL162024,OSCAR,TS,21.5,-75.6,35,2024-10-22 00:00:00,Tropical Storm (34-63 knots)
232,AL162024,OSCAR,TS,22.2,-75.1,35,2024-10-22 06:00:00,Tropical Storm (34-63 knots)
232,AL162024,OSCAR,TS,22.7,-74.6,35,2024-10-22 12:00:00,Tropical Storm (34-63 knots)
235,AL172024,PATTY,EX,39.2,-41.0,55,2024-10-31 18:00:00,Extratropical Cyclone
235,AL172024,PATTY,EX,39.6,-40.0,55,2024-11-01 00:00:00,Extratropical Cyclone
235,AL172024,PATTY,EX,39.9,-38.9,50,2024-11-01 06:00:00,Extratropical Cyclone
235,AL172024,PATTY,EX,40.2,-37.7,50,2024-11-01 12:00:00,Extratropical Cyclone
235,AL172024,PATTY,SS,40.6,-36.5,45,2024-11-01 18:00:00,Subtropical Storm (>34 knots)
235,AL172024,PATTY,SS,40.6,-35.4,45,2024-11-02 00:00:00,Subtropical Storm (>34 knots)
235,AL172024,PATTY,SS,40.3,-34.6,50,2024-11-02 06:00:00,Subtropical Storm (>34 knots)
235,AL172024,PATTY,SS,39.4,-33.3,55,2024-11-02 12:00:00,Subtropical Storm (>34 knots)
235,AL172024,PATTY,SS,38.4,-31.6,55,2024-11-02 18:00:00,Subtropical Storm (>34 knots)
235,AL172024,PATTY,SS,37.9,-29.2,50,2024-11-03 00:00:00,Subtropical Storm (>34 knots)
235,AL172024,PATTY,SS,37.7,-27.0,45,2024-11-03 06:00:00,Subtropical Storm (>34 knots)
235,AL172024,PATTY,TS,37.5,-25.1,40,2024-11-03 12:00:00,Tropical Storm (34-63 knots)
235,AL172024,PATTY,TS,37.4,-23.3,40,2024-11-03 18:00:00,Tropical Storm (34-63 knots)
235,AL172024,PATTY,TS,37.6,-21.3,40,2024-11-04 00:00:00,Tropical Storm (34-63 knots)
235,AL172024,PATTY,TS,37.9,-19.2,35,2024-11-04 06:00:00,Tropical Storm (34-63 knots)
235,AL182024,RAFAEL,TS,15.1,-76.4,35,2024-11-04 18:00:00,Tropical Storm (34-63 knots)
235,AL182024,RAFAEL,TS,15.8,-76.9,40,2024-11-05 00:00:00,Tropical Storm (34-63 knots)
235,AL182024,RAFAEL,TS,16.6,-77.6,45,2024-11-05 06:00:00,Tropical Storm (34-63 knots)
235,AL182024,RAFAEL,TS,17.5,-78.3,50,2024-11-05 12:00:00,Tropical Storm (34-63 knots)
235,AL182024,RAFAEL,TS,18.5,-79.1,60,2024-11-05 18:00:00,Tropical Storm (34-63 knots)
235,AL182024,RAFAEL,HU,19.4,-80.0,70,2024-11-06 00:00:00,Hurricane (>64 knots)
235,AL182024,RAFAEL,HU,20.1,-80.9,80,2024-11-06 06:00:00,Hurricane (>64 knots)
235,AL182024,RAFAEL,HU,21.0,-81.6,90,2024-11-06 12:00:00,Hurricane (>64 knots)
235,AL182024,RAFAEL,HU,22.0,-82.3,100,2024-11-06 18:00:00,Hurricane (>64 knots)
235,AL182024,RAFAEL,HU,22.7,-82.7,100,2024-11-06 21:15:00,Hurricane (>64 knots)
235,AL182024,RAFAEL,HU,23.1,-83.2,95,2024-11-07 00:00:00,Hurricane (>64 knots)
235,AL182024,RAFAEL,HU,23.8,-84.1,90,2024-11-07 06:00:00,Hurricane (>64 knots)
235,AL182024,RAFAEL,HU,24.3,-84.9,90,2024-11-07 12:00:00,Hurricane (>64 knots)
235,AL182024,RAFAEL,HU,24.6,-85.7,90,2024-11-07 18:00:00,Hurricane (>64 knots)
235,AL182024,RAFAEL,HU,24.6,-86.6,90,2024-11-08 00:00:00,Hurricane (>64 knots)
235,AL182024,RAFAEL,HU,24.4,-87.6,105,2024-11-08 06:00:00,Hurricane (>64 knots)
235,AL182024,RAFAEL,HU,24.4,-88.4,95,2024-11-08 12:00:00,Hurricane (>64 knots)
235,AL182024,RAFAEL,HU,24.6,-89.1,80,2024-11-08 18:00:00,Hurricane (>64 knots)
235,AL182024,RAFAEL,HU,24.7,-89.7,65,2024-11-09 00:00:00,Hurricane (>64 knots)
235,AL182024,RAFAEL,TS,24.8,-90.5,55,2024-11-09 06:00:00,Tropical Storm (34-63 knots)
235,AL182024,RAFAEL,TS,25.0,-91.2,50,2024-11-09 12:00:00,Tropical Storm (34-63 knots)
235,AL182024,RAFAEL,TS,25.3,-91.5,45,2024-11-09 18:00:00,Tropical Storm (34-63 knots)
235,AL182024,RAFAEL,TS,25.6,-91.7,40,2024-11-10 00:00:00,Tropical Storm (34-63 knots)
235,AL182024,RAFAEL,TS,25.9,-91.9,35,2024-11-10 06:00:00,Tropical Storm (34-63 knots)
235,AL182024,RAFAEL,LO,26.1,-91.9,35,2024-11-10 12:00:00,Low (not tropical/subtropical/extratropical)
235,AL192024,SARA,TS,15.8,-82.2,35,2024-11-14 12:00:00,Tropical Storm (34-63 knots)
235,AL192024,SARA,TS,15.8,-83.1,35,2024-11-14 18:00:00,Tropical Storm (34-63 knots)
235,AL192024,SARA,TS,15.7,-84.0,40,2024-11-15 00:00:00,Tropical Storm (34-63 knots)
235,AL192024,SARA,TS,15.8,-84.3,40,2024-11-15 01:20:00,Tropical Storm (34-63 knots)
235,AL192024,SARA,TS,16.0,-85.0,40,2024-11-15 06:00:00,Tropical Storm (34-63 knots)
235,AL192024,SARA,TS,16.1,-85.6,45,2024-11-15 12:00:00,Tropical Storm (34-63 knots)
235,AL192024,SARA,TS,16.1,-86.1,45,2024-11-15 18:00:00,Tropical Storm (34-63 knots)
235,AL192024,SARA,TS,16.1,-86.1,45,2024-11-16 00:00:00,Tropical Storm (34-63 knots)
235,AL192024,SARA,TS,16.2,-86.2,40,2024-11-16 06:00:00,Tropical Storm (34-63 knots)
235,AL192024,SARA,TS,16.2,-86.4,40,2024-11-16 12:00:00,Tropical Storm (34-63 knots)
235,AL192024,SARA,TS,16.3,-86.8,35,2024-11-16 18:00:00,Tropical Storm (34-63 knots)
235,AL192024,SARA,TS,16.4,-87.1,35,2024-11-17 00:00:00,Tropical Storm (34-63 knots)
235,AL192024,SARA,TS,16.5,-87.5,35,2024-11-17 06:00:00,Tropical Storm (34-63 knots)
235,AL192024,SARA,TS,16.8,-87.9,35,2024-11-17 12:00:00,Tropical Storm (34-63 knots)
235,AL192024,SARA,TS,17.0,-88.3,35,2024-11-17 14:00:00,Tropical Storm (34-63 knots)
237,AL092024,HELENE,DB,17.8,-81.9,35,2024-09-23 18:00:00,Disturbance
237,AL092024,HELENE,DB,18.2,-82.2,35,2024-09-24 00:00:00,Disturbance
237,AL092024,HELENE,DB,18.6,-82.8,35,2024-09-24 06:00:00,Disturbance
237,AL092024,HELENE,TS,19.2,-83.7,40,2024-09-24 12:00:00,Tropical Storm (34-63 knots)
237,AL092024,HELENE,TS,19.4,-84.6,45,2024-09-24 18:00:00,Tropical Storm (34-63 knots)
237,AL092024,HELENE,TS,19.7,-85.2,50,2024-09-25 00:00:00,Tropical Storm (34-63 knots)
237,AL092024,HELENE,TS,20.3,-85.9,55,2024-09-25 06:00:00,Tropical Storm (34-63 knots)
237,AL092024,HELENE,HU,21.1,-86.2,65,2024-09-25 12:00:00,Hurricane (>64 knots)
237,AL092024,HELENE,HU,22.0,-86.5,70,2024-09-25 18:00:00,Hurricane (>64 knots)
237,AL092024,HELENE,HU,22.8,-86.7,70,2024-09-26 00:00:00,Hurricane (>64 knots)
237,AL092024,HELENE,HU,23.6,-86.5,75,2024-09-26 06:00:00,Hurricane (>64 knots)
237,AL092024,HELENE,HU,24.7,-85.8,85,2024-09-26 12:00:00,Hurricane (>64 knots)
237,AL092024,HELENE,HU,26.6,-85.0,105,2024-09-26 18:00:00,Hurricane (>64 knots)
237,AL092024,HELENE,HU,28.7,-84.3,120,2024-09-27 00:00:00,Hurricane (>64 knots)
237,AL092024,HELENE,HU,30.0,-83.7,120,2024-09-27 03:10:00,Hurricane (>64 knots)
237,AL092024,HELENE,HU,30.8,-83.5,95,2024-09-27 05:00:00,Hurricane (>64 knots)
237,AL092024,HELENE,HU,31.3,-83.3,80,2024-09-27 06:00:00,Hurricane (>64 knots)
237,AL092024,HELENE,TS,32.9,-83.1,60,2024-09-27 09:00:00,Tropical Storm (34-63 knots)
237,AL092024,HELENE,TS,34.4,-83.2,45,2024-09-27 12:00:00,Tropical Storm (34-63 knots)
237,AL092024,HELENE,LO,36.8,-84.9,40,2024-09-27 18:00:00,Low (not tropical/subtropical/extratropical)
237,AL092024,HELENE,LO,38.1,-86.6,40,2024-09-28 00:00:00,Low (not tropical/subtropical/extratropical)
237,AL102024,ISAAC,EX,38.7,-58.4,40,2024-09-24 12:00:00,Extratropical Cyclone
237,AL102024,ISAAC,EX,38.6,-58.6,40,2024-09-24 18:00:00,Extratropical Cyclone
237,AL102024,ISAAC,EX,38.1,-58.8,45,2024-09-25 00:00:00,Extratropical Cyclone
237,AL102024,ISAAC,EX,37.3,-58.5,45,2024-09-25 06:00:00,Extratropical Cyclone
237,AL102024,ISAAC,EX,37.0,-57.2,45,2024-09-25 12:00:00,Extratropical Cyclone
237,AL102024,ISAAC,TS,36.9,-55.7,45,2024-09-25 18:00:00,Tropical Storm (34-63 knots)
237,AL102024,ISAAC,TS,37.0,-54.5,45,2024-09-26 00:00:00,Tropical Storm (34-63 knots)
237,AL102024,ISAAC,TS,37.1,-53.4,45,2024-09-26 06:00:00,Tropical Storm (34-63 knots)
237,AL102024,ISAAC,TS,37.2,-52.3,45,2024-09-26 12:00:00,Tropical Storm (34-63 knots)
237,AL102024,ISAAC,TS,37.3,-51.2,50,2024-09-26 18:00:00,Tropical Storm (34-63 knots)
237,AL102024,ISAAC,TS,37.2,-50.1,55,2024-09-27 00:00:00,Tropical Storm (34-63 knots)
237,AL102024,ISAAC,TS,37.1,-49.1,60,2024-09-27 06:00:00,Tropical Storm (34-63 knots)
237,AL102024,ISAAC,HU,37.1,-47.7,65,2024-09-27 12:00:00,Hurricane (>64 knots)
237,AL102024,ISAAC,HU,37.5,-46.2,75,2024-09-27 18:00:00,Hurricane (>64 knots)
237,AL102024,ISAAC,HU,38.0,-44.4,85,2024-09-28 00:00:00,Hurricane (>64 knots)
237,AL102024,ISAAC,HU,38.8,-42.3,90,2024-09-28 06:00:00,Hurricane (>64 knots)
237,AL102024,ISAAC,HU,39.7,-40.4,90,2024-09-28 12:00:00,Hurricane (>64 knots)
237,AL102024,ISAAC,HU,40.6,-39.1,85,2024-09-28 18:00:00,Hurricane (>64 knots)
237,AL102024,ISAAC,HU,41.5,-38.0,75,2024-09-29 00:00:00,Hurricane (>64 knots)
237,AL102024,ISAAC,HU,42.3,-37.0,70,2024-09-29 06:00:00,Hurricane (>64 knots)
237,AL102024,ISAAC,HU,43.0,-36.1,65,2024-09-29 12:00:00,Hurricane (>64 knots)
237,AL102024,ISAAC,TS,43.7,-35.1,60,2024-09-29 18:00:00,Tropical Storm (34-63 knots)
237,AL102024,ISAAC,TS,44.1,-33.8,55,2024-09-30 00:00:00,Tropical Storm (34-63 knots)
237,AL102024,ISAAC,EX,44.4,-32.0,55,2024-09-30 06:00:00,Extratropical Cyclone
237,AL102024,ISAAC,EX,44.7,-30.1,50,2024-09-30 12:00:00,Extratropical Cyclone
237,AL102024,ISAAC,EX,45.2,-28.0,45,2024-09-30 18:00:00,Extratropical Cyclone
237,AL102024,ISAAC,EX,46.1,-26.3,45,2024-10-01 00:00:00,Extratropical Cyclone
237,AL102024,ISAAC,EX,47.0,-25.1,45,2024-10-01 06:00:00,Extratropical Cyclone
237,AL102024,ISAAC,EX,47.8,-24.4,45,2024-10-01 12:00:00,Extratropical Cyclone
237,AL102024,ISAAC,EX,48.4,-23.7,40,2024-10-01 18:00:00,Extratropical Cyclone
237,AL102024,ISAAC,EX,49.1,-23.0,40,2024-10-02 00:00:00,Extratropical Cyclone
237,AL102024,ISAAC,EX,49.7,-22.5,40,2024-10-02 06:00:00,Extratropical Cyclone
237,AL102024,ISAAC,EX,50.4,-22.1,40,2024-10-02 12:00:00,Extratropical Cyclone
237,AL102024,ISAAC,EX,51.2,-21.6,40,2024-10-02 18:00:00,Extratropical Cyclone
237,AL102024,ISAAC,EX,51.9,-21.0,40,2024-10-03 00:00:00,Extratropical Cyclone
237,AL112024,JOYCE,TS,17.8,-42.5,35,2024-09-27 12:00:00,Tropical Storm (34-63 knots)
237,AL112024,JOYCE,TS,18.2,-43.4,45,2024-09-27 18:00:00,Tropical Storm (34-63 knots)
237,AL112024,JOYCE,TS,18.8,-44.3,45,2024-09-28 00:00:00,Tropical Storm (34-63 knots)
237,AL112024,JOYCE,TS,19.3,-45.0,45,2024-09-28 06:00:00,Tropical Storm (34-63 knots)
237,AL112024,JOYCE,TS,19.7,-45.7,45,2024-09-28 12:00:00,Tropical Storm (34-63 knots)
237,AL112024,JOYCE,TS,20.2,-46.4,40,2024-09-28 18:00:00,Tropical Storm (34-63 knots)
237,AL112024,JOYCE,TS,20.6,-47.1,40,2024-09-29 00:00:00,Tropical Storm (34-63 knots)
237,AL112024,JOYCE,TS,21.1,-47.8,40,2024-09-29 06:00:00,Tropical Storm (34-63 knots)
237,AL112024,JOYCE,TS,21.6,-48.4,40,2024-09-29 12:00:00,Tropical Storm (34-63 knots)
237,AL112024,JOYCE,TS,22.0,-48.9,35,2024-09-29 18:00:00,Tropical Storm (34-63 knots)
237,AL122024,KIRK,TS,13.6,-33.4,35,2024-09-30 06:00:00,Tropical Storm (34-63 knots)
237,AL122024,KIRK,TS,13.4,-34.3,45,2024-09-30 12:00:00,Tropical Storm (34-63 knots)
237,AL122024,KIRK,TS,13.7,-35.3,50,2024-09-30 18:00:00,Tropical Storm (34-63 knots)
237,AL122024,KIRK,TS,14.2,-36.3,50,2024-10-01 00:00:00,Tropical Storm (34-63 knots)
237,AL122024,KIRK,TS,14.7,-37.5,50,2024-10-01 06:00:00,Tropical Storm (34-63 knots)
237,AL122024,KIRK,TS,15.2,-38.7,60,2024-10-01 12:00:00,Tropical Storm (34-63 knots)
237,AL122024,KIRK,HU,15.9,-39.7,65,2024-10-01 18:00:00,Hurricane (>64 knots)
237,AL122024,KIRK,HU,16.5,-40.6,65,2024-10-02 00:00:00,Hurricane (>64 knots)
237,AL122024,KIRK,HU,17.1,-41.6,70,2024-10-02 06:00:00,Hurricane (>64 knots)
237,AL122024,KIRK,HU,17.8,-42.7,75,2024-10-02 12:00:00,Hurricane (>64 knots)
237,AL122024,KIRK,HU,18.5,-43.5,80,2024-10-02 18:00:00,Hurricane (>64 knots)
237,AL122024,KIRK,HU,19.1,-44.1,100,2024-10-03 00:00:00,Hurricane (>64 knots)
237,AL122024,KIRK,HU,19.6,-44.7,105,2024-10-03 06:00:00,Hurricane (>64 knots)
237,AL122024,KIRK,HU,20.1,-45.5,110,2024-10-03 12:00:00,Hurricane (>64 knots)
237,AL122024,KIRK,HU,20.7,-46.3,115,2024-10-03 18:00:00,Hurricane (>64 knots)
237,AL122024,KIRK,HU,21.2,-47.1,130,2024-10-04 00:00:00,Hurricane (>64 knots)
237,AL122024,KIRK,HU,21.9,-47.9,130,2024-10-04 06:00:00,Hurricane (>64 knots)
237,AL122024,KIRK,HU,22.5,-48.6,120,2024-10-04 12:00:00,Hurricane (>64 knots)
237,AL122024,KIRK,HU,23.3,-49.1,115,2024-10-04 18:00:00,Hurricane (>64 knots)
237,AL122024,KIRK,HU,24.3,-49.7,115,2024-10-05 00:00:00,Hurricane (>64 knots)
237,AL122024,KIRK,HU,25.4,-50.1,110,2024-10-05 06:00:00,Hurricane (>64 knots)
237,AL122024,KIRK,HU,26.8,-50.4,105,2024-10-05 12:00:00,Hurricane (>64 knots)
237,AL132024,LESLIE,TS,10.4,-29.8,35,2024-10-03 00:00:00,Tropical Storm (34-63 knots)
237,AL132024,LESLIE,TS,10.3,-30.2,40,2024-10-03 06:00:00,Tropical Storm (34-63 knots)
237,AL132024,LESLIE,TS,10.1,-30.7,45,2024-10-03 12:00:00,Tropical Storm (34-63 knots)
237,AL132024,LESLIE,TS,9.9,-31.3,45,2024-10-03 18:00:00,Tropical Storm (34-63 knots)
237,AL132024,LESLIE,TS,9.8,-31.7,50,2024-10-04 00:00:00,Tropical Storm (34-63 knots)
237,AL132024,LESLIE,TS,9.8,-32.2,50,2024-10-04 06:00:00,Tropical Storm (34-63 knots)
237,AL132024,LESLIE,TS,9.9,-32.7,55,2024-10-04 12:00:00,Tropical Storm (34-63 knots)
237,AL132024,LESLIE,TS,10.1,-33.3,60,2024-10-04 18:00:00,Tropical Storm (34-63 knots)
237,AL132024,LESLIE,HU,10.3,-33.9,65,2024-10-05 00:00:00,Hurricane (>64 knots)
237,AL132024,LESLIE,HU,10.5,-34.5,70,2024-10-05 06:00:00,Hurricane (>64 knots)
237,AL132024,LESLIE,HU,10.9,-35.1,70,2024-10-05 12:00:00,Hurricane (>64 knots)
239,AL022024,BERYL,TS,9.2,-43.1,35,2024-06-29 00:00:00,Tropical Storm (34-63 knots)
239,AL022024,BERYL,TS,9.5,-45.2,45,2024-06-29 06:00:00,Tropical Storm (34-63 knots)
239,AL022024,BERYL,TS,9.7,-47.0,55,2024-06-29 12:00:00,Tropical Storm (34-63 knots)
239,AL022024,BERYL,TS,9.9,-48.7,60,2024-06-29 18:00:00,Tropical Storm (34-63 knots)
239,AL022024,BERYL,HU,10.1,-50.5,70,2024-06-30 00:00:00,Hurricane (>64 knots)
239,AL022024,BERYL,HU,10.4,-52.3,85,2024-06-30 06:00:00,Hurricane (>64 knots)
239,AL022024,BERYL,HU,10.5,-54.0,100,2024-06-30 12:00:00,Hurricane (>64 knots)
239,AL022024,BERYL,HU,10.9,-55.7,115,2024-06-30 18:00:00,Hurricane (>64 knots)
239,AL022024,BERYL,HU,11.2,-57.3,110,2024-07-01 00:00:00,Hurricane (>64 knots)
239,AL022024,BERYL,HU,11.5,-59.0,100,2024-07-01 06:00:00,Hurricane (>64 knots)
239,AL022024,BERYL,HU,12.0,-60.6,115,2024-07-01 12:00:00,Hurricane (>64 knots)
239,AL022024,BERYL,HU,12.5,-61.5,120,2024-07-01 15:20:00,Hurricane (>64 knots)
239,AL022024,BERYL,HU,12.8,-62.3,130,2024-07-01 18:00:00,Hurricane (>64 knots)
239,AL022024,BERYL,HU,13.5,-64.1,140,2024-07-02 00:00:00,Hurricane (>64 knots)
239,AL022024,BERYL,HU,14.3,-65.9,145,2024-07-02 06:00:00,Hurricane (>64 knots)
239,AL022024,BERYL,HU,14.8,-67.2,145,2024-07-02 09:45:00,Hurricane (>64 knots)
239,AL022024,BERYL,HU,15.0,-67.9,140,2024-07-02 12:00:00,Hurricane (>64 knots)
239,AL022024,BERYL,HU,15.6,-69.9,135,2024-07-02 18:00:00,Hurricane (>64 knots)
239,AL022024,BERYL,HU,16.0,-71.8,130,2024-07-03 00:00:00,Hurricane (>64 knots)
239,AL022024,BERYL,HU,16.3,-73.5,125,2024-07-03 06:00:00,Hurricane (>64 knots)
239,AL022024,BERYL,HU,16.8,-75.3,125,2024-07-03 12:00:00,Hurricane (>64 knots)
239,AL022024,BERYL,HU,17.3,-76.8,120,2024-07-03 18:00:00,Hurricane (>64 knots)
239,AL022024,BERYL,HU,17.8,-78.3,115,2024-07-04 00:00:00,Hurricane (>64 knots)
239,AL022024,BERYL,HU,18.3,-80.0,105,2024-07-04 06:00:00,Hurricane (>64 knots)
239,AL022024,BERYL,HU,18.8,-81.8,95,2024-07-04 12:00:00,Hurricane (>64 knots)
239,AL022024,BERYL,HU,19.3,-83.4,90,2024-07-04 18:00:00,Hurricane (>64 knots)
239,AL022024,BERYL,HU,19.4,-84.8,100,2024-07-05 00:00:00,Hurricane (>64 knots)
239,AL022024,BERYL,HU,19.8,-86.2,95,2024-07-05 06:00:00,Hurricane (>64 knots)
239,AL022024,BERYL,HU,20.3,-87.4,80,2024-07-05 11:00:00,Hurricane (>64 knots)
239,AL022024,BERYL,HU,20.4,-87.6,75,2024-07-05 12:00:00,Hurricane (>64 knots)
239,AL022024,BERYL,TS,20.9,-88.8,60,2024-07-05 18:00:00,Tropical Storm (34-63 knots)
239,AL022024,BERYL,TS,21.4,-89.8,50,2024-07-06 00:00:00,Tropical Storm (34-63 knots)
239,AL022024,BERYL,TS,21.9,-90.9,45,2024-07-06 06:00:00,Tropical Storm (34-63 knots)
239,AL022024,BERYL,TS,22.6,-91.8,50,2024-07-06 12:00:00,Tropical Storm (34-63 knots)
239,AL022024,BERYL,TS,23.6,-92.7,50,2024-07-06 18:00:00,Tropical Storm (34-63 knots)
239,AL022024,BERYL,TS,24.4,-93.6,50,2024-07-07 00:00:00,Tropical Storm (34-63 knots)
239,AL022024,BERYL,TS,24.9,-94.3,50,2024-07-07 06:00:00,Tropical Storm (34-63 knots)
239,AL022024,BERYL,TS,25.5,-94.9,55,2024-07-07 12:00:00,Tropical Storm (34-63 knots)
239,AL022024,BERYL,TS,26.3,-95.4,55,2024-07-07 18:00:00,Tropical Storm (34-63 knots)
239,AL022024,BERYL,TS,27.1,-95.7,60,2024-07-08 00:00:00,Tropical Storm (34-63 knots)
239,AL022024,BERYL,HU,28.2,-95.9,70,2024-07-08 06:00:00,Hurricane (>64 knots)
239,AL022024,BERYL,HU,28.6,-96.0,80,2024-07-08 08:40:00,Hurricane (>64 knots)
239,AL022024,BERYL,HU,29.3,-96.0,70,2024-07-08 12:00:00,Hurricane (>64 knots)
239,AL022024,BERYL,TS,30.7,-95.6,50,2024-07-08 18:00:00,Tropical Storm (34-63 knots)
239,AL032024,CHRIS,TS,19.9,-96.0,35,2024-07-01 00:00:00,Tropical Storm (34-63 knots)
239,AL032024,CHRIS,TS,19.9,-96.5,40,2024-07-01 03:00:00,Tropical Storm (34-63 knots)
244,AL172024,PATTY,EX,39.2,-41.0,55,2024-10-31 18:00:00,Extratropical Cyclone
244,AL172024,PATTY,EX,39.6,-40.0,55,2024-11-01 00:00:00,Extratropical Cyclone
244,AL172024,PATTY,EX,39.9,-38.9,50,2024-11-01 06:00:00,Extratropical Cyclone
244,AL172024,PATTY,EX,40.2,-37.7,50,2024-11-01 12:00:00,Extratropical Cyclone
244,AL172024,PATTY,SS,40.6,-36.5,45,2024-11-01 18:00:00,Subtropical Storm (>34 knots)
244,AL172024,PATTY,SS,40.6,-35.4,45,2024-11-02 00:00:00,Subtropical Storm (>34 knots)
244,AL172024,PATTY,SS,40.3,-34.6,50,2024-11-02 06:00:00,Subtropical Storm (>34 knots)
244,AL172024,PATTY,SS,39.4,-33.3,55,2024-11-02 12:00:00,Subtropical Storm (>34 knots)
244,AL172024,PATTY,SS,38.4,-31.6,55,2024-11-02 18:00:00,Subtropical Storm (>34 knots)
244,AL172024,PATTY,SS,37.9,-29.2,50,2024-11-03 00:00:00,Subtropical Storm (>34 knots)
244,AL172024,PATTY,SS,37.7,-27.0,45,2024-11-03 06:00:00,Subtropical Storm (>34 knots)
244,AL172024,PATTY,TS,37.5,-25.1,40,2024-11-03 12:00:00,Tropical Storm (34-63 knots)
244,AL172024,PATTY,TS,37.4,-23.3,40,2024-11-03 18:00:00,Tropical Storm (34-63 knots)
244,AL172024,PATTY,TS,37.6,-21.3,40,2024-11-04 00:00:00,Tropical Storm (34-63 knots)
244,AL172024,PATTY,TS,37.9,-19.2,35,2024-11-04 06:00:00,Tropical Storm (34-63 knots)
244,AL182024,RAFAEL,TS,15.1,-76.4,35,2024-11-04 18:00:00,Tropical Storm (34-63 knots)
244,AL182024,RAFAEL,TS,15.8,-76.9,40,2024-11-05 00:00:00,Tropical Storm (34-63 knots)
244,AL182024,RAFAEL,TS,16.6,-77.6,45,2024-11-05 06:00:00,Tropical Storm (34-63 knots)
244,AL182024,RAFAEL,TS,17.5,-78.3,50,2024-11-05 12:00:00,Tropical Storm (34-63 knots)
244,AL182024,RAFAEL,TS,18.5,-79.1,60,2024-11-05 18:00:00,Tropical Storm (34-63 knots)
244,AL182024,RAFAEL,HU,19.4,-80.0,70,2024-11-06 00:00:00,Hurricane (>64 knots)
244,AL182024,RAFAEL,HU,20.1,-80.9,80,2024-11-06 06:00:00,Hurricane (>64 knots)
244,AL182024,RAFAEL,HU,21.0,-81.6,90,2024-11-06 12:00:00,Hurricane (>64 knots)
244,AL182024,RAFAEL,HU,22.0,-82.3,100,2024-11-06 18:00:00,Hurricane (>64 knots)
244,AL182024,RAFAEL,HU,22.7,-82.7,100,2024-11-06 21:15:00,Hurricane (>64 knots)
244,AL182024,RAFAEL,HU,23.1,-83.2,95,2024-11-07 00:00:00,Hurricane (>64 knots)
244,AL182024,RAFAEL,HU,23.8,-84.1,90,2024-11-07 06:00:00,Hurricane (>64 knots)
244,AL182024,RAFAEL,HU,24.3,-84.9,90,2024-11-07 12:00:00,Hurricane (>64 knots)
244,AL182024,RAFAEL,HU,24.6,-85.7,90,2024-11-07 18:00:00,Hurricane (>64 knots)
244,AL182024,RAFAEL,HU,24.6,-86.6,90,2024-11-08 00:00:00,Hurricane (>64 knots)
244,AL182024,RAFAEL,HU,24.4,-87.6,105,2024-11-08 06:00:00,Hurricane (>64 knots)
244,AL182024,RAFAEL,HU,24.4,-88.4,95,2024-11-08 12:00:00,Hurricane (>64 knots)
244,AL182024,RAFAEL,HU,24.6,-89.1,80,2024-11-08 18:00:00,Hurricane (>64 knots)
244,AL182024,RAFAEL,HU,24.7,-89.7,65,2024-11-09 00:00:00,Hurricane (>64 knots)
244,AL182024,RAFAEL,TS,24.8,-90.5,55,2024-11-09 06:00:00,Tropical Storm (34-63 knots)
244,AL182024,RAFAEL,TS,25.0,-91.2,50,2024-11-09 12:00:00,Tropical Storm (34-63 knots)
244,AL182024,RAFAEL,TS,25.3,-91.5,45,2024-11-09 18:00:00,Tropical Storm (34-63 knots)
244,AL182024,RAFAEL,TS,25.6,-91.7,40,2024-11-10 00:00:00,Tropical Storm (34-63 knots)
244,AL182024,RAFAEL,TS,25.9,-91.9,35,2024-11-10 06:00:00,Tropical Storm (34-63 knots)
244,AL182024,RAFAEL,LO,26.1,-91.9,35,2024-11-10 12:00:00,Low (not tropical/subtropical/extratropical)
244,AL192024,SARA,TS,15.8,-82.2,35,2024-11-14 12:00:00,Tropical Storm (34-63 knots)
244,AL192024,SARA,TS,15.8,-83.1,35,2024-11-14 18:00:00,Tropical Storm (34-63 knots)
244,AL192024,SARA,TS,15.7,-84.0,40,2024-11-15 00:00:00,Tropical Storm (34-63 knots)
245,AL062023,GERT,TS,16.7,-53.3,35,2023-08-20 12:00:00,Tropical Storm (34-63 knots)
245,AL062023,GERT,TS,16.6,-54.2,35,2023-08-20 18:00:00,Tropical Storm (34-63 knots)
245,AL062023,GERT,TS,16.6,-55.1,35,2023-08-21 00:00:00,Tropical Storm (34-63 knots)
245,AL062023,GERT,TS,16.6,-55.9,35,2023-08-21 06:00:00,Tropical Storm (34-63 knots)
245,AL062023,GERT,TS,27.9,-54.8,35,2023-09-01 18:00:00,Tropical Storm (34-63 knots)
245,AL062023,GERT,TS,27.7,-54.6,35,2023-09-02 00:00:00,Tropical Storm (34-63 knots)
245,AL062023,GERT,TS,27.6,-54.4,40,2023-09-02 06:00:00,Tropical Storm (34-63 knots)
245,AL062023,GERT,TS,27.7,-54.1,45,2023-09-02 12:00:00,Tropical Storm (34-63 knots)
245,AL062023,GERT,TS,28.1,-53.8,45,2023-09-02 18:00:00,Tropical Storm (34-63 knots)
245,AL062023,GERT,TS,28.6,-53.5,50,2023-09-03 00:00:00,Tropical Storm (34-63 knots)
245,AL062023,GERT,TS,29.3,-53.0,50,2023-09-03 06:00:00,Tropical Storm (34-63 knots)
245,AL062023,GERT,TS,30.4,-52.4,50,2023-09-03 12:00:00,Tropical Storm (34-63 knots)
245,AL062023,GERT,TS,31.9,-51.6,45,2023-09-03 18:00:00,Tropical Storm (34-63 knots)
245,AL062023,GERT,TS,33.9,-50.9,45,2023-09-04 00:00:00,Tropical Storm (34-63 knots)
245,AL062023,GERT,TS,36.5,-50.7,45,2023-09-04 06:00:00,Tropical Storm (34-63 knots)
245,AL062023,GERT,LO,39.4,-50.8,40,2023-09-04 12:00:00,Low (not tropical/subtropical/extratropical)
245,AL072023,EMILY,TS,18.0,-36.7,35,2023-08-20 00:00:00,Tropical Storm (34-63 knots)
245,AL072023,EMILY,TS,18.8,-37.5,40,2023-08-20 06:00:00,Tropical Storm (34-63 knots)
245,AL072023,EMILY,TS,19.4,-38.3,45,2023-08-20 12:00:00,Tropical Storm (34-63 knots)
245,AL072023,EMILY,TS,20.0,-39.0,45,2023-08-20 18:00:00,Tropical Storm (34-63 knots)
245,AL072023,EMILY,TS,20.3,-39.8,40,2023-08-21 00:00:00,Tropical Storm (34-63 knots)
245,AL072023,EMILY,LO,20.6,-40.6,35,2023-08-21 06:00:00,Low (not tropical/subtropical/extratropical)
245,AL072023,EMILY,LO,21.0,-41.4,35,2023-08-21 12:00:00,Low (not tropical/subtropical/extratropical)
245,AL072023,EMILY,LO,25.3,-47.2,35,2023-08-23 00:00:00,Low (not tropical/subtropical/extratropical)
245,AL072023,EMILY,LO,26.1,-48.4,35,2023-08-23 06:00:00,Low (not tropical/subtropical/extratropical)
245,AL072023,EMILY,LO,26.9,-49.2,35,2023-08-23 12:00:00,Low (not tropical/subtropical/extratropical)
245,AL072023,EMILY,LO,27.8,-49.6,35,2023-08-23 18:00:00,Low (not tropical/subtropical/extratropical)
245,AL072023,EMILY,LO,28.6,-49.6,35,2023-08-24 00:00:00,Low (not tropical/subtropical/extratropical)
245,AL072023,EMILY,LO,29.3,-49.2,35,2023-08-24 06:00:00,Low (not tropical/subtropical/extratropical)
245,AL072023,EMILY,LO,29.8,-48.9,35,2023-08-24 12:00:00,Low (not tropical/subtropical/extratropical)
245,AL082023,FRANKLIN,TS,14.0,-65.2,35,2023-08-20 12:00:00,Tropical Storm (34-63 knots)
245,AL082023,FRANKLIN,TS,14.5,-66.6,40,2023-08-20 18:00:00,Tropical Storm (34-63 knots)
245,AL082023,FRANKLIN,TS,14.8,-67.9,45,2023-08-21 00:00:00,Tropical Storm (34-63 knots)
245,AL082023,FRANKLIN,TS,14.8,-68.8,45,2023-08-21 06:00:00,Tropical Storm (34-63 knots)
245,AL082023,FRANKLIN,TS,14.6,-69.5,45,2023-08-21 12:00:00,Tropical Storm (34-63 knots)
245,AL082023,FRANKLIN,TS,14.1,-70.0,45,2023-08-21 18:00:00,Tropical Storm (34-63 knots)
245,AL082023,FRANKLIN,TS,14.0,-70.4,45,2023-08-22 00:00:00,Tropical Storm (34-63 knots)
245,AL082023,FRANKLIN,TS,14.1,-70.9,40,2023-08-22 06:00:00,Tropical Storm (34-63 knots)
245,AL082023,FRANKLIN,TS,14.8,-71.1,40,2023-08-22 12:00:00,Tropical Storm (34-63 knots)
245,AL082023,FRANKLIN,TS,15.6,-71.3,35,2023-08-22 18:00:00,Tropical Storm (34-63 knots)
245,AL082023,FRANKLIN,TS,16.5,-71.4,35,2023-08-23 00:00:00,Tropical Storm (34-63 knots)
245,AL082023,FRANKLIN,TS,17.3,-71.4,40,2023-08-23 06:00:00,Tropical Storm (34-63 knots)
245,AL082023,FRANKLIN,TS,17.9,-71.2,40,2023-08-23 10:00:00,Tropical Storm (34-63 knots)
245,AL082023,FRANKLIN,TS,18.3,-71.1,40,2023-08-23 12:00:00,Tropical Storm (34-63 knots)
245,AL082023,FRANKLIN,TS,19.4,-70.8,35,2023-08-23 18:00:00,Tropical Storm (34-63 knots)
245,AL082023,FRANKLIN,TS,20.6,-70.6,40,2023-08-24 00:00:00,Tropical Storm (34-63 knots)
245,AL082023,FRANKLIN,TS,21.6,-70.5,45,2023-08-24 06:00:00,Tropical Storm (34-63 knots)
245,AL082023,FRANKLIN,TS,22.0,-70.0,50,2023-08-24 12:00:00,Tropical Storm (34-63 knots)
245,AL082023,FRANKLIN,TS,22.2,-69.3,50,2023-08-24 18:00:00,Tropical Storm (34-63 knots)
245,AL082023,FRANKLIN,TS,22.4,-68.5,50,2023-08-25 00:00:00,Tropical Storm (34-63 knots)
245,AL082023,FRANKLIN,TS,22.2,-68.1,50,2023-08-25 06:00:00,Tropical Storm (34-63 knots)
245,AL082023,FRANKLIN,TS,21.9,-67.9,45,2023-08-25 12:00:00,Tropical Storm (34-63 knots)
245,AL082023,FRANKLIN,TS,21.8,-67.3,45,2023-08-25 18:00:00,Tropical Storm (34-63 knots)
245,AL082023,FRANKLIN,TS,22.2,-66.5,50,2023-08-26 00:00:00,Tropical Storm (34-63 knots)
245,AL082023,FRANKLIN,TS,22.6,-66.0,55,2023-08-26 06:00:00,Tropical Storm (34-63 knots)
245,AL082023,FRANKLIN,HU,23.2,-66.5,65,2023-08-26 12:00:00,Hurricane (>64 knots)
245,AL082023,FRANKLIN,HU,23.5,-67.3,70,2023-08-26 18:00:00,Hurricane (>64 knots)
245,AL082023,FRANKLIN,HU,23.9,-67.9,75,2023-08-27 00:00:00,Hurricane (>64 knots)
245,AL082023,FRANKLIN,HU,24.4,-68.5,75,2023-08-27 06:00:00,Hurricane (>64 knots)
245,AL082023,FRANKLIN,HU,24.9,-69.1,80,2023-08-27 12:00:00,Hurricane (>64 knots)
245,AL082023,FRANKLIN,HU,25.5,-69.7,80,2023-08-27 18:00:00,Hurricane (>64 knots)
245,AL082023,FRANKLIN,HU,26.0,-70.3,85,2023-08-28 00:00:00,Hurricane (>64 knots)
245,AL082023,FRANKLIN,HU,26.7,-70.6,100,2023-08-28 06:00:00,Hurricane (>64 knots)
245,AL082023,FRANKLIN,HU,27.5,-70.9,125,2023-08-28 12:00:00,Hurricane (>64 knots)
245,AL082023,FRANKLIN,HU,28.2,-71.1,125,2023-08-28 18:00:00,Hurricane (>64 knots)
245,AL082023,FRANKLIN,HU,28.9,-71.1,130,2023-08-29 00:00:00,Hurricane (>64 knots)
245,AL082023,FRANKLIN,HU,29.7,-71.0,120,2023-08-29 06:00:00,Hurricane (>64 knots)
245,AL082023,FRANKLIN,HU,30.3,-70.7,115,2023-08-29 12:00:00,Hurricane (>64 knots)
245,AL082023,FRANKLIN,HU,31.1,-70.2,110,2023-08-29 18:00:00,Hurricane (>64 knots)
245,AL082023,FRANKLIN,HU,31.8,-69.5,100,2023-08-30 00:00:00,Hurricane (>64 knots)
245,AL082023,FRANKLIN,HU,32.6,-68.7,95,2023-08-30 06:00:00,Hurricane (>64 knots)
245,AL082023,FRANKLIN,HU,33.2,-67.8,95,2023-08-30 12:00:00,Hurricane (>64 knots)
245,AL082023,FRANKLIN,HU,33.9,-66.7,90,2023-08-30 18:00:00,Hurricane (>64 knots)
245,AL082023,FRANKLIN,HU,34.4,-65.2,90,2023-08-31 00:00:00,Hurricane (>64 knots)
245,AL082023,FRANKLIN,HU,34.7,-63.9,85,2023-08-31 06:00:00,Hurricane (>64 knots)
245,AL082023,FRANKLIN,HU,35.1,-62.6,85,2023-08-31 12:00:00,Hurricane (>64 knots)
245,AL082023,FRANKLIN,HU,35.6,-61.1,80,2023-08-31 18:00:00,Hurricane (>64 knots)
245,AL082023,FRANKLIN,HU,36.4,-59.7,75,2023-09-01 00:00:00,Hurricane (>64 knots)
245,AL082023,FRANKLIN,HU,37.4,-58.2,70,2023-09-01 06:00:00,Hurricane (>64 knots)
245,AL082023,FRANKLIN,HU,38.2,-56.6,65,2023-09-01 12:00:00,Hurricane (>64 knots)
245,AL082023,FRANKLIN,EX,38.8,-54.6,70,2023-09-01 18:00:00,Extratropical Cyclone
245,AL082023,FRANKLIN,EX,39.6,-52.0,70,2023-09-02 00:00:00,Extratropical Cyclone
245,AL082023,FRANKLIN,EX,41.2,-48.8,70,2023-09-02 06:00:00,Extratropical Cyclone
245,AL082023,FRANKLIN,EX,43.0,-45.9,65,2023-09-02 12:00:00,Extratropical Cyclone
245,AL082023,FRANKLIN,EX,44.8,-43.4,65,2023-09-02 18:00:00,Extratropical Cyclone
245,AL082023,FRANKLIN,EX,45.8,-41.0,65,2023-09-03 00:00:00,Extratropical Cyclone
245,AL082023,FRANKLIN,EX,46.4,-38.7,60,2023-09-03 06:00:00,Extratropical Cyclone
245,AL082023,FRANKLIN,EX,47.0,-36.2,55,2023-09-03 12:00:00,Extratropical Cyclone
245,AL082023,FRANKLIN,EX,47.7,-33.4,55,2023-09-03 18:00:00,Extratropical Cyclone
245,AL082023,FRANKLIN,EX,47.8,-30.8,50,2023-09-04 00:00:00,Extratropical Cyclone
245,AL082023,FRANKLIN,EX,47.5,-28.6,45,2023-09-04 06:00:00,Extratropical Cyclone
245,AL082023,FRANKLIN,EX,47.1,-27.3,40,2023-09-04 12:00:00,Extratropical Cyclone
245,AL082023,FRANKLIN,EX,46.7,-26.8,40,2023-09-04 18:00:00,Extratropical Cyclone
245,AL082023,FRANKLIN,EX,46.0,-26.6,40,2023-09-05 00:00:00,Extratropical Cyclone
245,AL082023,FRANKLIN,EX,44.6,-26.3,40,2023-09-05 06:00:00,Extratropical Cyclone
245,AL082023,FRANKLIN,EX,42.8,-25.4,40,2023-09-05 12:00:00,Extratropical Cyclone
245,AL082023,FRANKLIN,EX,41.0,-23.8,40,2023-09-05 18:00:00,Extratropical Cyclone
245,AL082023,FRANKLIN,EX,40.1,-21.6,35,2023-09-06 00:00:00,Extratropical Cyclone
245,AL092023,HAROLD,TS,25.8,-94.3,40,2023-08-22 06:00:00,Tropical Storm (34-63 knots)
245,AL092023,HAROLD,TS,26.8,-96.4,50,2023-08-22 12:00:00,Tropical Storm (34-63 knots)
245,AL092023,HAROLD,TS,27.1,-97.4,50,2023-08-22 15:00:00,Tropical Storm (34-63 knots)
245,AL092023,HAROLD,TS,27.3,-98.3,40,2023-08-22 18:00:00,Tropical Storm (34-63 knots)
245,AL102023,IDALIA,TS,19.9,-86.3,35,2023-08-27 12:00:00,Tropical Storm (34-63 knots)
245,AL102023,IDALIA,TS,19.9,-85.8,40,2023-08-27 18:00:00,Tropical Storm (34-63 knots)
245,AL102023,IDALIA,TS,19.8,-85.4,45,2023-08-28 00:00:00,Tropical Storm (34-63 knots)
245,AL102023,IDALIA,TS,19.9,-85.2,55,2023-08-28 06:00:00,Tropical Storm (34-63 knots)
245,AL102023,IDALIA,TS,20.6,-85.2,55,2023-08-28 12:00:00,Tropical Storm (34-63 knots)
245,AL102023,IDALIA,TS,21.2,-85.2,60,2023-08-28 18:00:00,Tropical Storm (34-63 knots)
245,AL102023,IDALIA,TS,21.8,-85.1,60,2023-08-29 00:00:00,Tropical Storm (34-63 knots)
245,AL102023,IDALIA,HU,22.6,-85.0,65,2023-08-29 06:00:00,Hurricane (>64 knots)
245,AL102023,IDALIA,HU,23.8,-84.8,70,2023-08-29 12:00:00,Hurricane (>64 knots)
245,AL102023,IDALIA,HU,25.3,-84.8,80,2023-08-29 18:00:00,Hurricane (>64 knots)
245,AL102023,IDALIA,HU,26.9,-84.7,90,2023-08-30 00:00:00,Hurricane (>64 knots)
245,AL102023,IDALIA,HU,28.3,-84.5,105,2023-08-30 06:00:00,Hurricane (>64 knots)
245,AL102023,IDALIA,HU,29.1,-84.1,115,2023-08-30 09:00:00,Hurricane (>64 knots)
245,AL102023,IDALIA,HU,29.9,-83.6,100,2023-08-30 11:45:00,Hurricane (>64 knots)
245,AL102023,IDALIA,HU,30.0,-83.5,100,2023-08-30 12:00:00,Hurricane (>64 knots)
245,AL102023,IDALIA,TS,31.5,-82.5,60,2023-08-30 18:00:00,Tropical Storm (34-63 knots)
245,AL102023,IDALIA,TS,32.7,-80.9,50,2023-08-31 00:00:00,Tropical Storm (34-63 knots)
245,AL102023,IDALIA,TS,33.5,-78.9,50,2023-08-31 06:00:00,Tropical Storm (34-63 knots)
245,AL102023,IDALIA,EX,33.7,-77.0,55,2023-08-31 12:00:00,Extratropical Cyclone
245,AL102023,IDALIA,EX,33.6,-74.6,55,2023-08-31 18:00:00,Extratropical Cyclone
245,AL102023,IDALIA,EX,33.4,-72.3,55,2023-09-01 00:00:00,Extratropical Cyclone
245,AL102023,IDALIA,EX,32.7,-70.5,50,2023-09-01 06:00:00,Extratropical Cyclone
245,AL102023,IDALIA,EX,32.3,-68.8,50,2023-09-01 12:00:00,Extratropical Cyclone
245,AL102023,IDALIA,EX,32.1,-67.1,50,2023-09-01 18:00:00,Extratropical Cyclone
245,AL102023,IDALIA,EX,31.9,-65.7,50,2023-09-02 00:00:00,Extratropical Cyclone
245,AL102023,IDALIA,EX,31.8,-64.7,50,2023-09-02 06:00:00,Extratropical Cyclone
245,AL102023,IDALIA,EX,31.8,-63.9,50,2023-09-02 12:00:00,Extratropical Cyclone
245,AL102023,IDALIA,EX,31.8,-63.1,50,2023-09-02 18:00:00,Extratropical Cyclone
245,AL102023,IDALIA,EX,32.0,-62.2,50,2023-09-03 00:00:00,Extratropical Cyclone
245,AL102023,IDALIA,EX,32.5,-61.3,50,2023-09-03 06:00:00,Extratropical Cyclone
245,AL102023,IDALIA,EX,33.4,-60.5,50,2023-09-03 12:00:00,Extratropical Cyclone
245,AL102023,IDALIA,EX,34.9,-59.7,55,2023-09-03 18:00:00,Extratropical Cyclone
245,AL102023,IDALIA,EX,36.2,-58.9,60,2023-09-04 00:00:00,Extratropical Cyclone
245,AL102023,IDALIA,EX,37.6,-58.0,60,2023-09-04 06:00:00,Extratropical Cyclone
245,AL102023,IDALIA,EX,39.2,-57.5,55,2023-09-04 12:00:00,Extratropical Cyclone
245,AL102023,IDALIA,EX,40.5,-57.9,55,2023-09-04 18:00:00,Extratropical Cyclone
245,AL102023,IDALIA,EX,41.1,-58.7,50,2023-09-05 00:00:00,Extratropical Cyclone
245,AL102023,IDALIA,EX,41.6,-59.1,50,2023-09-05 06:00:00,Extratropical Cyclone
245,AL102023,IDALIA,EX,42.2,-59.3,45,2023-09-05 12:00:00,Extratropical Cyclone
245,AL102023,IDALIA,EX,42.6,-59.8,40,2023-09-05 18:00:00,Extratropical Cyclone
245,AL102023,IDALIA,EX,42.6,-60.5,35,2023-09-06 00:00:00,Extratropical Cyclone
245,AL112023,JOSE,TS,28.3,-52.1,35,2023-08-31 00:00:00,Tropical Storm (34-63 knots)
245,AL112023,JOSE,TS,28.6,-52.1,40,2023-08-31 06:00:00,Tropical Storm (34-63 knots)
245,AL112023,JOSE,TS,29.3,-52.1,45,2023-08-31 12:00:00,Tropical Storm (34-63 knots)
245,AL112023,JOSE,TS,30.4,-52.3,50,2023-08-31 18:00:00,Tropical Storm (34-63 knots)
245,AL112023,JOSE,TS,31.6,-52.5,55,2023-09-01 00:00:00,Tropical Storm (34-63 knots)
245,AL112023,JOSE,TS,32.9,-52.4,55,2023-09-01 06:00:00,Tropical Storm (34-63 knots)
245,AL112023,JOSE,TS,34.9,-51.4,50,2023-09-01 12:00:00,Tropical Storm (34-63 knots)
245,AL112023,JOSE,TS,37.4,-49.8,50,2023-09-01 18:00:00,Tropical Storm (34-63 knots)
245,AL122023,KATIA,TS,21.1,-28.5,35,2023-09-02 00:00:00,Tropical Storm (34-63 knots)
245,AL122023,KATIA,TS,22.3,-28.8,40,2023-09-02 06:00:00,Tropical Storm (34-63 knots)
245,AL122023,KATIA,TS,23.5,-29.4,45,2023-09-02 12:00:00,Tropical Storm (34-63 knots)
245,AL122023,KATIA,TS,24.5,-30.1,50,2023-09-02 18:00:00,Tropical Storm (34-63 knots)
245,AL122023,KATIA,TS,25.3,-30.9,45,2023-09-03 00:00:00,Tropical Storm (34-63 knots)
245,AL122023,KATIA,TS,26.0,-31.5,40,2023-09-03 06:00:00,Tropical Storm (34-63 knots)
245,AL122023,KATIA,TS,26.5,-32.0,35,2023-09-03 12:00:00,Tropical Storm (34-63 knots)
245,AL122023,KATIA,TS,26.9,-32.7,35,2023-09-03 18:00:00,Tropical Storm (34-63 knots)
245,AL132023,LEE,TS,12.9,-41.1,35,2023-09-05 18:00:00,Tropical Storm (34-63 knots)
245,AL132023,LEE,TS,13.2,-42.5,45,2023-09-06 00:00:00,Tropical Storm (34-63 knots)
246,AL022024,BERYL,TS,9.2,-43.1,35,2024-06-29 00:00:00,Tropical Storm (34-63 knots)
246,AL022024,BERYL,TS,9.5,-45.2,45,2024-06-29 06:00:00,Tropical Storm (34-63 knots)
246,AL022024,BERYL,TS,9.7,-47.0,55,2024-06-29 12:00:00,Tropical Storm (34-63 knots)
246,AL022024,BERYL,TS,9.9,-48.7,60,2024-06-29 18:00:00,Tropical Storm (34-63 knots)
246,AL022024,BERYL,HU,10.1,-50.5,70,2024-06-30 00:00:00,Hurricane (>64 knots)
246,AL022024,BERYL,HU,10.4,-52.3,85,2024-06-30 06:00:00,Hurricane (>64 knots)
246,AL022024,BERYL,HU,10.5,-54.0,100,2024-06-30 12:00:00,Hurricane (>64 knots)
246,AL022024,BERYL,HU,10.9,-55.7,115,2024-06-30 18:00:00,Hurricane (>64 knots)
246,AL022024,BERYL,HU,11.2,-57.3,110,2024-07-01 00:00:00,Hurricane (>64 knots)
246,AL022024,BERYL,HU,11.5,-59.0,100,2024-07-01 06:00:00,Hurricane (>64 knots)
246,AL022024,BERYL,HU,12.0,-60.6,115,2024-07-01 12:00:00,Hurricane (>64 knots)
246,AL022024,BERYL,HU,12.5,-61.5,120,2024-07-01 15:20:00,Hurricane (>64 knots)
246,AL022024,BERYL,HU,12.8,-62.3,130,2024-07-01 18:00:00,Hurricane (>64 knots)
246,AL022024,BERYL,HU,13.5,-64.1,140,2024-07-02 00:00:00,Hurricane (>64 knots)
246,AL022024,BERYL,HU,14.3,-65.9,145,2024-07-02 06:00:00,Hurricane (>64 knots)
246,AL022024,BERYL,HU,14.8,-67.2,145,2024-07-02 09:45:00,Hurricane (>64 knots)
246,AL022024,BERYL,HU,15.0,-67.9,140,2024-07-02 12:00:00,Hurricane (>64 knots)
246,AL022024,BERYL,HU,15.6,-69.9,135,2024-07-02 18:00:00,Hurricane (>64 knots)
246,AL022024,BERYL,HU,16.0,-71.8,130,2024-07-03 00:00:00,Hurricane (>64 knots)
246,AL022024,BERYL,HU,16.3,-73.5,125,2024-07-03 06:00:00,Hurricane (>64 knots)
246,AL022024,BERYL,HU,16.8,-75.3,125,2024-07-03 12:00:00,Hurricane (>64 knots)
246,AL022024,BERYL,HU,17.3,-76.8,120,2024-07-03 18:00:00,Hurricane (>64 knots)
246,AL022024,BERYL,HU,17.8,-78.3,115,2024-07-04 00:00:00,Hurricane (>64 knots)
246,AL022024,BERYL,HU,18.3,-80.0,105,2024-07-04 06:00:00,Hurricane (>64 knots)
246,AL022024,BERYL,HU,18.8,-81.8,95,2024-07-04 12:00:00,Hurricane (>64 knots)
246,AL022024,BERYL,HU,19.3,-83.4,90,2024-07-04 18:00:00,Hurricane (>64 knots)
246,AL022024,BERYL,HU,19.4,-84.8,100,2024-07-05 00:00:00,Hurricane (>64 knots)
246,AL022024,BERYL,HU,19.8,-86.2,95,2024-07-05 06:00:00,Hurricane (>64 knots)
246,AL022024,BERYL,HU,20.3,-87.4,80,2024-07-05 11:00:00,Hurricane (>64 knots)
246,AL022024,BERYL,HU,20.4,-87.6,75,2024-07-05 12:00:00,Hurricane (>64 knots)
246,AL022024,BERYL,TS,20.9,-88.8,60,2024-07-05 18:00:00,Tropical Storm (34-63 knots)
246,AL022024,BERYL,TS,21.4,-89.8,50,2024-07-06 00:00:00,Tropical Storm (34-63 knots)
246,AL022024,BERYL,TS,21.9,-90.9,45,2024-07-06 06:00:00,Tropical Storm (34-63 knots)
246,AL022024,BERYL,TS,22.6,-91.8,50,2024-07-06 12:00:00,Tropical Storm (34-63 knots)
246,AL022024,BERYL,TS,23.6,-92.7,50,2024-07-06 18:00:00,Tropical Storm (34-63 knots)
246,AL022024,BERYL,TS,24.4,-93.6,50,2024-07-07 00:00:00,Tropical Storm (34-63 knots)
246,AL022024,BERYL,TS,24.9,-94.3,50,2024-07-07 06:00:00,Tropical Storm (34-63 knots)
246,AL022024,BERYL,TS,25.5,-94.9,55,2024-07-07 12:00:00,Tropical Storm (34-63 knots)
246,AL022024,BERYL,TS,26.3,-95.4,55,2024-07-07 18:00:00,Tropical Storm (34-63 knots)
246,AL022024,BERYL,TS,27.1,-95.7,60,2024-07-08 00:00:00,Tropical Storm (34-63 knots)
246,AL022024,BERYL,HU,28.2,-95.9,70,2024-07-08 06:00:00,Hurricane (>64 knots)
246,AL022024,BERYL,HU,28.6,-96.0,80,2024-07-08 08:40:00,Hurricane (>64 knots)
246,AL022024,BERYL,HU,29.3,-96.0,70,2024-07-08 12:00:00,Hurricane (>64 knots)
246,AL022024,BERYL,TS,30.7,-95.6,50,2024-07-08 18:00:00,Tropical Storm (34-63 knots)
246,AL032024,CHRIS,TS,19.9,-96.0,35,2024-07-01 00:00:00,Tropical Storm (34-63 knots)
246,AL032024,CHRIS,TS,19.9,-96.5,40,2024-07-01 03:00:00,Tropical Storm (34-63 knots)
246,AL042024,DEBBY,TS,23.1,-82.6,35,2024-08-03 18:00:00,Tropical Storm (34-63 knots)
246,AL042024,DEBBY,TS,23.9,-83.2,35,2024-08-04 00:00:00,Tropical Storm (34-63 knots)
246,AL042024,DEBBY,TS,25.0,-83.8,40,2024-08-04 06:00:00,Tropical Storm (34-63 knots)
246,AL042024,DEBBY,TS,26.2,-84.3,50,2024-08-04 12:00:00,Tropical Storm (34-63 knots)
246,AL042024,DEBBY,TS,27.3,-84.3,60,2024-08-04 18:00:00,Tropical Storm (34-63 knots)
246,AL042024,DEBBY,HU,28.3,-84.1,70,2024-08-05 00:00:00,Hurricane (>64 knots)
246,AL042024,DEBBY,HU,29.1,-83.9,70,2024-08-05 06:00:00,Hurricane (>64 knots)
246,AL042024,DEBBY,HU,29.7,-83.5,70,2024-08-05 11:00:00,Hurricane (>64 knots)
246,AL042024,DEBBY,HU,29.9,-83.4,65,2024-08-05 12:00:00,Hurricane (>64 knots)
246,AL042024,DEBBY,TS,30.4,-83.0,50,2024-08-05 18:00:00,Tropical Storm (34-63 knots)
246,AL042024,DEBBY,TS,30.8,-82.3,45,2024-08-06 00:00:00,Tropical Storm (34-63 knots)
246,AL042024,DEBBY,TS,31.3,-81.8,45,2024-08-06 06:00:00,Tropical Storm (34-63 knots)
246,AL042024,DEBBY,TS,31.8,-81.4,40,2024-08-06 12:00:00,Tropical Storm (34-63 knots)
246,AL042024,DEBBY,TS,32.0,-81.1,40,2024-08-06 18:00:00,Tropical Storm (34-63 knots)
246,AL042024,DEBBY,SS,31.9,-80.4,40,2024-08-07 00:00:00,Subtropical Storm (>34 knots)
246,AL042024,DEBBY,SS,31.8,-79.7,45,2024-08-07 06:00:00,Subtropical Storm (>34 knots)
246,AL042024,DEBBY,SS,32.2,-79.3,50,2024-08-07 12:00:00,Subtropical Storm (>34 knots)
246,AL042024,DEBBY,SS,32.5,-79.2,50,2024-08-07 18:00:00,Subtropical Storm (>34 knots)
246,AL042024,DEBBY,SS,32.7,-79.4,45,2024-08-08 00:00:00,Subtropical Storm (>34 knots)
246,AL042024,DEBBY,SS,33.0,-79.6,40,2024-08-08 06:00:00,Subtropical Storm (>34 knots)
246,AL042024,DEBBY,SS,33.7,-80.0,40,2024-08-08 12:00:00,Subtropical Storm (>34 knots)
246,AL042024,DEBBY,SS,34.6,-80.3,40,2024-08-08 18:00:00,Subtropical Storm (>34 knots)
246,AL042024,DEBBY,EX,49.4,-64.7,35,2024-08-10 12:00:00,Extratropical Cyclone
246,AL042024,DEBBY,EX,50.0,-59.5,35,2024-08-10 18:00:00,Extratropical Cyclone
246,AL052024,ERNESTO,TS,15.9,-56.6,35,2024-08-12 18:00:00,Tropical Storm (34-63 knots)
246,AL052024,ERNESTO,TS,16.0,-58.6,35,2024-08-13 00:00:00,Tropical Storm (34-63 knots)
246,AL052024,ERNESTO,TS,16.1,-60.5,35,2024-08-13 06:00:00,Tropical Storm (34-63 knots)
246,AL052024,ERNESTO,TS,16.4,-61.4,35,2024-08-13 09:40:00,Tropical Storm (34-63 knots)
246,AL052024,ERNESTO,TS,16.6,-62.0,40,2024-08-13 12:00:00,Tropical Storm (34-63 knots)
246,AL052024,ERNESTO,TS,16.7,-62.2,40,2024-08-13 12:50:00,Tropical Storm (34-63 knots)
246,AL052024,ERNESTO,TS,17.6,-63.5,50,2024-08-13 18:00:00,Tropical Storm (34-63 knots)
246,AL052024,ERNESTO,TS,18.3,-64.7,55,2024-08-13 23:30:00,Tropical Storm (34-63 knots)
246,AL052024,ERNESTO,TS,18.4,-64.9,55,2024-08-14 00:00:00,Tropical Storm (34-63 knots)
246,AL052024,ERNESTO,TS,19.0,-66.0,60,2024-08-14 06:00:00,Tropical Storm (34-63 knots)
246,AL052024,ERNESTO,HU,19.9,-67.2,65,2024-08-14 12:00:00,Hurricane (>64 knots)
246,AL052024,ERNESTO,HU,21.1,-68.0,65,2024-08-14 18:00:00,Hurricane (>64 knots)
246,AL052024,ERNESTO,HU,22.3,-68.7,70,2024-08-15 00:00:00,Hurricane (>64 knots)
246,AL052024,ERNESTO,HU,23.4,-69.2,75,2024-08-15 06:00:00,Hurricane (>64 knots)
246,AL052024,ERNESTO,HU,24.5,-69.3,75,2024-08-15 12:00:00,Hurricane (>64 knots)
246,AL052024,ERNESTO,HU,25.6,-69.0,80,2024-08-15 18:00:00,Hurricane (>64 knots)
246,AL052024,ERNESTO,HU,26.6,-68.3,85,2024-08-16 00:00:00,Hurricane (>64 knots)
246,AL052024,ERNESTO,HU,27.7,-67.5,85,2024-08-16 06:00:00,Hurricane (>64 knots)
246,AL052024,ERNESTO,HU,28.9,-66.8,85,2024-08-16 12:00:00,Hurricane (>64 knots)
246,AL052024,ERNESTO,HU,30.0,-66.1,85,2024-08-16 18:00:00,Hurricane (>64 knots)
246,AL052024,ERNESTO,HU,31.0,-65.4,80,2024-08-17 00:00:00,Hurricane (>64 knots)
246,AL052024,ERNESTO,HU,31.9,-65.0,75,2024-08-17 06:00:00,Hurricane (>64 knots)
246,AL052024,ERNESTO,HU,32.3,-64.8,75,2024-08-17 08:30:00,Hurricane (>64 knots)
246,AL052024,ERNESTO,HU,32.6,-64.6,70,2024-08-17 12:00:00,Hurricane (>64 knots)
246,AL052024,ERNESTO,HU,33.0,-64.2,65,2024-08-17 18:00:00,Hurricane (>64 knots)
246,AL052024,ERNESTO,TS,33.5,-63.6,60,2024-08-18 00:00:00,Tropical Storm (34-63 knots)
246,AL052024,ERNESTO,TS,34.3,-63.2,60,2024-08-18 06:00:00,Tropical Storm (34-63 knots)
246,AL052024,ERNESTO,TS,35.4,-63.0,60,2024-08-18 12:00:00,Tropical Storm (34-63 knots)
246,AL052024,ERNESTO,HU,36.4,-62.6,65,2024-08-18 18:00:00,Hurricane (>64 knots)
246,AL052024,ERNESTO,HU,37.7,-62.0,70,2024-08-19 00:00:00,Hurricane (>64 knots)
246,AL052024,ERNESTO,HU,39.2,-61.2,75,2024-08-19 06:00:00,Hurricane (>64 knots)
246,AL052024,ERNESTO,HU,40.9,-59.8,85,2024-08-19 12:00:00,Hurricane (>64 knots)
246,AL052024,ERNESTO,HU,42.8,-58.1,80,2024-08-19 18:00:00,Hurricane (>64 knots)
246,AL052024,ERNESTO,HU,44.8,-55.0,75,2024-08-20 00:00:00,Hurricane (>64 knots)
246,AL052024,ERNESTO,HU,46.6,-51.4,65,2024-08-20 06:00:00,Hurricane (>64 knots)
246,AL052024,ERNESTO,EX,48.3,-47.2,60,2024-08-20 12:00:00,Extratropical Cyclone
246,AL052024,ERNESTO,EX,49.7,-41.9,55,2024-08-20 18:00:00,Extratropical Cyclone
249,AL012024,ALBERTO,DB,19.9,-92.7,35,2024-06-17 18:00:00,Disturbance
249,AL012024,ALBERTO,DB,20.4,-92.7,35,2024-06-18 00:00:00,Disturbance
249,AL012024,ALBERTO,DB,20.9,-92.7,35,2024-06-18 06:00:00,Disturbance
249,AL012024,ALBERTO,DB,21.5,-92.6,35,2024-06-18 12:00:00,Disturbance
249,AL012024,ALBERTO,DB,22.0,-92.6,35,2024-06-18 18:00:00,Disturbance
249,AL012024,ALBERTO,DB,22.3,-92.8,35,2024-06-19 00:00:00,Disturbance
249,AL012024,ALBERTO,DB,22.4,-93.5,35,2024-06-19 06:00:00,Disturbance
249,AL012024,ALBERTO,TS,22.1,-94.2,35,2024-06-19 12:00:00,Tropical Storm (34-63 knots)
249,AL012024,ALBERTO,TS,21.8,-94.8,40,2024-06-19 18:00:00,Tropical Storm (34-63 knots)
249,AL012024,ALBERTO,TS,21.5,-95.5,45,2024-06-20 00:00:00,Tropical Storm (34-63 knots)
249,AL012024,ALBERTO,TS,22.0,-96.7,45,2024-06-20 06:00:00,Tropical Storm (34-63 knots)
249,AL012024,ALBERTO,TS,22.4,-97.8,45,2024-06-20 09:00:00,Tropical Storm (34-63 knots)
249,AL012024,ALBERTO,TS,22.4,-98.8,35,2024-06-20 12:00:00,Tropical Storm (34-63 knots)
253,AL012022,ALEX,DB,21.9,-87.1,35,2022-06-03 06:00:00,Disturbance
253,AL012022,ALEX,DB,22.2,-86.9,35,2022-06-03 12:00:00,Disturbance
253,AL012022,ALEX,DB,22.8,-86.3,35,2022-06-03 18:00:00,Disturbance
253,AL012022,ALEX,DB,23.9,-85.1,35,2022-06-04 00:00:00,Disturbance
253,AL012022,ALEX,DB,25.0,-83.7,35,2022-06-04 06:00:00,Disturbance
257,AL152021,ODETTE,EX,41.3,-39.9,45,2021-09-22 06:00:00,Extratropical Cyclone
257,AL152021,ODETTE,EX,42.4,-40.2,45,2021-09-22 12:00:00,Extratropical Cyclone
257,AL152021,ODETTE,EX,43.5,-40.8,40,2021-09-22 18:00:00,Extratropical Cyclone
257,AL152021,ODETTE,EX,44.1,-41.2,40,2021-09-23 00:00:00,Extratropical Cyclone
257,AL152021,ODETTE,EX,44.2,-41.8,40,2021-09-23 06:00:00,Extratropical Cyclone
257,AL152021,ODETTE,EX,44.1,-42.4,40,2021-09-23 12:00:00,Extratropical Cyclone
257,AL152021,ODETTE,EX,43.8,-42.0,35,2021-09-23 18:00:00,Extratropical Cyclone
257,AL152021,ODETTE,EX,44.1,-41.4,35,2021-09-24 00:00:00,Extratropical Cyclone
257,AL152021,ODETTE,EX,44.1,-41.0,35,2021-09-24 06:00:00,Extratropical Cyclone
257,AL152021,ODETTE,EX,43.6,-40.5,35,2021-09-24 12:00:00,Extratropical Cyclone
257,AL152021,ODETTE,LO,42.7,-40.0,35,2021-09-24 18:00:00,Low (not tropical/subtropical/extratropical)
257,AL152021,ODETTE,LO,41.6,-39.4,35,2021-09-25 00:00:00,Low (not tropical/subtropical/extratropical)
257,AL152021,ODETTE,LO,40.3,-38.7,35,2021-09-25 06:00:00,Low (not tropical/subtropical/extratropical)
257,AL152021,ODETTE,LO,38.9,-38.0,35,2021-09-25 12:00:00,Low (not tropical/subtropical/extratropical)
257,AL152021,ODETTE,LO,37.3,-38.1,35,2021-09-25 18:00:00,Low (not tropical/subtropical/extratropical)
257,AL152021,ODETTE,LO,35.8,-38.6,35,2021-09-26 00:00:00,Low (not tropical/subtropical/extratropical)
257,AL182021,SAM,TS,10.4,-36.0,35,2021-09-23 06:00:00,Tropical Storm (34-63 knots)
257,AL182021,SAM,TS,10.7,-37.6,45,2021-09-23 12:00:00,Tropical Storm (34-63 knots)
257,AL182021,SAM,TS,10.9,-39.0,50,2021-09-23 18:00:00,Tropical Storm (34-63 knots)
257,AL182021,SAM,TS,11.1,-40.3,60,2021-09-24 00:00:00,Tropical Storm (34-63 knots)
257,AL182021,SAM,HU,11.4,-41.6,65,2021-09-24 06:00:00,Hurricane (>64 knots)
257,AL182021,SAM,HU,11.6,-43.0,65,2021-09-24 12:00:00,Hurricane (>64 knots)
257,AL182021,SAM,HU,11.9,-44.3,70,2021-09-24 18:00:00,Hurricane (>64 knots)
257,AL182021,SAM,HU,12.3,-45.4,85,2021-09-25 00:00:00,Hurricane (>64 knots)
257,AL182021,SAM,HU,12.6,-46.3,95,2021-09-25 06:00:00,Hurricane (>64 knots)
257,AL182021,SAM,HU,12.8,-47.2,105,2021-09-25 12:00:00,Hurricane (>64 knots)
257,AL182021,SAM,HU,13.1,-48.1,115,2021-09-25 18:00:00,Hurricane (>64 knots)
257,AL182021,SAM,HU,13.4,-48.8,130,2021-09-26 00:00:00,Hurricane (>64 knots)
257,AL182021,SAM,HU,13.6,-49.4,130,2021-09-26 06:00:00,Hurricane (>64 knots)
257,AL182021,SAM,HU,13.8,-50.0,130,2021-09-26 12:00:00,Hurricane (>64 knots)
257,AL182021,SAM,HU,14.1,-50.3,135,2021-09-26 18:00:00,Hurricane (>64 knots)
257,AL182021,SAM,HU,14.5,-50.6,130,2021-09-27 00:00:00,Hurricane (>64 knots)
257,AL182021,SAM,HU,15.0,-51.1,115,2021-09-27 06:00:00,Hurricane (>64 knots)
257,AL182021,SAM,HU,15.4,-51.7,105,2021-09-27 12:00:00,Hurricane (>64 knots)
257,AL182021,SAM,HU,15.9,-52.3,105,2021-09-27 18:00:00,Hurricane (>64 knots)
257,AL182021,SAM,HU,16.5,-52.9,105,2021-09-28 00:00:00,Hurricane (>64 knots)
257,AL182021,SAM,HU,16.9,-53.5,115,2021-09-28 06:00:00,Hurricane (>64 knots)
257,AL182021,SAM,HU,17.3,-54.1,115,2021-09-28 12:00:00,Hurricane (>64 knots)
257,AL182021,SAM,HU,17.7,-54.7,115,2021-09-28 18:00:00,Hurricane (>64 knots)
257,AL182021,SAM,HU,18.1,-55.3,115,2021-09-29 00:00:00,Hurricane (>64 knots)
257,AL182021,SAM,HU,18.6,-55.9,115,2021-09-29 06:00:00,Hurricane (>64 knots)
257,AL182021,SAM,HU,19.1,-56.6,115,2021-09-29 12:00:00,Hurricane (>64 knots)
257,AL182021,SAM,HU,19.7,-57.3,115,2021-09-29 18:00:00,Hurricane (>64 knots)
257,AL182021,SAM,HU,20.3,-58.0,125,2021-09-30 00:00:00,Hurricane (>64 knots)
257,AL182021,SAM,HU,21.0,-58.8,125,2021-09-30 06:00:00,Hurricane (>64 knots)
257,AL182021,SAM,HU,22.0,-59.6,125,2021-09-30 12:00:00,Hurricane (>64 knots)
257,AL182021,SAM,HU,23.0,-60.4,125,2021-09-30 18:00:00,Hurricane (>64 knots)
257,AL182021,SAM,HU,24.3,-61.0,125,2021-10-01 00:00:00,Hurricane (>64 knots)
257,AL182021,SAM,HU,25.8,-61.6,130,2021-10-01 06:00:00,Hurricane (>64 knots)
257,AL182021,SAM,HU,27.4,-61.9,130,2021-10-01 12:00:00,Hurricane (>64 knots)
257,AL182021,SAM,HU,29.2,-61.9,130,2021-10-01 18:00:00,Hurricane (>64 knots)
257,AL182021,SAM,HU,30.8,-61.5,125,2021-10-02 00:00:00,Hurricane (>64 knots)
257,AL182021,SAM,HU,32.1,-61.0,120,2021-10-02 06:00:00,Hurricane (>64 knots)
257,AL182021,SAM,HU,33.4,-60.1,115,2021-10-02 12:00:00,Hurricane (>64 knots)
257,AL182021,SAM,HU,34.7,-59.1,110,2021-10-02 18:00:00,Hurricane (>64 knots)
257,AL182021,SAM,HU,35.8,-57.9,100,2021-10-03 00:00:00,Hurricane (>64 knots)
257,AL182021,SAM,HU,36.7,-56.6,90,2021-10-03 06:00:00,Hurricane (>64 knots)
257,AL182021,SAM,HU,37.3,-55.4,85,2021-10-03 12:00:00,Hurricane (>64 knots)
257,AL182021,SAM,HU,38.0,-53.9,85,2021-10-03 18:00:00,Hurricane (>64 knots)
257,AL182021,SAM,HU,38.7,-52.2,90,2021-10-04 00:00:00,Hurricane (>64 knots)
257,AL182021,SAM,HU,39.9,-49.9,90,2021-10-04 06:00:00,Hurricane (>64 knots)
257,AL182021,SAM,HU,41.4,-47.1,85,2021-10-04 12:00:00,Hurricane (>64 knots)
257,AL182021,SAM,HU,43.8,-43.6,80,2021-10-04 18:00:00,Hurricane (>64 knots)
257,AL182021,SAM,HU,46.5,-40.5,75,2021-10-05 00:00:00,Hurricane (>64 knots)
257,AL182021,SAM,EX,49.4,-39.7,70,2021-10-05 06:00:00,Extratropical Cyclone
257,AL182021,SAM,EX,52.2,-39.6,65,2021-10-05 12:00:00,Extratropical Cyclone
257,AL182021,SAM,EX,50.6,-42.1,65,2021-10-05 18:00:00,Extratropical Cyclone
257,AL182021,SAM,EX,49.9,-38.9,60,2021-10-06 00:00:00,Extratropical Cyclone
257,AL182021,SAM,EX,50.5,-35.5,55,2021-10-06 06:00:00,Extratropical Cyclone
257,AL182021,SAM,EX,51.5,-32.4,50,2021-10-06 12:00:00,Extratropical Cyclone
257,AL182021,SAM,EX,53.1,-29.0,45,2021-10-06 18:00:00,Extratropical Cyclone
257,AL182021,SAM,EX,55.2,-25.4,45,2021-10-07 00:00:00,Extratropical Cyclone
257,AL182021,SAM,EX,58.1,-22.3,40,2021-10-07 06:00:00,Extratropical Cyclone
257,AL192021,TERESA,SS,32.8,-62.9,35,2021-09-24 12:00:00,Subtropical Storm (>34 knots)
257,AL192021,TERESA,SS,33.6,-64.1,40,2021-09-24 18:00:00,Subtropical Storm (>34 knots)
257,AL192021,TERESA,SS,34.1,-65.0,40,2021-09-25 00:00:00,Subtropical Storm (>34 knots)
257,AL192021,TERESA,SS,34.3,-65.5,35,2021-09-25 06:00:00,Subtropical Storm (>34 knots)
257,AL202021,VICTOR,TS,8.1,-25.1,35,2021-09-29 18:00:00,Tropical Storm (34-63 knots)
257,AL202021,VICTOR,TS,8.3,-26.0,35,2021-09-30 00:00:00,Tropical Storm (34-63 knots)
257,AL202021,VICTOR,TS,8.7,-27.1,40,2021-09-30 06:00:00,Tropical Storm (34-63 knots)
257,AL202021,VICTOR,TS,9.2,-28.4,40,2021-09-30 12:00:00,Tropical Storm (34-63 knots)
257,AL202021,VICTOR,TS,9.8,-29.5,45,2021-09-30 18:00:00,Tropical Storm (34-63 knots)
257,AL202021,VICTOR,TS,10.5,-30.6,50,2021-10-01 00:00:00,Tropical Storm (34-63 knots)
257,AL202021,VICTOR,TS,11.0,-31.8,50,2021-10-01 06:00:00,Tropical Storm (34-63 knots)
257,AL202021,VICTOR,TS,11.4,-33.0,55,2021-10-01 12:00:00,Tropical Storm (34-63 knots)
257,AL202021,VICTOR,TS,11.8,-33.9,55,2021-10-01 18:00:00,Tropical Storm (34-63 knots)
257,AL202021,VICTOR,TS,12.1,-34.9,50,2021-10-02 00:00:00,Tropical Storm (34-63 knots)
257,AL202021,VICTOR,TS,12.5,-35.8,45,2021-10-02 06:00:00,Tropical Storm (34-63 knots)
257,AL202021,VICTOR,TS,12.7,-36.7,35,2021-10-02 12:00:00,Tropical Storm (34-63 knots)
257,AL212021,WANDA,EX,32.5,-76.3,35,2021-10-25 18:00:00,Extratropical Cyclone
257,AL212021,WANDA,EX,34.2,-74.1,45,2021-10-26 00:00:00,Extratropical Cyclone
257,AL212021,WANDA,EX,35.9,-71.3,45,2021-10-26 06:00:00,Extratropical Cyclone
257,AL212021,WANDA,EX,37.7,-69.1,50,2021-10-26 12:00:00,Extratropical Cyclone
257,AL212021,WANDA,EX,39.5,-68.2,55,2021-10-26 18:00:00,Extratropical Cyclone
257,AL212021,WANDA,EX,40.8,-67.6,60,2021-10-27 00:00:00,Extratropical Cyclone
257,AL212021,WANDA,EX,41.4,-69.4,60,2021-10-27 06:00:00,Extratropical Cyclone
257,AL212021,WANDA,EX,39.9,-70.1,55,2021-10-27 12:00:00,Extratropical Cyclone
257,AL212021,WANDA,EX,38.7,-68.5,50,2021-10-27 18:00:00,Extratropical Cyclone
257,AL212021,WANDA,EX,39.0,-65.9,45,2021-10-28 00:00:00,Extratropical Cyclone
257,AL212021,WANDA,EX,39.4,-63.9,45,2021-10-28 06:00:00,Extratropical Cyclone
257,AL212021,WANDA,EX,39.8,-61.9,45,2021-10-28 12:00:00,Extratropical Cyclone
257,AL212021,WANDA,EX,40.2,-59.8,45,2021-10-28 18:00:00,Extratropical Cyclone
257,AL212021,WANDA,EX,40.6,-58.1,45,2021-10-29 00:00:00,Extratropical Cyclone
257,AL212021,WANDA,EX,40.7,-56.8,45,2021-10-29 06:00:00,Extratropical Cyclone
257,AL212021,WANDA,EX,40.6,-55.5,45,2021-10-29 12:00:00,Extratropical Cyclone
257,AL212021,WANDA,EX,40.4,-54.0,45,2021-10-29 18:00:00,Extratropical Cyclone
257,AL212021,WANDA,EX,40.1,-52.4,45,2021-10-30 00:00:00,Extratropical Cyclone
257,AL212021,WANDA,EX,39.4,-51.2,40,2021-10-30 06:00:00,Extratropical Cyclone
257,AL212021,WANDA,SS,38.5,-49.6,40,2021-10-30 12:00:00,Subtropical Storm (>34 knots)
257,AL212021,WANDA,SS,37.5,-47.8,40,2021-10-30 18:00:00,Subtropical Storm (>34 knots)
257,AL212021,WANDA,SS,36.5,-46.0,45,2021-10-31 00:00:00,Subtropical Storm (>34 knots)
257,AL212021,WANDA,SS,36.6,-44.2,50,2021-10-31 06:00:00,Subtropical Storm (>34 knots)
257,AL212021,WANDA,SS,36.5,-43.4,50,2021-10-31 12:00:00,Subtropical Storm (>34 knots)
257,AL212021,WANDA,SS,36.4,-43.5,50,2021-10-31 18:00:00,Subtropical Storm (>34 knots)
257,AL212021,WANDA,SS,35.8,-44.0,45,2021-11-01 00:00:00,Subtropical Storm (>34 knots)
257,AL212021,WANDA,SS,34.8,-44.2,40,2021-11-01 06:00:00,Subtropical Storm (>34 knots)
257,AL212021,WANDA,TS,34.1,-43.4,40,2021-11-01 12:00:00,Tropical Storm (34-63 knots)
257,AL212021,WANDA,TS,34.1,-42.6,35,2021-11-01 18:00:00,Tropical Storm (34-63 knots)
257,AL212021,WANDA,TS,34.4,-41.9,35,2021-11-02 00:00:00,Tropical Storm (34-63 knots)
257,AL212021,WANDA,TS,34.9,-41.3,40,2021-11-02 06:00:00,Tropical Storm (34-63 knots)
257,AL212021,WANDA,TS,35.5,-40.7,40,2021-11-02 12:00:00,Tropical Storm (34-63 knots)
257,AL212021,WANDA,TS,36.2,-40.5,40,2021-11-02 18:00:00,Tropical Storm (34-63 knots)
257,AL212021,WANDA,TS,36.9,-40.4,40,2021-11-03 00:00:00,Tropical Storm (34-63 knots)
257,AL212021,WANDA,TS,37.6,-40.2,40,2021-11-03 06:00:00,Tropical Storm (34-63 knots)
257,AL212021,WANDA,TS,38.4,-39.9,40,2021-11-03 12:00:00,Tropical Storm (34-63 knots)
257,AL212021,WANDA,TS,39.3,-39.7,45,2021-11-03 18:00:00,Tropical Storm (34-63 knots)
257,AL212021,WANDA,TS,40.2,-39.7,45,2021-11-04 00:00:00,Tropical Storm (34-63 knots)
257,AL212021,WANDA,TS,41.0,-39.7,45,2021-11-04 06:00:00,Tropical Storm (34-63 knots)
257,AL212021,WANDA,TS,41.7,-39.7,40,2021-11-04 12:00:00,Tropical Storm (34-63 knots)
257,AL212021,WANDA,TS,42.1,-39.6,40,2021-11-04 18:00:00,Tropical Storm (34-63 knots)
257,AL212021,WANDA,TS,42.3,-39.0,45,2021-11-05 00:00:00,Tropical Storm (34-63 knots)
257,AL212021,WANDA,TS,42.0,-38.3,45,2021-11-05 06:00:00,Tropical Storm (34-63 knots)
257,AL212021,WANDA,TS,41.1,-37.8,45,2021-11-05 12:00:00,Tropical Storm (34-63 knots)
257,AL212021,WANDA,TS,39.6,-37.5,45,2021-11-05 18:00:00,Tropical Storm (34-63 knots)
257,AL212021,WANDA,TS,38.4,-38.0,45,2021-11-06 00:00:00,Tropical Storm (34-63 knots)
257,AL212021,WANDA,TS,37.6,-38.3,45,2021-11-06 06:00:00,Tropical Storm (34-63 knots)
257,AL212021,WANDA,TS,37.2,-38.4,40,2021-11-06 12:00:00,Tropical Storm (34-63 knots)
257,AL212021,WANDA,TS,37.1,-38.0,35,2021-11-06 18:00:00,Tropical Storm (34-63 knots)
257,AL212021,WANDA,TS,37.4,-37.4,35,2021-11-07 00:00:00,Tropical Storm (34-63 knots)
257,AL212021,WANDA,TS,38.1,-36.4,35,2021-11-07 06:00:00,Tropical Storm (34-63 knots)
257,AL212021,WANDA,LO,39.2,-34.9,35,2021-11-07 12:00:00,Low (not tropical/subtropical/extratropical)
257,AL212021,WANDA,LO,40.9,-32.8,40,2021-11-07 18:00:00,Low (not tropical/subtropical/extratropical)
257,AL212021,WANDA,LO,43.2,-29.7,40,2021-11-08 00:00:00,Low (not tropical/subtropical/extratropical)
258,AL212021,WANDA,EX,32.5,-76.3,35,2021-10-25 18:00:00,Extratropical Cyclone
258,AL212021,WANDA,EX,34.2,-74.1,45,2021-10-26 00:00:00,Extratropical Cyclone
258,AL212021,WANDA,EX,35.9,-71.3,45,2021-10-26 06:00:00,Extratropical Cyclone
258,AL212021,WANDA,EX,37.7,-69.1,50,2021-10-26 12:00:00,Extratropical Cyclone
258,AL212021,WANDA,EX,39.5,-68.2,55,2021-10-26 18:00:00,Extratropical Cyclone
258,AL212021,WANDA,EX,40.8,-67.6,60,2021-10-27 00:00:00,Extratropical Cyclone
258,AL212021,WANDA,EX,41.4,-69.4,60,2021-10-27 06:00:00,Extratropical Cyclone
258,AL212021,WANDA,EX,39.9,-70.1,55,2021-10-27 12:00:00,Extratropical Cyclone
258,AL212021,WANDA,EX,38.7,-68.5,50,2021-10-27 18:00:00,Extratropical Cyclone
258,AL212021,WANDA,EX,39.0,-65.9,45,2021-10-28 00:00:00,Extratropical Cyclone
258,AL212021,WANDA,EX,39.4,-63.9,45,2021-10-28 06:00:00,Extratropical Cyclone
258,AL212021,WANDA,EX,39.8,-61.9,45,2021-10-28 12:00:00,Extratropical Cyclone
258,AL212021,WANDA,EX,40.2,-59.8,45,2021-10-28 18:00:00,Extratropical Cyclone
258,AL212021,WANDA,EX,40.6,-58.1,45,2021-10-29 00:00:00,Extratropical Cyclone
258,AL212021,WANDA,EX,40.7,-56.8,45,2021-10-29 06:00:00,Extratropical Cyclone
258,AL212021,WANDA,EX,40.6,-55.5,45,2021-10-29 12:00:00,Extratropical Cyclone
258,AL212021,WANDA,EX,40.4,-54.0,45,2021-10-29 18:00:00,Extratropical Cyclone
258,AL212021,WANDA,EX,40.1,-52.4,45,2021-10-30 00:00:00,Extratropical Cyclone
258,AL212021,WANDA,EX,39.4,-51.2,40,2021-10-30 06:00:00,Extratropical Cyclone
258,AL212021,WANDA,SS,38.5,-49.6,40,2021-10-30 12:00:00,Subtropical Storm (>34 knots)
258,AL212021,WANDA,SS,37.5,-47.8,40,2021-10-30 18:00:00,Subtropical Storm (>34 knots)
258,AL212021,WANDA,SS,36.5,-46.0,45,2021-10-31 00:00:00,Subtropical Storm (>34 knots)
258,AL212021,WANDA,SS,36.6,-44.2,50,2021-10-31 06:00:00,Subtropical Storm (>34 knots)
258,AL212021,WANDA,SS,36.5,-43.4,50,2021-10-31 12:00:00,Subtropical Storm (>34 knots)
258,AL212021,WANDA,SS,36.4,-43.5,50,2021-10-31 18:00:00,Subtropical Storm (>34 knots)
258,AL212021,WANDA,SS,35.8,-44.0,45,2021-11-01 00:00:00,Subtropical Storm (>34 knots)
258,AL212021,WANDA,SS,34.8,-44.2,40,2021-11-01 06:00:00,Subtropical Storm (>34 knots)
258,AL212021,WANDA,TS,34.1,-43.4,40,2021-11-01 12:00:00,Tropical Storm (34-63 knots)
258,AL212021,WANDA,TS,34.1,-42.6,35,2021-11-01 18:00:00,Tropical Storm (34-63 knots)
258,AL212021,WANDA,TS,34.4,-41.9,35,2021-11-02 00:00:00,Tropical Storm (34-63 knots)
258,AL212021,WANDA,TS,34.9,-41.3,40,2021-11-02 06:00:00,Tropical Storm (34-63 knots)
258,AL212021,WANDA,TS,35.5,-40.7,40,2021-11-02 12:00:00,Tropical Storm (34-63 knots)
258,AL212021,WANDA,TS,36.2,-40.5,40,2021-11-02 18:00:00,Tropical Storm (34-63 knots)
258,AL212021,WANDA,TS,36.9,-40.4,40,2021-11-03 00:00:00,Tropical Storm (34-63 knots)
258,AL212021,WANDA,TS,37.6,-40.2,40,2021-11-03 06:00:00,Tropical Storm (34-63 knots)
258,AL212021,WANDA,TS,38.4,-39.9,40,2021-11-03 12:00:00,Tropical Storm (34-63 knots)
258,AL212021,WANDA,TS,39.3,-39.7,45,2021-11-03 18:00:00,Tropical Storm (34-63 knots)
258,AL212021,WANDA,TS,40.2,-39.7,45,2021-11-04 00:00:00,Tropical Storm (34-63 knots)
258,AL212021,WANDA,TS,41.0,-39.7,45,2021-11-04 06:00:00,Tropical Storm (34-63 knots)
258,AL212021,WANDA,TS,41.7,-39.7,40,2021-11-04 12:00:00,Tropical Storm (34-63 knots)
258,AL212021,WANDA,TS,42.1,-39.6,40,2021-11-04 18:00:00,Tropical Storm (34-63 knots)
258,AL212021,WANDA,TS,42.3,-39.0,45,2021-11-05 00:00:00,Tropical Storm (34-63 knots)
258,AL212021,WANDA,TS,42.0,-38.3,45,2021-11-05 06:00:00,Tropical Storm (34-63 knots)
258,AL212021,WANDA,TS,41.1,-37.8,45,2021-11-05 12:00:00,Tropical Storm (34-63 knots)
258,AL212021,WANDA,TS,39.6,-37.5,45,2021-11-05 18:00:00,Tropical Storm (34-63 knots)
258,AL212021,WANDA,TS,38.4,-38.0,45,2021-11-06 00:00:00,Tropical Storm (34-63 knots)
258,AL212021,WANDA,TS,37.6,-38.3,45,2021-11-06 06:00:00,Tropical Storm (34-63 knots)
258,AL212021,WANDA,TS,37.2,-38.4,40,2021-11-06 12:00:00,Tropical Storm (34-63 knots)
258,AL212021,WANDA,TS,37.1,-38.0,35,2021-11-06 18:00:00,Tropical Storm (34-63 knots)
258,AL212021,WANDA,TS,37.4,-37.4,35,2021-11-07 00:00:00,Tropical Storm (34-63 knots)
258,AL212021,WANDA,TS,38.1,-36.4,35,2021-11-07 06:00:00,Tropical Storm (34-63 knots)
258,AL212021,WANDA,LO,39.2,-34.9,35,2021-11-07 12:00:00,Low (not tropical/subtropical/extratropical)
258,AL212021,WANDA,LO,40.9,-32.8,40,2021-11-07 18:00:00,Low (not tropical/subtropical/extratropical)
258,AL212021,WANDA,LO,43.2,-29.7,40,2021-11-08 00:00:00,Low (not tropical/subtropical/extratropical)
261,AL072022,FIONA,TS,16.5,-52.4,45,2022-09-15 06:00:00,Tropical Storm (34-63 knots)
261,AL072022,FIONA,TS,16.4,-53.6,45,2022-09-15 12:00:00,Tropical Storm (34-63 knots)
261,AL072022,FIONA,TS,16.3,-54.8,50,2022-09-15 18:00:00,Tropical Storm (34-63 knots)
261,AL072022,FIONA,TS,16.1,-56.2,50,2022-09-16 00:00:00,Tropical Storm (34-63 knots)
261,AL072022,FIONA,TS,15.8,-57.5,50,2022-09-16 06:00:00,Tropical Storm (34-63 knots)
261,AL072022,FIONA,TS,15.8,-58.8,45,2022-09-16 12:00:00,Tropical Storm (34-63 knots)
261,AL072022,FIONA,TS,16.3,-60.4,45,2022-09-16 18:00:00,Tropical Storm (34-63 knots)
261,AL072022,FIONA,TS,16.4,-61.4,50,2022-09-16 23:15:00,Tropical Storm (34-63 knots)
261,AL072022,FIONA,TS,16.4,-61.6,50,2022-09-17 00:00:00,Tropical Storm (34-63 knots)
261,AL072022,FIONA,TS,16.3,-62.6,50,2022-09-17 06:00:00,Tropical Storm (34-63 knots)
261,AL072022,FIONA,TS,16.4,-63.3,50,2022-09-17 12:00:00,Tropical Storm (34-63 knots)
261,AL072022,FIONA,TS,16.5,-64.0,50,2022-09-17 18:00:00,Tropical Storm (34-63 knots)
261,AL072022,FIONA,TS,16.5,-64.7,50,2022-09-18 00:00:00,Tropical Storm (34-63 knots)
261,AL072022,FIONA,TS,16.9,-65.5,55,2022-09-18 06:00:00,Tropical Storm (34-63 knots)
261,AL072022,FIONA,HU,17.2,-66.2,65,2022-09-18 12:00:00,Hurricane (>64 knots)
261,AL072022,FIONA,HU,17.8,-66.9,75,2022-09-18 18:00:00,Hurricane (>64 knots)
261,AL072022,FIONA,HU,18.0,-67.1,75,2022-09-18 19:20:00,Hurricane (>64 knots)
261,AL072022,FIONA,HU,18.1,-67.8,75,2022-09-19 00:00:00,Hurricane (>64 knots)
261,AL072022,FIONA,HU,18.2,-68.4,80,2022-09-19 06:00:00,Hurricane (>64 knots)
261,AL072022,FIONA,HU,18.4,-68.5,80,2022-09-19 07:30:00,Hurricane (>64 knots)
261,AL072022,FIONA,HU,18.8,-68.9,75,2022-09-19 12:00:00,Hurricane (>64 knots)
261,AL072022,FIONA,HU,19.5,-69.5,85,2022-09-19 18:00:00,Hurricane (>64 knots)
261,AL072022,FIONA,HU,20.2,-70.1,95,2022-09-20 00:00:00,Hurricane (>64 knots)
261,AL072022,FIONA,HU,20.8,-70.7,100,2022-09-20 06:00:00,Hurricane (>64 knots)
261,AL072022,FIONA,HU,21.4,-71.1,100,2022-09-20 11:00:00,Hurricane (>64 knots)
261,AL072022,FIONA,HU,21.5,-71.2,100,2022-09-20 12:00:00,Hurricane (>64 knots)
261,AL072022,FIONA,HU,22.3,-71.7,100,2022-09-20 18:00:00,Hurricane (>64 knots)
261,AL072022,FIONA,HU,22.9,-71.8,110,2022-09-21 00:00:00,Hurricane (>64 knots)
261,AL072022,FIONA,HU,23.5,-71.8,120,2022-09-21 06:00:00,Hurricane (>64 knots)
261,AL072022,FIONA,HU,24.2,-71.7,115,2022-09-21 12:00:00,Hurricane (>64 knots)
261,AL072022,FIONA,HU,25.1,-71.6,115,2022-09-21 18:00:00,Hurricane (>64 knots)
261,AL072022,FIONA,HU,26.0,-71.4,115,2022-09-22 00:00:00,Hurricane (>64 knots)
261,AL072022,FIONA,HU,26.9,-71.1,115,2022-09-22 06:00:00,Hurricane (>64 knots)
261,AL072022,FIONA,HU,28.0,-70.6,115,2022-09-22 12:00:00,Hurricane (>64 knots)
261,AL072022,FIONA,HU,29.5,-70.0,115,2022-09-22 18:00:00,Hurricane (>64 knots)
261,AL072022,FIONA,HU,30.9,-69.0,115,2022-09-23 00:00:00,Hurricane (>64 knots)
261,AL072022,FIONA,HU,32.5,-67.5,115,2022-09-23 06:00:00,Hurricane (>64 knots)
261,AL072022,FIONA,HU,34.3,-65.0,115,2022-09-23 12:00:00,Hurricane (>64 knots)
261,AL072022,FIONA,HU,37.8,-61.7,110,2022-09-23 18:00:00,Hurricane (>64 knots)
261,AL072022,FIONA,EX,42.3,-60.7,100,2022-09-24 00:00:00,Extratropical Cyclone
261,AL072022,FIONA,EX,45.0,-61.2,85,2022-09-24 06:00:00,Extratropical Cyclone
261,AL072022,FIONA,EX,45.2,-61.2,85,2022-09-24 07:00:00,Extratropical Cyclone
261,AL072022,FIONA,EX,46.8,-61.2,75,2022-09-24 12:00:00,Extratropical Cyclone
261,AL072022,FIONA,EX,47.9,-60.8,65,2022-09-24 18:00:00,Extratropical Cyclone
261,AL072022,FIONA,EX,48.8,-59.8,60,2022-09-25 00:00:00,Extratropical Cyclone
261,AL072022,FIONA,EX,50.6,-58.6,50,2022-09-25 06:00:00,Extratropical Cyclone
261,AL072022,FIONA,EX,51.3,-58.3,45,2022-09-25 08:00:00,Extratropical Cyclone
261,AL072022,FIONA,EX,53.1,-57.5,45,2022-09-25 12:00:00,Extratropical Cyclone
261,AL072022,FIONA,EX,55.5,-58.0,40,2022-09-25 18:00:00,Extratropical Cyclone
261,AL072022,FIONA,EX,57.5,-59.0,35,2022-09-26 00:00:00,Extratropical Cyclone
261,AL072022,FIONA,EX,58.5,-59.0,35,2022-09-26 06:00:00,Extratropical Cyclone
261,AL072022,FIONA,EX,59.5,-59.0,35,2022-09-26 12:00:00,Extratropical Cyclone
261,AL082022,GASTON,TS,34.0,-45.0,35,2022-09-20 18:00:00,Tropical Storm (34-63 knots)
261,AL082022,GASTON,TS,35.5,-44.1,45,2022-09-21 00:00:00,Tropical Storm (34-63 knots)
261,AL082022,GASTON,TS,36.9,-43.1,55,2022-09-21 06:00:00,Tropical Storm (34-63 knots)
261,AL082022,GASTON,TS,37.9,-42.0,55,2022-09-21 12:00:00,Tropical Storm (34-63 knots)
261,AL082022,GASTON,TS,38.6,-40.7,55,2022-09-21 18:00:00,Tropical Storm (34-63 knots)
261,AL082022,GASTON,TS,39.4,-38.6,55,2022-09-22 00:00:00,Tropical Storm (34-63 knots)
261,AL082022,GASTON,TS,40.1,-36.5,55,2022-09-22 06:00:00,Tropical Storm (34-63 knots)
261,AL082022,GASTON,TS,40.7,-34.8,55,2022-09-22 12:00:00,Tropical Storm (34-63 knots)
261,AL082022,GASTON,TS,41.0,-33.1,55,2022-09-22 18:00:00,Tropical Storm (34-63 knots)
261,AL082022,GASTON,TS,41.1,-31.5,55,2022-09-23 00:00:00,Tropical Storm (34-63 knots)
261,AL082022,GASTON,TS,40.9,-30.1,55,2022-09-23 06:00:00,Tropical Storm (34-63 knots)
261,AL082022,GASTON,TS,40.5,-29.2,55,2022-09-23 12:00:00,Tropical Storm (34-63 knots)
261,AL082022,GASTON,TS,39.8,-28.8,50,2022-09-23 18:00:00,Tropical Storm (34-63 knots)
261,AL082022,GASTON,TS,39.1,-29.2,45,2022-09-24 00:00:00,Tropical Storm (34-63 knots)
261,AL082022,GASTON,TS,38.7,-29.7,45,2022-09-24 06:00:00,Tropical Storm (34-63 knots)
261,AL082022,GASTON,TS,38.2,-30.4,40,2022-09-24 12:00:00,Tropical Storm (34-63 knots)
261,AL082022,GASTON,TS,38.0,-31.4,45,2022-09-24 18:00:00,Tropical Storm (34-63 knots)
261,AL082022,GASTON,TS,38.4,-32.7,45,2022-09-25 00:00:00,Tropical Storm (34-63 knots)
261,AL082022,GASTON,TS,38.9,-34.1,45,2022-09-25 06:00:00,Tropical Storm (34-63 knots)
261,AL082022,GASTON,TS,39.4,-35.7,45,2022-09-25 12:00:00,Tropical Storm (34-63 knots)
261,AL082022,GASTON,TS,39.2,-37.0,40,2022-09-25 18:00:00,Tropical Storm (34-63 knots)
261,AL082022,GASTON,LO,38.8,-37.7,35,2022-09-26 00:00:00,Low (not tropical/subtropical/extratropical)
261,AL082022,GASTON,LO,38.5,-38.5,35,2022-09-26 06:00:00,Low (not tropical/subtropical/extratropical)
261,AL092022,IAN,TS,14.7,-71.7,35,2022-09-24 00:00:00,Tropical Storm (34-63 knots)
261,AL092022,IAN,TS,14.7,-72.9,35,2022-09-24 06:00:00,Tropical Storm (34-63 knots)
261,AL092022,IAN,TS,14.5,-74.4,40,2022-09-24 12:00:00,Tropical Storm (34-63 knots)
261,AL092022,IAN,TS,14.4,-75.8,40,2022-09-24 18:00:00,Tropical Storm (34-63 knots)
261,AL092022,IAN,TS,14.6,-77.2,40,2022-09-25 00:00:00,Tropical Storm (34-63 knots)
261,AL092022,IAN,TS,14.6,-78.3,40,2022-09-25 06:00:00,Tropical Storm (34-63 knots)
261,AL092022,IAN,TS,15.0,-79.4,40,2022-09-25 12:00:00,Tropical Storm (34-63 knots)
261,AL092022,IAN,TS,15.8,-80.1,40,2022-09-25 18:00:00,Tropical Storm (34-63 knots)
261,AL092022,IAN,TS,16.8,-80.9,50,2022-09-26 00:00:00,Tropical Storm (34-63 knots)
261,AL092022,IAN,HU,17.7,-81.7,65,2022-09-26 06:00:00,Hurricane (>64 knots)
261,AL092022,IAN,HU,18.7,-82.4,70,2022-09-26 12:00:00,Hurricane (>64 knots)
261,AL102022,HERMINE,TS,18.1,-20.3,35,2022-09-23 18:00:00,Tropical Storm (34-63 knots)
261,AL102022,HERMINE,TS,18.7,-20.7,35,2022-09-24 00:00:00,Tropical Storm (34-63 knots)
261,AL102022,HERMINE,TS,19.4,-20.9,35,2022-09-24 06:00:00,Tropical Storm (34-63 knots)
262,AL042024,DEBBY,TS,23.1,-82.6,35,2024-08-03 18:00:00,Tropical Storm (34-63 knots)
262,AL042024,DEBBY,TS,23.9,-83.2,35,2024-08-04 00:00:00,Tropical Storm (34-63 knots)
262,AL042024,DEBBY,TS,25.0,-83.8,40,2024-08-04 06:00:00,Tropical Storm (34-63 knots)
262,AL042024,DEBBY,TS,26.2,-84.3,50,2024-08-04 12:00:00,Tropical Storm (34-63 knots)
262,AL042024,DEBBY,TS,27.3,-84.3,60,2024-08-04 18:00:00,Tropical Storm (34-63 knots)
262,AL042024,DEBBY,HU,28.3,-84.1,70,2024-08-05 00:00:00,Hurricane (>64 knots)
262,AL042024,DEBBY,HU,29.1,-83.9,70,2024-08-05 06:00:00,Hurricane (>64 knots)
262,AL042024,DEBBY,HU,29.7,-83.5,70,2024-08-05 11:00:00,Hurricane (>64 knots)
262,AL042024,DEBBY,HU,29.9,-83.4,65,2024-08-05 12:00:00,Hurricane (>64 knots)
262,AL042024,DEBBY,TS,30.4,-83.0,50,2024-08-05 18:00:00,Tropical Storm (34-63 knots)
262,AL042024,DEBBY,TS,30.8,-82.3,45,2024-08-06 00:00:00,Tropical Storm (34-63 knots)
262,AL042024,DEBBY,TS,31.3,-81.8,45,2024-08-06 06:00:00,Tropical Storm (34-63 knots)
262,AL042024,DEBBY,TS,31.8,-81.4,40,2024-08-06 12:00:00,Tropical Storm (34-63 knots)
262,AL042024,DEBBY,TS,32.0,-81.1,40,2024-08-06 18:00:00,Tropical Storm (34-63 knots)
262,AL042024,DEBBY,SS,31.9,-80.4,40,2024-08-07 00:00:00,Subtropical Storm (>34 knots)
262,AL042024,DEBBY,SS,31.8,-79.7,45,2024-08-07 06:00:00,Subtropical Storm (>34 knots)
262,AL042024,DEBBY,SS,32.2,-79.3,50,2024-08-07 12:00:00,Subtropical Storm (>34 knots)
262,AL042024,DEBBY,SS,32.5,-79.2,50,2024-08-07 18:00:00,Subtropical Storm (>34 knots)
262,AL042024,DEBBY,SS,32.7,-79.4,45,2024-08-08 00:00:00,Subtropical Storm (>34 knots)
262,AL042024,DEBBY,SS,33.0,-79.6,40,2024-08-08 06:00:00,Subtropical Storm (>34 knots)
262,AL042024,DEBBY,SS,33.7,-80.0,40,2024-08-08 12:00:00,Subtropical Storm (>34 knots)
262,AL042024,DEBBY,SS,34.6,-80.3,40,2024-08-08 18:00:00,Subtropical Storm (>34 knots)
262,AL042024,DEBBY,EX,49.4,-64.7,35,2024-08-10 12:00:00,Extratropical Cyclone
262,AL042024,DEBBY,EX,50.0,-59.5,35,2024-08-10 18:00:00,Extratropical Cyclone
263,AL042025,DEXTER,LO,33.5,-72.2,35,2025-08-03 12:00:00,Low (not tropical/subtropical/extratropical)
263,AL042025,DEXTER,LO,33.7,-71.0,35,2025-08-03 18:00:00,Low (not tropical/subtropical/extratropical)
263,AL042025,DEXTER,TS,34.0,-69.8,40,2025-08-04 00:00:00,Tropical Storm (34-63 knots)
263,AL042025,DEXTER,TS,34.3,-68.8,40,2025-08-04 06:00:00,Tropical Storm (34-63 knots)
263,AL042025,DEXTER,TS,35.0,-68.0,40,2025-08-04 12:00:00,Tropical Storm (34-63 knots)
263,AL042025,DEXTER,TS,35.8,-66.9,40,2025-08-04 18:00:00,Tropical Storm (34-63 knots)
263,AL042025,DEXTER,TS,36.4,-65.9,35,2025-08-05 00:00:00,Tropical Storm (34-63 knots)
263,AL042025,DEXTER,TS,37.0,-64.9,35,2025-08-05 06:00:00,Tropical Storm (34-63 knots)
263,AL042025,DEXTER,TS,37.7,-63.9,35,2025-08-05 12:00:00,Tropical Storm (34-63 knots)
263,AL042025,DEXTER,TS,38.2,-62.8,35,2025-08-05 18:00:00,Tropical Storm (34-63 knots)
263,AL042025,DEXTER,TS,38.7,-61.9,35,2025-08-06 00:00:00,Tropical Storm (34-63 knots)
263,AL042025,DEXTER,TS,39.4,-60.5,40,2025-08-06 06:00:00,Tropical Storm (34-63 knots)
263,AL042025,DEXTER,TS,39.7,-59.0,45,2025-08-06 12:00:00,Tropical Storm (34-63 knots)
263,AL042025,DEXTER,TS,39.9,-57.2,45,2025-08-06 18:00:00,Tropical Storm (34-63 knots)
263,AL042025,DEXTER,TS,39.9,-55.2,45,2025-08-07 00:00:00,Tropical Storm (34-63 knots)
263,AL042025,DEXTER,TS,40.4,-53.2,45,2025-08-07 06:00:00,Tropical Storm (34-63 knots)
266,AL012024,ALBERTO,DB,19.9,-92.7,35,2024-06-17 18:00:00,Disturbance
269,AL192023,SEAN,TS,10.1,-32.6,35,2023-10-11 06:00:00,Tropical Storm (34-63 knots)
269,AL192023,SEAN,TS,10.7,-33.7,35,2023-10-11 12:00:00,Tropical Storm (34-63 knots)
269,AL192023,SEAN,TS,12.8,-37.1,35,2023-10-12 12:00:00,Tropical Storm (34-63 knots)
269,AL192023,SEAN,TS,13.3,-37.8,40,2023-10-12 18:00:00,Tropical Storm (34-63 knots)
269,AL192023,SEAN,TS,13.7,-39.0,40,2023-10-13 00:00:00,Tropical Storm (34-63 knots)
269,AL192023,SEAN,TS,14.0,-40.1,40,2023-10-13 06:00:00,Tropical Storm (34-63 knots)
269,AL192023,SEAN,TS,14.3,-41.2,35,2023-10-13 12:00:00,Tropical Storm (34-63 knots)
269,AL192023,SEAN,TS,14.6,-42.2,35,2023-10-13 18:00:00,Tropical Storm (34-63 knots)
269,AL192023,SEAN,TS,14.9,-42.7,35,2023-10-14 00:00:00,Tropical Storm (34-63 knots)
269,AL202023,TAMMY,TS,12.9,-51.0,35,2023-10-18 18:00:00,Tropical Storm (34-63 knots)
269,AL202023,TAMMY,TS,13.0,-52.5,35,2023-10-19 00:00:00,Tropical Storm (34-63 knots)
269,AL202023,TAMMY,TS,13.2,-54.0,45,2023-10-19 06:00:00,Tropical Storm (34-63 knots)
269,AL202023,TAMMY,TS,13.4,-55.3,50,2023-10-19 12:00:00,Tropical Storm (34-63 knots)
269,AL202023,TAMMY,TS,13.5,-56.4,50,2023-10-19 18:00:00,Tropical Storm (34-63 knots)
269,AL202023,TAMMY,TS,13.6,-57.2,50,2023-10-20 00:00:00,Tropical Storm (34-63 knots)
269,AL202023,TAMMY,TS,13.7,-57.9,50,2023-10-20 06:00:00,Tropical Storm (34-63 knots)
269,AL202023,TAMMY,TS,13.9,-58.4,60,2023-10-20 12:00:00,Tropical Storm (34-63 knots)
269,AL202023,TAMMY,HU,14.1,-58.9,65,2023-10-20 18:00:00,Hurricane (>64 knots)
269,AL202023,TAMMY,HU,14.5,-59.6,70,2023-10-21 00:00:00,Hurricane (>64 knots)
269,AL202023,TAMMY,HU,14.9,-60.3,70,2023-10-21 06:00:00,Hurricane (>64 knots)
269,AL202023,TAMMY,HU,15.6,-60.6,75,2023-10-21 12:00:00,Hurricane (>64 knots)
269,AL202023,TAMMY,HU,16.6,-61.0,75,2023-10-21 18:00:00,Hurricane (>64 knots)
269,AL202023,TAMMY,HU,17.5,-61.7,80,2023-10-22 00:00:00,Hurricane (>64 knots)
269,AL202023,TAMMY,HU,17.6,-61.8,80,2023-10-22 01:15:00,Hurricane (>64 knots)
269,AL202023,TAMMY,HU,18.0,-62.2,75,2023-10-22 06:00:00,Hurricane (>64 knots)
269,AL202023,TAMMY,HU,18.7,-62.8,75,2023-10-22 12:00:00,Hurricane (>64 knots)
269,AL202023,TAMMY,HU,19.4,-63.4,75,2023-10-22 18:00:00,Hurricane (>64 knots)
269,AL202023,TAMMY,HU,20.2,-63.9,75,2023-10-23 00:00:00,Hurricane (>64 knots)
269,AL202023,TAMMY,HU,21.0,-64.0,70,2023-10-23 06:00:00,Hurricane (>64 knots)
269,AL202023,TAMMY,HU,21.6,-64.0,70,2023-10-23 12:00:00,Hurricane (>64 knots)
269,AL202023,TAMMY,HU,22.1,-63.8,65,2023-10-23 18:00:00,Hurricane (>64 knots)
269,AL202023,TAMMY,HU,22.6,-63.5,65,2023-10-24 00:00:00,Hurricane (>64 knots)
269,AL202023,TAMMY,HU,23.1,-63.1,65,2023-10-24 06:00:00,Hurricane (>64 knots)
269,AL202023,TAMMY,HU,23.6,-62.6,65,2023-10-24 12:00:00,Hurricane (>64 knots)
269,AL202023,TAMMY,HU,24.0,-62.0,65,2023-10-24 18:00:00,Hurricane (>64 knots)
269,AL202023,TAMMY,HU,24.5,-61.2,75,2023-10-25 00:00:00,Hurricane (>64 knots)
269,AL202023,TAMMY,HU,25.1,-60.4,85,2023-10-25 06:00:00,Hurricane (>64 knots)
269,AL202023,TAMMY,HU,26.1,-59.4,95,2023-10-25 12:00:00,Hurricane (>64 knots)
269,AL202023,TAMMY,HU,27.5,-58.3,85,2023-10-25 18:00:00,Hurricane (>64 knots)
269,AL202023,TAMMY,HU,29.1,-57.8,80,2023-10-26 00:00:00,Hurricane (>64 knots)
269,AL202023,TAMMY,HU,30.0,-58.3,75,2023-10-26 06:00:00,Hurricane (>64 knots)
269,AL202023,TAMMY,HU,30.5,-58.8,70,2023-10-26 12:00:00,Hurricane (>64 knots)
269,AL202023,TAMMY,HU,31.0,-59.5,65,2023-10-26 18:00:00,Hurricane (>64 knots)
269,AL202023,TAMMY,TS,31.5,-60.1,60,2023-10-27 00:00:00,Tropical Storm (34-63 knots)
269,AL202023,TAMMY,TS,31.8,-60.6,55,2023-10-27 06:00:00,Tropical Storm (34-63 knots)
269,AL202023,TAMMY,TS,32.0,-61.0,55,2023-10-27 12:00:00,Tropical Storm (34-63 knots)
269,AL202023,TAMMY,TS,32.3,-61.4,55,2023-10-27 18:00:00,Tropical Storm (34-63 knots)
269,AL202023,TAMMY,TS,32.6,-61.5,50,2023-10-28 00:00:00,Tropical Storm (34-63 knots)
269,AL202023,TAMMY,TS,32.9,-61.0,45,2023-10-28 06:00:00,Tropical Storm (34-63 knots)
269,AL202023,TAMMY,TS,33.1,-59.5,45,2023-10-28 12:00:00,Tropical Storm (34-63 knots)
269,AL202023,TAMMY,TS,33.3,-58.0,40,2023-10-28 18:00:00,Tropical Storm (34-63 knots)
269,AL202023,TAMMY,LO,32.8,-56.1,35,2023-10-29 00:00:00,Low (not tropical/subtropical/extratropical)
269,AL202023,TAMMY,LO,32.6,-54.3,35,2023-10-29 06:00:00,Low (not tropical/subtropical/extratropical)
269,AL202023,TAMMY,LO,31.8,-52.5,35,2023-10-29 12:00:00,Low (not tropical/subtropical/extratropical)
269,AL202023,TAMMY,LO,30.9,-50.9,35,2023-10-29 18:00:00,Low (not tropical/subtropical/extratropical)
270,AL192024,SARA,TS,16.1,-86.1,45,2024-11-16 00:00:00,Tropical Storm (34-63 knots)
270,AL192024,SARA,TS,16.2,-86.2,40,2024-11-16 06:00:00,Tropical Storm (34-63 knots)
270,AL192024,SARA,TS,16.2,-86.4,40,2024-11-16 12:00:00,Tropical Storm (34-63 knots)
270,AL192024,SARA,TS,16.3,-86.8,35,2024-11-16 18:00:00,Tropical Storm (34-63 knots)
270,AL192024,SARA,TS,16.4,-87.1,35,2024-11-17 00:00:00,Tropical Storm (34-63 knots)
270,AL192024,SARA,TS,16.5,-87.5,35,2024-11-17 06:00:00,Tropical Storm (34-63 knots)
270,AL192024,SARA,TS,16.8,-87.9,35,2024-11-17 12:00:00,Tropical Storm (34-63 knots)
270,AL192024,SARA,TS,17.0,-88.3,35,2024-11-17 14:00:00,Tropical Storm (34-63 knots)
271,AL012025,ANDREA,LO,33.3,-55.1,35,2025-06-23 12:00:00,Low (not tropical/subtropical/extratropical)
271,AL012025,ANDREA,LO,33.9,-54.0,35,2025-06-23 18:00:00,Low (not tropical/subtropical/extratropical)
271,AL012025,ANDREA,LO,34.7,-53.0,35,2025-06-24 00:00:00,Low (not tropical/subtropical/extratropical)
271,AL012025,ANDREA,LO,35.4,-51.4,35,2025-06-24 06:00:00,Low (not tropical/subtropical/extratropical)
271,AL012025,ANDREA,TS,36.2,-49.7,35,2025-06-24 12:00:00,Tropical Storm (34-63 knots)
271,AL012025,ANDREA,TS,37.3,-48.1,35,2025-06-24 18:00:00,Tropical Storm (34-63 knots)
272,AL092024,HELENE,DB,17.8,-81.9,35,2024-09-23 18:00:00,Disturbance
272,AL092024,HELENE,DB,18.2,-82.2,35,2024-09-24 00:00:00,Disturbance
272,AL092024,HELENE,DB,18.6,-82.8,35,2024-09-24 06:00:00,Disturbance
272,AL092024,HELENE,TS,19.2,-83.7,40,2024-09-24 12:00:00,Tropical Storm (34-63 knots)
272,AL092024,HELENE,TS,19.4,-84.6,45,2024-09-24 18:00:00,Tropical Storm (34-63 knots)
272,AL092024,HELENE,TS,19.7,-85.2,50,2024-09-25 00:00:00,Tropical Storm (34-63 knots)
272,AL092024,HELENE,TS,20.3,-85.9,55,2024-09-25 06:00:00,Tropical Storm (34-63 knots)
272,AL092024,HELENE,HU,21.1,-86.2,65,2024-09-25 12:00:00,Hurricane (>64 knots)
272,AL092024,HELENE,HU,22.0,-86.5,70,2024-09-25 18:00:00,Hurricane (>64 knots)
272,AL092024,HELENE,HU,22.8,-86.7,70,2024-09-26 00:00:00,Hurricane (>64 knots)
272,AL092024,HELENE,HU,23.6,-86.5,75,2024-09-26 06:00:00,Hurricane (>64 knots)
272,AL092024,HELENE,HU,24.7,-85.8,85,2024-09-26 12:00:00,Hurricane (>64 knots)
272,AL092024,HELENE,HU,26.6,-85.0,105,2024-09-26 18:00:00,Hurricane (>64 knots)
272,AL092024,HELENE,HU,28.7,-84.3,120,2024-09-27 00:00:00,Hurricane (>64 knots)
272,AL092024,HELENE,HU,30.0,-83.7,120,2024-09-27 03:10:00,Hurricane (>64 knots)
272,AL092024,HELENE,HU,30.8,-83.5,95,2024-09-27 05:00:00,Hurricane (>64 knots)
272,AL092024,HELENE,HU,31.3,-83.3,80,2024-09-27 06:00:00,Hurricane (>64 knots)
272,AL092024,HELENE,TS,32.9,-83.1,60,2024-09-27 09:00:00,Tropical Storm (34-63 knots)
272,AL092024,HELENE,TS,34.4,-83.2,45,2024-09-27 12:00:00,Tropical Storm (34-63 knots)
272,AL092024,HELENE,LO,36.8,-84.9,40,2024-09-27 18:00:00,Low (not tropical/subtropical/extratropical)
272,AL092024,HELENE,LO,38.1,-86.6,40,2024-09-28 00:00:00,Low (not tropical/subtropical/extratropical)
272,AL102024,ISAAC,EX,38.7,-58.4,40,2024-09-24 12:00:00,Extratropical Cyclone
272,AL102024,ISAAC,EX,38.6,-58.6,40,2024-09-24 18:00:00,Extratropical Cyclone
272,AL102024,ISAAC,EX,38.1,-58.8,45,2024-09-25 00:00:00,Extratropical Cyclone
272,AL102024,ISAAC,EX,37.3,-58.5,45,2024-09-25 06:00:00,Extratropical Cyclone
272,AL102024,ISAAC,EX,37.0,-57.2,45,2024-09-25 12:00:00,Extratropical Cyclone
272,AL102024,ISAAC,TS,36.9,-55.7,45,2024-09-25 18:00:00,Tropical Storm (34-63 knots)
272,AL102024,ISAAC,TS,37.0,-54.5,45,2024-09-26 00:00:00,Tropical Storm (34-63 knots)
272,AL102024,ISAAC,TS,37.1,-53.4,45,2024-09-26 06:00:00,Tropical Storm (34-63 knots)
272,AL102024,ISAAC,TS,37.2,-52.3,45,2024-09-26 12:00:00,Tropical Storm (34-63 knots)
272,AL102024,ISAAC,TS,37.3,-51.2,50,2024-09-26 18:00:00,Tropical Storm (34-63 knots)
272,AL102024,ISAAC,TS,37.2,-50.1,55,2024-09-27 00:00:00,Tropical Storm (34-63 knots)
272,AL102024,ISAAC,TS,37.1,-49.1,60,2024-09-27 06:00:00,Tropical Storm (34-63 knots)
272,AL102024,ISAAC,HU,37.1,-47.7,65,2024-09-27 12:00:00,Hurricane (>64 knots)
272,AL102024,ISAAC,HU,37.5,-46.2,75,2024-09-27 18:00:00,Hurricane (>64 knots)
272,AL102024,ISAAC,HU,38.0,-44.4,85,2024-09-28 00:00:00,Hurricane (>64 knots)
272,AL102024,ISAAC,HU,38.8,-42.3,90,2024-09-28 06:00:00,Hurricane (>64 knots)
272,AL102024,ISAAC,HU,39.7,-40.4,90,2024-09-28 12:00:00,Hurricane (>64 knots)
272,AL102024,ISAAC,HU,40.6,-39.1,85,2024-09-28 18:00:00,Hurricane (>64 knots)
272,AL102024,ISAAC,HU,41.5,-38.0,75,2024-09-29 00:00:00,Hurricane (>64 knots)
272,AL102024,ISAAC,HU,42.3,-37.0,70,2024-09-29 06:00:00,Hurricane (>64 knots)
272,AL102024,ISAAC,HU,43.0,-36.1,65,2024-09-29 12:00:00,Hurricane (>64 knots)
272,AL102024,ISAAC,TS,43.7,-35.1,60,2024-09-29 18:00:00,Tropical Storm (34-63 knots)
272,AL102024,ISAAC,TS,44.1,-33.8,55,2024-09-30 00:00:00,Tropical Storm (34-63 knots)
272,AL102024,ISAAC,EX,44.4,-32.0,55,2024-09-30 06:00:00,Extratropical Cyclone
272,AL102024,ISAAC,EX,44.7,-30.1,50,2024-09-30 12:00:00,Extratropical Cyclone
272,AL102024,ISAAC,EX,45.2,-28.0,45,2024-09-30 18:00:00,Extratropical Cyclone
272,AL102024,ISAAC,EX,46.1,-26.3,45,2024-10-01 00:00:00,Extratropical Cyclone
272,AL102024,ISAAC,EX,47.0,-25.1,45,2024-10-01 06:00:00,Extratropical Cyclone
272,AL102024,ISAAC,EX,47.8,-24.4,45,2024-10-01 12:00:00,Extratropical Cyclone
272,AL102024,ISAAC,EX,48.4,-23.7,40,2024-10-01 18:00:00,Extratropical Cyclone
272,AL102024,ISAAC,EX,49.1,-23.0,40,2024-10-02 00:00:00,Extratropical Cyclone
272,AL102024,ISAAC,EX,49.7,-22.5,40,2024-10-02 06:00:00,Extratropical Cyclone
272,AL102024,ISAAC,EX,50.4,-22.1,40,2024-10-02 12:00:00,Extratropical Cyclone
272,AL102024,ISAAC,EX,51.2,-21.6,40,2024-10-02 18:00:00,Extratropical Cyclone
272,AL102024,ISAAC,EX,51.9,-21.0,40,2024-10-03 00:00:00,Extratropical Cyclone
272,AL112024,JOYCE,TS,17.8,-42.5,35,2024-09-27 12:00:00,Tropical Storm (34-63 knots)
272,AL112024,JOYCE,TS,18.2,-43.4,45,2024-09-27 18:00:00,Tropical Storm (34-63 knots)
272,AL112024,JOYCE,TS,18.8,-44.3,45,2024-09-28 00:00:00,Tropical Storm (34-63 knots)
272,AL112024,JOYCE,TS,19.3,-45.0,45,2024-09-28 06:00:00,Tropical Storm (34-63 knots)
272,AL112024,JOYCE,TS,19.7,-45.7,45,2024-09-28 12:00:00,Tropical Storm (34-63 knots)
272,AL112024,JOYCE,TS,20.2,-46.4,40,2024-09-28 18:00:00,Tropical Storm (34-63 knots)
272,AL112024,JOYCE,TS,20.6,-47.1,40,2024-09-29 00:00:00,Tropical Storm (34-63 knots)
272,AL112024,JOYCE,TS,21.1,-47.8,40,2024-09-29 06:00:00,Tropical Storm (34-63 knots)
272,AL112024,JOYCE,TS,21.6,-48.4,40,2024-09-29 12:00:00,Tropical Storm (34-63 knots)
272,AL112024,JOYCE,TS,22.0,-48.9,35,2024-09-29 18:00:00,Tropical Storm (34-63 knots)
272,AL122024,KIRK,TS,13.6,-33.4,35,2024-09-30 06:00:00,Tropical Storm (34-63 knots)
272,AL122024,KIRK,TS,13.4,-34.3,45,2024-09-30 12:00:00,Tropical Storm (34-63 knots)
272,AL122024,KIRK,TS,13.7,-35.3,50,2024-09-30 18:00:00,Tropical Storm (34-63 knots)
272,AL122024,KIRK,TS,14.2,-36.3,50,2024-10-01 00:00:00,Tropical Storm (34-63 knots)
272,AL122024,KIRK,TS,14.7,-37.5,50,2024-10-01 06:00:00,Tropical Storm (34-63 knots)
272,AL122024,KIRK,TS,15.2,-38.7,60,2024-10-01 12:00:00,Tropical Storm (34-63 knots)
272,AL122024,KIRK,HU,15.9,-39.7,65,2024-10-01 18:00:00,Hurricane (>64 knots)
272,AL122024,KIRK,HU,16.5,-40.6,65,2024-10-02 00:00:00,Hurricane (>64 knots)
272,AL122024,KIRK,HU,17.1,-41.6,70,2024-10-02 06:00:00,Hurricane (>64 knots)
272,AL122024,KIRK,HU,17.8,-42.7,75,2024-10-02 12:00:00,Hurricane (>64 knots)
272,AL122024,KIRK,HU,18.5,-43.5,80,2024-10-02 18:00:00,Hurricane (>64 knots)
272,AL122024,KIRK,HU,19.1,-44.1,100,2024-10-03 00:00:00,Hurricane (>64 knots)
272,AL122024,KIRK,HU,19.6,-44.7,105,2024-10-03 06:00:00,Hurricane (>64 knots)
272,AL122024,KIRK,HU,20.1,-45.5,110,2024-10-03 12:00:00,Hurricane (>64 knots)
272,AL122024,KIRK,HU,20.7,-46.3,115,2024-10-03 18:00:00,Hurricane (>64 knots)
272,AL122024,KIRK,HU,21.2,-47.1,130,2024-10-04 00:00:00,Hurricane (>64 knots)
272,AL122024,KIRK,HU,21.9,-47.9,130,2024-10-04 06:00:00,Hurricane (>64 knots)
272,AL122024,KIRK,HU,22.5,-48.6,120,2024-10-04 12:00:00,Hurricane (>64 knots)
272,AL122024,KIRK,HU,23.3,-49.1,115,2024-10-04 18:00:00,Hurricane (>64 knots)
272,AL122024,KIRK,HU,24.3,-49.7,115,2024-10-05 00:00:00,Hurricane (>64 knots)
272,AL122024,KIRK,HU,25.4,-50.1,110,2024-10-05 06:00:00,Hurricane (>64 knots)
272,AL122024,KIRK,HU,26.8,-50.4,105,2024-10-05 12:00:00,Hurricane (>64 knots)
272,AL122024,KIRK,HU,28.7,-50.2,105,2024-10-05 18:00:00,Hurricane (>64 knots)
272,AL122024,KIRK,HU,30.6,-49.9,100,2024-10-06 00:00:00,Hurricane (>64 knots)
272,AL122024,KIRK,HU,32.6,-49.5,95,2024-10-06 06:00:00,Hurricane (>64 knots)
272,AL122024,KIRK,HU,34.5,-48.6,85,2024-10-06 12:00:00,Hurricane (>64 knots)
272,AL122024,KIRK,HU,36.4,-47.2,80,2024-10-06 18:00:00,Hurricane (>64 knots)
272,AL122024,KIRK,HU,37.9,-45.0,70,2024-10-07 00:00:00,Hurricane (>64 knots)
272,AL122024,KIRK,HU,39.5,-42.4,65,2024-10-07 06:00:00,Hurricane (>64 knots)
272,AL132024,LESLIE,TS,10.4,-29.8,35,2024-10-03 00:00:00,Tropical Storm (34-63 knots)
272,AL132024,LESLIE,TS,10.3,-30.2,40,2024-10-03 06:00:00,Tropical Storm (34-63 knots)
272,AL132024,LESLIE,TS,10.1,-30.7,45,2024-10-03 12:00:00,Tropical Storm (34-63 knots)
272,AL132024,LESLIE,TS,9.9,-31.3,45,2024-10-03 18:00:00,Tropical Storm (34-63 knots)
272,AL132024,LESLIE,TS,9.8,-31.7,50,2024-10-04 00:00:00,Tropical Storm (34-63 knots)
272,AL132024,LESLIE,TS,9.8,-32.2,50,2024-10-04 06:00:00,Tropical Storm (34-63 knots)
272,AL132024,LESLIE,TS,9.9,-32.7,55,2024-10-04 12:00:00,Tropical Storm (34-63 knots)
272,AL132024,LESLIE,TS,10.1,-33.3,60,2024-10-04 18:00:00,Tropical Storm (34-63 knots)
272,AL132024,LESLIE,HU,10.3,-33.9,65,2024-10-05 00:00:00,Hurricane (>64 knots)
272,AL132024,LESLIE,HU,10.5,-34.5,70,2024-10-05 06:00:00,Hurricane (>64 knots)
272,AL132024,LESLIE,HU,10.9,-35.1,70,2024-10-05 12:00:00,Hurricane (>64 knots)
272,AL132024,LESLIE,HU,11.3,-35.7,70,2024-10-05 18:00:00,Hurricane (>64 knots)
272,AL132024,LESLIE,HU,11.8,-36.4,75,2024-10-06 00:00:00,Hurricane (>64 knots)
272,AL132024,LESLIE,HU,12.4,-36.9,80,2024-10-06 06:00:00,Hurricane (>64 knots)
272,AL132024,LESLIE,HU,13.0,-37.6,80,2024-10-06 12:00:00,Hurricane (>64 knots)
272,AL132024,LESLIE,HU,13.7,-38.2,80,2024-10-06 18:00:00,Hurricane (>64 knots)
272,AL132024,LESLIE,HU,14.5,-39.1,80,2024-10-07 00:00:00,Hurricane (>64 knots)
272,AL132024,LESLIE,HU,15.2,-40.0,75,2024-10-07 06:00:00,Hurricane (>64 knots)
272,AL142024,MILTON,TS,22.5,-95.5,35,2024-10-05 18:00:00,Tropical Storm (34-63 knots)
272,AL142024,MILTON,TS,22.7,-95.5,35,2024-10-06 00:00:00,Tropical Storm (34-63 knots)
272,AL142024,MILTON,TS,22.6,-95.2,45,2024-10-06 06:00:00,Tropical Storm (34-63 knots)
272,AL142024,MILTON,TS,22.5,-94.8,55,2024-10-06 12:00:00,Tropical Storm (34-63 knots)
272,AL142024,MILTON,HU,22.5,-94.1,70,2024-10-06 18:00:00,Hurricane (>64 knots)
272,AL142024,MILTON,HU,22.5,-93.4,75,2024-10-07 00:00:00,Hurricane (>64 knots)
272,AL142024,MILTON,HU,22.1,-92.9,90,2024-10-07 06:00:00,Hurricane (>64 knots)
274,AL022024,BERYL,TS,9.5,-45.2,45,2024-06-29 06:00:00,Tropical Storm (34-63 knots)
274,AL022024,BERYL,TS,9.7,-47.0,55,2024-06-29 12:00:00,Tropical Storm (34-63 knots)
274,AL022024,BERYL,TS,9.9,-48.7,60,2024-06-29 18:00:00,Tropical Storm (34-63 knots)
274,AL022024,BERYL,HU,10.1,-50.5,70,2024-06-30 00:00:00,Hurricane (>64 knots)
274,AL022024,BERYL,HU,10.4,-52.3,85,2024-06-30 06:00:00,Hurricane (>64 knots)
274,AL022024,BERYL,HU,10.5,-54.0,100,2024-06-30 12:00:00,Hurricane (>64 knots)
274,AL022024,BERYL,HU,10.9,-55.7,115,2024-06-30 18:00:00,Hurricane (>64 knots)
274,AL022024,BERYL,HU,11.2,-57.3,110,2024-07-01 00:00:00,Hurricane (>64 knots)
274,AL022024,BERYL,HU,11.5,-59.0,100,2024-07-01 06:00:00,Hurricane (>64 knots)
274,AL022024,BERYL,HU,12.0,-60.6,115,2024-07-01 12:00:00,Hurricane (>64 knots)
274,AL022024,BERYL,HU,12.5,-61.5,120,2024-07-01 15:20:00,Hurricane (>64 knots)
274,AL022024,BERYL,HU,12.8,-62.3,130,2024-07-01 18:00:00,Hurricane (>64 knots)
274,AL022024,BERYL,HU,13.5,-64.1,140,2024-07-02 00:00:00,Hurricane (>64 knots)
274,AL022024,BERYL,HU,14.3,-65.9,145,2024-07-02 06:00:00,Hurricane (>64 knots)
274,AL022024,BERYL,HU,14.8,-67.2,145,2024-07-02 09:45:00,Hurricane (>64 knots)
274,AL022024,BERYL,HU,15.0,-67.9,140,2024-07-02 12:00:00,Hurricane (>64 knots)
274,AL022024,BERYL,HU,15.6,-69.9,135,2024-07-02 18:00:00,Hurricane (>64 knots)
274,AL022024,BERYL,HU,16.0,-71.8,130,2024-07-03 00:00:00,Hurricane (>64 knots)
274,AL022024,BERYL,HU,16.3,-73.5,125,2024-07-03 06:00:00,Hurricane (>64 knots)
274,AL022024,BERYL,HU,16.8,-75.3,125,2024-07-03 12:00:00,Hurricane (>64 knots)
274,AL022024,BERYL,HU,17.3,-76.8,120,2024-07-03 18:00:00,Hurricane (>64 knots)
274,AL022024,BERYL,HU,17.8,-78.3,115,2024-07-04 00:00:00,Hurricane (>64 knots)
274,AL022024,BERYL,HU,18.3,-80.0,105,2024-07-04 06:00:00,Hurricane (>64 knots)
274,AL022024,BERYL,HU,18.8,-81.8,95,2024-07-04 12:00:00,Hurricane (>64 knots)
274,AL022024,BERYL,HU,19.3,-83.4,90,2024-07-04 18:00:00,Hurricane (>64 knots)
274,AL022024,BERYL,HU,19.4,-84.8,100,2024-07-05 00:00:00,Hurricane (>64 knots)
274,AL022024,BERYL,HU,19.8,-86.2,95,2024-07-05 06:00:00,Hurricane (>64 knots)
274,AL022024,BERYL,HU,20.3,-87.4,80,2024-07-05 11:00:00,Hurricane (>64 knots)
274,AL022024,BERYL,HU,20.4,-87.6,75,2024-07-05 12:00:00,Hurricane (>64 knots)
274,AL022024,BERYL,TS,20.9,-88.8,60,2024-07-05 18:00:00,Tropical Storm (34-63 knots)
274,AL022024,BERYL,TS,21.4,-89.8,50,2024-07-06 00:00:00,Tropical Storm (34-63 knots)
274,AL022024,BERYL,TS,21.9,-90.9,45,2024-07-06 06:00:00,Tropical Storm (34-63 knots)
274,AL022024,BERYL,TS,22.6,-91.8,50,2024-07-06 12:00:00,Tropical Storm (34-63 knots)
274,AL022024,BERYL,TS,23.6,-92.7,50,2024-07-06 18:00:00,Tropical Storm (34-63 knots)
274,AL022024,BERYL,TS,24.4,-93.6,50,2024-07-07 00:00:00,Tropical Storm (34-63 knots)
274,AL022024,BERYL,TS,24.9,-94.3,50,2024-07-07 06:00:00,Tropical Storm (34-63 knots)
274,AL022024,BERYL,TS,25.5,-94.9,55,2024-07-07 12:00:00,Tropical Storm (34-63 knots)
274,AL022024,BERYL,TS,26.3,-95.4,55,2024-07-07 18:00:00,Tropical Storm (34-63 knots)
274,AL022024,BERYL,TS,27.1,-95.7,60,2024-07-08 00:00:00,Tropical Storm (34-63 knots)
274,AL022024,BERYL,HU,28.2,-95.9,70,2024-07-08 06:00:00,Hurricane (>64 knots)
274,AL022024,BERYL,HU,28.6,-96.0,80,2024-07-08 08:40:00,Hurricane (>64 knots)
274,AL022024,BERYL,HU,29.3,-96.0,70,2024-07-08 12:00:00,Hurricane (>64 knots)
274,AL022024,BERYL,TS,30.7,-95.6,50,2024-07-08 18:00:00,Tropical Storm (34-63 knots)
274,AL032024,CHRIS,TS,19.9,-96.0,35,2024-07-01 00:00:00,Tropical Storm (34-63 knots)
274,AL032024,CHRIS,TS,19.9,-96.5,40,2024-07-01 03:00:00,Tropical Storm (34-63 knots)
277,AL132024,LESLIE,HU,22.6,-49.7,85,2024-10-10 06:00:00,Hurricane (>64 knots)
277,AL132024,LESLIE,HU,22.9,-50.2,75,2024-10-10 12:00:00,Hurricane (>64 knots)
277,AL132024,LESLIE,HU,23.5,-50.8,65,2024-10-10 18:00:00,Hurricane (>64 knots)
277,AL132024,LESLIE,TS,24.1,-51.1,55,2024-10-11 00:00:00,Tropical Storm (34-63 knots)
277,AL132024,LESLIE,TS,24.9,-51.1,50,2024-10-11 06:00:00,Tropical Storm (34-63 knots)
277,AL132024,LESLIE,TS,25.8,-50.8,45,2024-10-11 12:00:00,Tropical Storm (34-63 knots)
277,AL132024,LESLIE,TS,27.0,-50.0,45,2024-10-11 18:00:00,Tropical Storm (34-63 knots)
277,AL132024,LESLIE,TS,28.4,-48.8,45,2024-10-12 00:00:00,Tropical Storm (34-63 knots)
277,AL132024,LESLIE,TS,30.4,-47.1,45,2024-10-12 06:00:00,Tropical Storm (34-63 knots)
277,AL142024,MILTON,HU,27.4,-82.6,100,2024-10-10 00:30:00,Hurricane (>64 knots)
277,AL142024,MILTON,HU,28.1,-81.3,70,2024-10-10 06:00:00,Hurricane (>64 knots)
277,AL142024,MILTON,HU,29.0,-79.5,65,2024-10-10 12:00:00,Hurricane (>64 knots)
277,AL142024,MILTON,EX,29.5,-77.5,60,2024-10-10 18:00:00,Extratropical Cyclone
277,AL142024,MILTON,EX,29.5,-75.0,60,2024-10-11 00:00:00,Extratropical Cyclone
277,AL142024,MILTON,EX,29.5,-72.4,55,2024-10-11 06:00:00,Extratropical Cyclone
277,AL142024,MILTON,EX,29.5,-69.3,55,2024-10-11 12:00:00,Extratropical Cyclone
277,AL142024,MILTON,EX,29.3,-65.9,50,2024-10-11 18:00:00,Extratropical Cyclone
277,AL152024,NADINE,TS,17.3,-85.5,35,2024-10-19 00:00:00,Tropical Storm (34-63 knots)
277,AL152024,NADINE,TS,17.4,-86.4,40,2024-10-19 06:00:00,Tropical Storm (34-63 knots)
277,AL152024,NADINE,TS,17.4,-87.5,45,2024-10-19 12:00:00,Tropical Storm (34-63 knots)
277,AL152024,NADINE,TS,17.5,-88.2,50,2024-10-19 16:00:00,Tropical Storm (34-63 knots)
277,AL152024,NADINE,TS,17.5,-88.7,45,2024-10-19 18:00:00,Tropical Storm (34-63 knots)
277,AL162024,OSCAR,TS,21.0,-66.5,35,2024-10-19 00:00:00,Tropical Storm (34-63 knots)
277,AL162024,OSCAR,TS,21.2,-68.2,45,2024-10-19 06:00:00,Tropical Storm (34-63 knots)
277,AL162024,OSCAR,TS,21.3,-69.8,55,2024-10-19 12:00:00,Tropical Storm (34-63 knots)
277,AL162024,OSCAR,HU,21.4,-70.6,70,2024-10-19 18:00:00,Hurricane (>64 knots)
277,AL162024,OSCAR,HU,21.5,-71.1,75,2024-10-19 20:15:00,Hurricane (>64 knots)
277,AL162024,OSCAR,HU,21.5,-71.7,75,2024-10-20 00:00:00,Hurricane (>64 knots)
277,AL162024,OSCAR,HU,21.1,-72.7,70,2024-10-20 06:00:00,Hurricane (>64 knots)
277,AL162024,OSCAR,HU,20.8,-73.6,70,2024-10-20 12:00:00,Hurricane (>64 knots)
277,AL162024,OSCAR,HU,20.5,-74.0,75,2024-10-20 18:00:00,Hurricane (>64 knots)
277,AL162024,OSCAR,HU,20.3,-74.4,75,2024-10-20 22:00:00,Hurricane (>64 knots)
277,AL162024,OSCAR,HU,20.2,-74.5,65,2024-10-21 00:00:00,Hurricane (>64 knots)
277,AL162024,OSCAR,TS,20.1,-75.0,50,2024-10-21 06:00:00,Tropical Storm (34-63 knots)
277,AL162024,OSCAR,TS,20.3,-75.4,40,2024-10-21 12:00:00,Tropical Storm (34-63 knots)
277,AL162024,OSCAR,TS,20.7,-75.9,35,2024-10-21 18:00:00,Tropical Storm (34-63 knots)
277,AL162024,OSCAR,TS,21.5,-75.6,35,2024-10-22 00:00:00,Tropical Storm (34-63 knots)
277,AL162024,OSCAR,TS,22.2,-75.1,35,2024-10-22 06:00:00,Tropical Storm (34-63 knots)
277,AL162024,OSCAR,TS,22.7,-74.6,35,2024-10-22 12:00:00,Tropical Storm (34-63 knots)
278,AL022023,ARLENE,TS,27.3,-86.4,35,2023-06-02 06:00:00,Tropical Storm (34-63 knots)
278,AL022023,ARLENE,TS,27.0,-86.3,35,2023-06-02 12:00:00,Tropical Storm (34-63 knots)
279,AL212021,WANDA,TS,41.7,-39.7,40,2021-11-04 12:00:00,Tropical Storm (34-63 knots)
279,AL212021,WANDA,TS,42.1,-39.6,40,2021-11-04 18:00:00,Tropical Storm (34-63 knots)
279,AL212021,WANDA,TS,42.3,-39.0,45,2021-11-05 00:00:00,Tropical Storm (34-63 knots)
279,AL212021,WANDA,TS,42.0,-38.3,45,2021-11-05 06:00:00,Tropical Storm (34-63 knots)
279,AL212021,WANDA,TS,41.1,-37.8,45,2021-11-05 12:00:00,Tropical Storm (34-63 knots)
279,AL212021,WANDA,TS,39.6,-37.5,45,2021-11-05 18:00:00,Tropical Storm (34-63 knots)
279,AL212021,WANDA,TS,38.4,-38.0,45,2021-11-06 00:00:00,Tropical Storm (34-63 knots)
279,AL212021,WANDA,TS,37.6,-38.3,45,2021-11-06 06:00:00,Tropical Storm (34-63 knots)
279,AL212021,WANDA,TS,37.2,-38.4,40,2021-11-06 12:00:00,Tropical Storm (34-63 knots)
279,AL212021,WANDA,TS,37.1,-38.0,35,2021-11-06 18:00:00,Tropical Storm (34-63 knots)
279,AL212021,WANDA,TS,37.4,-37.4,35,2021-11-07 00:00:00,Tropical Storm (34-63 knots)
279,AL212021,WANDA,TS,38.1,-36.4,35,2021-11-07 06:00:00,Tropical Storm (34-63 knots)
279,AL212021,WANDA,LO,39.2,-34.9,35,2021-11-07 12:00:00,Low (not tropical/subtropical/extratropical)
279,AL212021,WANDA,LO,40.9,-32.8,40,2021-11-07 18:00:00,Low (not tropical/subtropical/extratropical)
279,AL212021,WANDA,LO,43.2,-29.7,40,2021-11-08 00:00:00,Low (not tropical/subtropical/extratropical)
281,AL172023,PHILIPPE,TS,27.6,-66.0,45,2023-10-06 00:00:00,Tropical Storm (34-63 knots)
281,AL172023,PHILIPPE,TS,28.7,-65.5,45,2023-10-06 06:00:00,Tropical Storm (34-63 knots)
281,AL192023,SEAN,TS,9.8,-31.4,35,2023-10-11 00:00:00,Tropical Storm (34-63 knots)
281,AL192023,SEAN,TS,10.1,-32.6,35,2023-10-11 06:00:00,Tropical Storm (34-63 knots)
281,AL192023,SEAN,TS,10.7,-33.7,35,2023-10-11 12:00:00,Tropical Storm (34-63 knots)
281,AL192023,SEAN,TS,12.8,-37.1,35,2023-10-12 12:00:00,Tropical Storm (34-63 knots)
281,AL192023,SEAN,TS,13.3,-37.8,40,2023-10-12 18:00:00,Tropical Storm (34-63 knots)
281,AL192023,SEAN,TS,13.7,-39.0,40,2023-10-13 00:00:00,Tropical Storm (34-63 knots)
281,AL192023,SEAN,TS,14.0,-40.1,40,2023-10-13 06:00:00,Tropical Storm (34-63 knots)
281,AL192023,SEAN,TS,14.3,-41.2,35,2023-10-13 12:00:00,Tropical Storm (34-63 knots)
281,AL192023,SEAN,TS,14.6,-42.2,35,2023-10-13 18:00:00,Tropical Storm (34-63 knots)
281,AL192023,SEAN,TS,14.9,-42.7,35,2023-10-14 00:00:00,Tropical Storm (34-63 knots)
281,AL202023,TAMMY,TS,12.9,-51.0,35,2023-10-18 18:00:00,Tropical Storm (34-63 knots)
281,AL202023,TAMMY,TS,13.0,-52.5,35,2023-10-19 00:00:00,Tropical Storm (34-63 knots)
281,AL202023,TAMMY,TS,13.2,-54.0,45,2023-10-19 06:00:00,Tropical Storm (34-63 knots)
281,AL202023,TAMMY,TS,13.4,-55.3,50,2023-10-19 12:00:00,Tropical Storm (34-63 knots)
281,AL202023,TAMMY,TS,13.5,-56.4,50,2023-10-19 18:00:00,Tropical Storm (34-63 knots)
281,AL202023,TAMMY,TS,13.6,-57.2,50,2023-10-20 00:00:00,Tropical Storm (34-63 knots)
281,AL202023,TAMMY,TS,13.7,-57.9,50,2023-10-20 06:00:00,Tropical Storm (34-63 knots)
281,AL202023,TAMMY,TS,13.9,-58.4,60,2023-10-20 12:00:00,Tropical Storm (34-63 knots)
281,AL202023,TAMMY,HU,14.1,-58.9,65,2023-10-20 18:00:00,Hurricane (>64 knots)
281,AL202023,TAMMY,HU,14.5,-59.6,70,2023-10-21 00:00:00,Hurricane (>64 knots)
281,AL202023,TAMMY,HU,14.9,-60.3,70,2023-10-21 06:00:00,Hurricane (>64 knots)
281,AL202023,TAMMY,HU,15.6,-60.6,75,2023-10-21 12:00:00,Hurricane (>64 knots)
281,AL202023,TAMMY,HU,16.6,-61.0,75,2023-10-21 18:00:00,Hurricane (>64 knots)
281,AL202023,TAMMY,HU,17.5,-61.7,80,2023-10-22 00:00:00,Hurricane (>64 knots)
281,AL202023,TAMMY,HU,17.6,-61.8,80,2023-10-22 01:15:00,Hurricane (>64 knots)
281,AL202023,TAMMY,HU,18.0,-62.2,75,2023-10-22 06:00:00,Hurricane (>64 knots)
281,AL202023,TAMMY,HU,18.7,-62.8,75,2023-10-22 12:00:00,Hurricane (>64 knots)
281,AL202023,TAMMY,HU,19.4,-63.4,75,2023-10-22 18:00:00,Hurricane (>64 knots)
281,AL202023,TAMMY,HU,20.2,-63.9,75,2023-10-23 00:00:00,Hurricane (>64 knots)
281,AL202023,TAMMY,HU,21.0,-64.0,70,2023-10-23 06:00:00,Hurricane (>64 knots)
281,AL202023,TAMMY,HU,21.6,-64.0,70,2023-10-23 12:00:00,Hurricane (>64 knots)
281,AL202023,TAMMY,HU,22.1,-63.8,65,2023-10-23 18:00:00,Hurricane (>64 knots)
281,AL202023,TAMMY,HU,22.6,-63.5,65,2023-10-24 00:00:00,Hurricane (>64 knots)
281,AL202023,TAMMY,HU,23.1,-63.1,65,2023-10-24 06:00:00,Hurricane (>64 knots)
281,AL202023,TAMMY,HU,23.6,-62.6,65,2023-10-24 12:00:00,Hurricane (>64 knots)
281,AL202023,TAMMY,HU,24.0,-62.0,65,2023-10-24 18:00:00,Hurricane (>64 knots)
281,AL202023,TAMMY,HU,24.5,-61.2,75,2023-10-25 00:00:00,Hurricane (>64 knots)
281,AL202023,TAMMY,HU,25.1,-60.4,85,2023-10-25 06:00:00,Hurricane (>64 knots)
281,AL202023,TAMMY,HU,26.1,-59.4,95,2023-10-25 12:00:00,Hurricane (>64 knots)
281,AL202023,TAMMY,HU,27.5,-58.3,85,2023-10-25 18:00:00,Hurricane (>64 knots)
281,AL202023,TAMMY,HU,29.1,-57.8,80,2023-10-26 00:00:00,Hurricane (>64 knots)
281,AL202023,TAMMY,HU,30.0,-58.3,75,2023-10-26 06:00:00,Hurricane (>64 knots)
281,AL202023,TAMMY,HU,30.5,-58.8,70,2023-10-26 12:00:00,Hurricane (>64 knots)
281,AL202023,TAMMY,HU,31.0,-59.5,65,2023-10-26 18:00:00,Hurricane (>64 knots)
281,AL202023,TAMMY,TS,31.5,-60.1,60,2023-10-27 00:00:00,Tropical Storm (34-63 knots)
281,AL202023,TAMMY,TS,31.8,-60.6,55,2023-10-27 06:00:00,Tropical Storm (34-63 knots)
283,AL042025,DEXTER,LO,33.5,-72.2,35,2025-08-03 12:00:00,Low (not tropical/subtropical/extratropical)
283,AL042025,DEXTER,LO,33.7,-71.0,35,2025-08-03 18:00:00,Low (not tropical/subtropical/extratropical)
283,AL042025,DEXTER,TS,34.0,-69.8,40,2025-08-04 00:00:00,Tropical Storm (34-63 knots)
283,AL042025,DEXTER,TS,34.3,-68.8,40,2025-08-04 06:00:00,Tropical Storm (34-63 knots)
283,AL042025,DEXTER,TS,35.0,-68.0,40,2025-08-04 12:00:00,Tropical Storm (34-63 knots)
283,AL042025,DEXTER,TS,35.8,-66.9,40,2025-08-04 18:00:00,Tropical Storm (34-63 knots)
283,AL042025,DEXTER,TS,36.4,-65.9,35,2025-08-05 00:00:00,Tropical Storm (34-63 knots)
283,AL042025,DEXTER,TS,37.0,-64.9,35,2025-08-05 06:00:00,Tropical Storm (34-63 knots)
283,AL042025,DEXTER,TS,37.7,-63.9,35,2025-08-05 12:00:00,Tropical Storm (34-63 knots)
283,AL042025,DEXTER,TS,38.2,-62.8,35,2025-08-05 18:00:00,Tropical Storm (34-63 knots)
287,AL012023,UNNAMED,EX,36.4,-71.3,45,2023-01-15 00:00:00,Extratropical Cyclone
287,AL012023,UNNAMED,EX,36.8,-70.6,45,2023-01-15 06:00:00,Extratropical Cyclone
287,AL012023,UNNAMED,EX,37.2,-69.7,45,2023-01-15 12:00:00,Extratropical Cyclone
287,AL012023,UNNAMED,EX,37.4,-68.8,45,2023-01-15 18:00:00,Extratropical Cyclone
287,AL012023,UNNAMED,EX,37.5,-68.3,45,2023-01-16 00:00:00,Extratropical Cyclone
287,AL012023,UNNAMED,EX,37.3,-67.6,50,2023-01-16 06:00:00,Extratropical Cyclone
287,AL012023,UNNAMED,SS,37.1,-66.1,50,2023-01-16 12:00:00,Subtropical Storm (>34 knots)
287,AL012023,UNNAMED,SS,37.6,-63.6,55,2023-01-16 18:00:00,Subtropical Storm (>34 knots)
287,AL012023,UNNAMED,SS,39.8,-61.6,60,2023-01-17 00:00:00,Subtropical Storm (>34 knots)
287,AL012023,UNNAMED,SS,42.4,-60.6,55,2023-01-17 06:00:00,Subtropical Storm (>34 knots)
287,AL012023,UNNAMED,SS,45.5,-60.0,45,2023-01-17 12:00:00,Subtropical Storm (>34 knots)
287,AL012023,UNNAMED,SS,45.9,-60.0,45,2023-01-17 12:45:00,Subtropical Storm (>34 knots)
287,AL012023,UNNAMED,LO,48.4,-60.2,40,2023-01-17 18:00:00,Low (not tropical/subtropical/extratropical)
287,AL012023,UNNAMED,LO,50.4,-60.2,35,2023-01-18 00:00:00,Low (not tropical/subtropical/extratropical)
293,AL212021,WANDA,EX,32.5,-76.3,35,2021-10-25 18:00:00,Extratropical Cyclone
293,AL212021,WANDA,EX,34.2,-74.1,45,2021-10-26 00:00:00,Extratropical Cyclone
293,AL212021,WANDA,EX,35.9,-71.3,45,2021-10-26 06:00:00,Extratropical Cyclone
293,AL212021,WANDA,EX,37.7,-69.1,50,2021-10-26 12:00:00,Extratropical Cyclone
293,AL212021,WANDA,EX,39.5,-68.2,55,2021-10-26 18:00:00,Extratropical Cyclone
293,AL212021,WANDA,EX,40.8,-67.6,60,2021-10-27 00:00:00,Extratropical Cyclone
293,AL212021,WANDA,EX,41.4,-69.4,60,2021-10-27 06:00:00,Extratropical Cyclone
293,AL212021,WANDA,EX,39.9,-70.1,55,2021-10-27 12:00:00,Extratropical Cyclone
293,AL212021,WANDA,EX,38.7,-68.5,50,2021-10-27 18:00:00,Extratropical Cyclone
293,AL212021,WANDA,EX,39.0,-65.9,45,2021-10-28 00:00:00,Extratropical Cyclone
293,AL212021,WANDA,EX,39.4,-63.9,45,2021-10-28 06:00:00,Extratropical Cyclone
293,AL212021,WANDA,EX,39.8,-61.9,45,2021-10-28 12:00:00,Extratropical Cyclone
293,AL212021,WANDA,EX,40.2,-59.8,45,2021-10-28 18:00:00,Extratropical Cyclone
293,AL212021,WANDA,EX,40.6,-58.1,45,2021-10-29 00:00:00,Extratropical Cyclone
293,AL212021,WANDA,EX,40.7,-56.8,45,2021-10-29 06:00:00,Extratropical Cyclone
293,AL212021,WANDA,EX,40.6,-55.5,45,2021-10-29 12:00:00,Extratropical Cyclone
293,AL212021,WANDA,EX,40.4,-54.0,45,2021-10-29 18:00:00,Extratropical Cyclone
293,AL212021,WANDA,EX,40.1,-52.4,45,2021-10-30 00:00:00,Extratropical Cyclone
293,AL212021,WANDA,EX,39.4,-51.2,40,2021-10-30 06:00:00,Extratropical Cyclone
293,AL212021,WANDA,SS,38.5,-49.6,40,2021-10-30 12:00:00,Subtropical Storm (>34 knots)
293,AL212021,WANDA,SS,37.5,-47.8,40,2021-10-30 18:00:00,Subtropical Storm (>34 knots)
298,AL032023,BRET,TS,11.1,-40.9,35,2023-06-19 18:00:00,Tropical Storm (34-63 knots)
298,AL032023,BRET,TS,11.3,-42.7,35,2023-06-20 00:00:00,Tropical Storm (34-63 knots)
298,AL032023,BRET,TS,11.5,-44.5,35,2023-06-20 06:00:00,Tropical Storm (34-63 knots)
298,AL032023,BRET,TS,11.7,-46.3,35,2023-06-20 12:00:00,Tropical Storm (34-63 knots)
298,AL032023,BRET,TS,12.0,-48.0,40,2023-06-20 18:00:00,Tropical Storm (34-63 knots)
298,AL032023,BRET,TS,12.4,-49.4,45,2023-06-21 00:00:00,Tropical Storm (34-63 knots)
298,AL032023,BRET,TS,12.7,-50.7,50,2023-06-21 06:00:00,Tropical Storm (34-63 knots)
298,AL032023,BRET,TS,13.0,-52.0,50,2023-06-21 12:00:00,Tropical Storm (34-63 knots)
298,AL032023,BRET,TS,13.3,-53.3,55,2023-06-21 18:00:00,Tropical Storm (34-63 knots)
298,AL032023,BRET,TS,13.4,-54.6,55,2023-06-22 00:00:00,Tropical Storm (34-63 knots)
298,AL032023,BRET,TS,13.5,-55.9,60,2023-06-22 06:00:00,Tropical Storm (34-63 knots)
298,AL032023,BRET,TS,13.5,-57.3,60,2023-06-22 12:00:00,Tropical Storm (34-63 knots)
298,AL032023,BRET,TS,13.4,-58.8,55,2023-06-22 18:00:00,Tropical Storm (34-63 knots)
298,AL032023,BRET,TS,13.3,-60.3,55,2023-06-23 00:00:00,Tropical Storm (34-63 knots)
298,AL032023,BRET,TS,13.3,-61.2,55,2023-06-23 03:15:00,Tropical Storm (34-63 knots)
298,AL032023,BRET,TS,13.3,-62.0,50,2023-06-23 06:00:00,Tropical Storm (34-63 knots)
298,AL032023,BRET,TS,13.2,-63.8,50,2023-06-23 12:00:00,Tropical Storm (34-63 knots)
298,AL032023,BRET,TS,13.1,-65.6,45,2023-06-23 18:00:00,Tropical Storm (34-63 knots)
298,AL032023,BRET,TS,13.0,-67.4,45,2023-06-24 00:00:00,Tropical Storm (34-63 knots)
298,AL032023,BRET,TS,13.0,-69.2,40,2023-06-24 06:00:00,Tropical Storm (34-63 knots)
298,AL032023,BRET,TS,13.0,-70.9,40,2023-06-24 12:00:00,Tropical Storm (34-63 knots)
298,AL042023,CINDY,TS,11.5,-44.8,35,2023-06-23 00:00:00,Tropical Storm (34-63 knots)
298,AL042023,CINDY,TS,11.8,-46.1,40,2023-06-23 06:00:00,Tropical Storm (34-63 knots)
298,AL042023,CINDY,TS,12.2,-47.5,45,2023-06-23 12:00:00,Tropical Storm (34-63 knots)
298,AL042023,CINDY,TS,12.8,-48.8,45,2023-06-23 18:00:00,Tropical Storm (34-63 knots)
298,AL042023,CINDY,TS,13.6,-50.0,45,2023-06-24 00:00:00,Tropical Storm (34-63 knots)
298,AL042023,CINDY,TS,14.6,-51.2,50,2023-06-24 06:00:00,Tropical Storm (34-63 knots)
298,AL042023,CINDY,TS,15.7,-52.5,50,2023-06-24 12:00:00,Tropical Storm (34-63 knots)
298,AL042023,CINDY,TS,16.8,-53.9,50,2023-06-24 18:00:00,Tropical Storm (34-63 knots)
298,AL042023,CINDY,TS,18.2,-55.2,45,2023-06-25 00:00:00,Tropical Storm (34-63 knots)
298,AL042023,CINDY,TS,19.4,-56.4,45,2023-06-25 06:00:00,Tropical Storm (34-63 knots)
298,AL042023,CINDY,TS,20.5,-57.6,40,2023-06-25 12:00:00,Tropical Storm (34-63 knots)
298,AL042023,CINDY,TS,21.6,-58.8,40,2023-06-25 18:00:00,Tropical Storm (34-63 knots)
298,AL042023,CINDY,TS,22.5,-59.9,35,2023-06-26 00:00:00,Tropical Storm (34-63 knots)
299,AL062024,FRANCINE,LO,21.4,-94.5,45,2024-09-08 18:00:00,Low (not tropical/subtropical/extratropical)
299,AL062024,FRANCINE,LO,22.0,-94.8,45,2024-09-09 00:00:00,Low (not tropical/subtropical/extratropical)
299,AL062024,FRANCINE,LO,22.7,-95.1,45,2024-09-09 06:00:00,Low (not tropical/subtropical/extratropical)
299,AL062024,FRANCINE,TS,23.2,-95.5,45,2024-09-09 12:00:00,Tropical Storm (34-63 knots)
299,AL062024,FRANCINE,TS,23.7,-95.9,50,2024-09-09 18:00:00,Tropical Storm (34-63 knots)
299,AL062024,FRANCINE,TS,23.9,-96.1,55,2024-09-10 00:00:00,Tropical Storm (34-63 knots)
299,AL062024,FRANCINE,TS,24.1,-96.2,55,2024-09-10 06:00:00,Tropical Storm (34-63 knots)
299,AL062024,FRANCINE,TS,24.5,-95.8,55,2024-09-10 12:00:00,Tropical Storm (34-63 knots)
299,AL062024,FRANCINE,TS,25.3,-95.3,55,2024-09-10 18:00:00,Tropical Storm (34-63 knots)
299,AL062024,FRANCINE,HU,26.0,-94.7,65,2024-09-11 00:00:00,Hurricane (>64 knots)
299,AL062024,FRANCINE,HU,26.6,-94.1,80,2024-09-11 06:00:00,Hurricane (>64 knots)
299,AL062024,FRANCINE,HU,27.5,-93.2,80,2024-09-11 12:00:00,Hurricane (>64 knots)
299,AL062024,FRANCINE,HU,28.6,-92.1,85,2024-09-11 18:00:00,Hurricane (>64 knots)
299,AL062024,FRANCINE,HU,29.3,-91.3,90,2024-09-11 22:00:00,Hurricane (>64 knots)
299,AL062024,FRANCINE,HU,29.6,-90.9,70,2024-09-12 00:00:00,Hurricane (>64 knots)
299,AL062024,FRANCINE,TS,30.5,-90.3,45,2024-09-12 06:00:00,Tropical Storm (34-63 knots)
299,AL072024,GORDON,TS,19.3,-38.3,35,2024-09-13 12:00:00,Tropical Storm (34-63 knots)
299,AL072024,GORDON,TS,19.7,-39.1,35,2024-09-13 18:00:00,Tropical Storm (34-63 knots)
299,AL072024,GORDON,TS,19.9,-39.8,40,2024-09-14 00:00:00,Tropical Storm (34-63 knots)
299,AL072024,GORDON,TS,20.0,-40.5,40,2024-09-14 06:00:00,Tropical Storm (34-63 knots)
300,AL152024,NADINE,TS,17.3,-85.5,35,2024-10-19 00:00:00,Tropical Storm (34-63 knots)
300,AL152024,NADINE,TS,17.4,-86.4,40,2024-10-19 06:00:00,Tropical Storm (34-63 knots)
300,AL152024,NADINE,TS,17.4,-87.5,45,2024-10-19 12:00:00,Tropical Storm (34-63 knots)
300,AL152024,NADINE,TS,17.5,-88.2,50,2024-10-19 16:00:00,Tropical Storm (34-63 knots)
300,AL152024,NADINE,TS,17.5,-88.7,45,2024-10-19 18:00:00,Tropical Storm (34-63 knots)
300,AL162024,OSCAR,TS,21.0,-66.5,35,2024-10-19 00:00:00,Tropical Storm (34-63 knots)
300,AL162024,OSCAR,TS,21.2,-68.2,45,2024-10-19 06:00:00,Tropical Storm (34-63 knots)
300,AL162024,OSCAR,TS,21.3,-69.8,55,2024-10-19 12:00:00,Tropical Storm (34-63 knots)
300,AL162024,OSCAR,HU,21.4,-70.6,70,2024-10-19 18:00:00,Hurricane (>64 knots)
300,AL162024,OSCAR,HU,21.5,-71.1,75,2024-10-19 20:15:00,Hurricane (>64 knots)
300,AL162024,OSCAR,HU,21.5,-71.7,75,2024-10-20 00:00:00,Hurricane (>64 knots)
300,AL162024,OSCAR,HU,21.1,-72.7,70,2024-10-20 06:00:00,Hurricane (>64 knots)
300,AL162024,OSCAR,HU,20.8,-73.6,70,2024-10-20 12:00:00,Hurricane (>64 knots)
300,AL162024,OSCAR,HU,20.5,-74.0,75,2024-10-20 18:00:00,Hurricane (>64 knots)
300,AL162024,OSCAR,HU,20.3,-74.4,75,2024-10-20 22:00:00,Hurricane (>64 knots)
300,AL162024,OSCAR,HU,20.2,-74.5,65,2024-10-21 00:00:00,Hurricane (>64 knots)
300,AL162024,OSCAR,TS,20.1,-75.0,50,2024-10-21 06:00:00,Tropical Storm (34-63 knots)
300,AL162024,OSCAR,TS,20.3,-75.4,40,2024-10-21 12:00:00,Tropical Storm (34-63 knots)
300,AL162024,OSCAR,TS,20.7,-75.9,35,2024-10-21 18:00:00,Tropical Storm (34-63 knots)
300,AL162024,OSCAR,TS,21.5,-75.6,35,2024-10-22 00:00:00,Tropical Storm (34-63 knots)
300,AL162024,OSCAR,TS,22.2,-75.1,35,2024-10-22 06:00:00,Tropical Storm (34-63 knots)
300,AL162024,OSCAR,TS,22.7,-74.6,35,2024-10-22 12:00:00,Tropical Storm (34-63 knots)
300,AL172024,PATTY,EX,39.2,-41.0,55,2024-10-31 18:00:00,Extratropical Cyclone
300,AL172024,PATTY,EX,39.6,-40.0,55,2024-11-01 00:00:00,Extratropical Cyclone
300,AL172024,PATTY,EX,39.9,-38.9,50,2024-11-01 06:00:00,Extratropical Cyclone
300,AL172024,PATTY,EX,40.2,-37.7,50,2024-11-01 12:00:00,Extratropical Cyclone
300,AL172024,PATTY,SS,40.6,-36.5,45,2024-11-01 18:00:00,Subtropical Storm (>34 knots)
300,AL172024,PATTY,SS,40.6,-35.4,45,2024-11-02 00:00:00,Subtropical Storm (>34 knots)
300,AL172024,PATTY,SS,40.3,-34.6,50,2024-11-02 06:00:00,Subtropical Storm (>34 knots)
300,AL172024,PATTY,SS,39.4,-33.3,55,2024-11-02 12:00:00,Subtropical Storm (>34 knots)
300,AL172024,PATTY,SS,38.4,-31.6,55,2024-11-02 18:00:00,Subtropical Storm (>34 knots)
300,AL172024,PATTY,SS,37.9,-29.2,50,2024-11-03 00:00:00,Subtropical Storm (>34 knots)
300,AL172024,PATTY,SS,37.7,-27.0,45,2024-11-03 06:00:00,Subtropical Storm (>34 knots)
300,AL172024,PATTY,TS,37.5,-25.1,40,2024-11-03 12:00:00,Tropical Storm (34-63 knots)
300,AL172024,PATTY,TS,37.4,-23.3,40,2024-11-03 18:00:00,Tropical Storm (34-63 knots)
300,AL172024,PATTY,TS,37.6,-21.3,40,2024-11-04 00:00:00,Tropical Storm (34-63 knots)
300,AL172024,PATTY,TS,37.9,-19.2,35,2024-11-04 06:00:00,Tropical Storm (34-63 knots)
300,AL182024,RAFAEL,TS,15.1,-76.4,35,2024-11-04 18:00:00,Tropical Storm (34-63 knots)
300,AL182024,RAFAEL,TS,15.8,-76.9,40,2024-11-05 00:00:00,Tropical Storm (34-63 knots)
300,AL182024,RAFAEL,TS,16.6,-77.6,45,2024-11-05 06:00:00,Tropical Storm (34-63 knots)
300,AL182024,RAFAEL,TS,17.5,-78.3,50,2024-11-05 12:00:00,Tropical Storm (34-63 knots)
300,AL182024,RAFAEL,TS,18.5,-79.1,60,2024-11-05 18:00:00,Tropical Storm (34-63 knots)
300,AL182024,RAFAEL,HU,19.4,-80.0,70,2024-11-06 00:00:00,Hurricane (>64 knots)
300,AL182024,RAFAEL,HU,20.1,-80.9,80,2024-11-06 06:00:00,Hurricane (>64 knots)
300,AL182024,RAFAEL,HU,21.0,-81.6,90,2024-11-06 12:00:00,Hurricane (>64 knots)
300,AL182024,RAFAEL,HU,22.0,-82.3,100,2024-11-06 18:00:00,Hurricane (>64 knots)
300,AL182024,RAFAEL,HU,22.7,-82.7,100,2024-11-06 21:15:00,Hurricane (>64 knots)
300,AL182024,RAFAEL,HU,23.1,-83.2,95,2024-11-07 00:00:00,Hurricane (>64 knots)
303,AL172023,PHILIPPE,TS,27.6,-66.0,45,2023-10-06 00:00:00,Tropical Storm (34-63 knots)
303,AL172023,PHILIPPE,TS,28.7,-65.5,45,2023-10-06 06:00:00,Tropical Storm (34-63 knots)
303,AL192023,SEAN,TS,9.8,-31.4,35,2023-10-11 00:00:00,Tropical Storm (34-63 knots)
303,AL192023,SEAN,TS,10.1,-32.6,35,2023-10-11 06:00:00,Tropical Storm (34-63 knots)
303,AL192023,SEAN,TS,10.7,-33.7,35,2023-10-11 12:00:00,Tropical Storm (34-63 knots)
303,AL192023,SEAN,TS,12.8,-37.1,35,2023-10-12 12:00:00,Tropical Storm (34-63 knots)
303,AL192023,SEAN,TS,13.3,-37.8,40,2023-10-12 18:00:00,Tropical Storm (34-63 knots)
303,AL192023,SEAN,TS,13.7,-39.0,40,2023-10-13 00:00:00,Tropical Storm (34-63 knots)
303,AL192023,SEAN,TS,14.0,-40.1,40,2023-10-13 06:00:00,Tropical Storm (34-63 knots)
303,AL192023,SEAN,TS,14.3,-41.2,35,2023-10-13 12:00:00,Tropical Storm (34-63 knots)
303,AL192023,SEAN,TS,14.6,-42.2,35,2023-10-13 18:00:00,Tropical Storm (34-63 knots)
303,AL192023,SEAN,TS,14.9,-42.7,35,2023-10-14 00:00:00,Tropical Storm (34-63 knots)
303,AL202023,TAMMY,TS,12.9,-51.0,35,2023-10-18 18:00:00,Tropical Storm (34-63 knots)
303,AL202023,TAMMY,TS,13.0,-52.5,35,2023-10-19 00:00:00,Tropical Storm (34-63 knots)
303,AL202023,TAMMY,TS,13.2,-54.0,45,2023-10-19 06:00:00,Tropical Storm (34-63 knots)
303,AL202023,TAMMY,TS,13.4,-55.3,50,2023-10-19 12:00:00,Tropical Storm (34-63 knots)
303,AL202023,TAMMY,TS,13.5,-56.4,50,2023-10-19 18:00:00,Tropical Storm (34-63 knots)
303,AL202023,TAMMY,TS,13.6,-57.2,50,2023-10-20 00:00:00,Tropical Storm (34-63 knots)
303,AL202023,TAMMY,TS,13.7,-57.9,50,2023-10-20 06:00:00,Tropical Storm (34-63 knots)
303,AL202023,TAMMY,TS,13.9,-58.4,60,2023-10-20 12:00:00,Tropical Storm (34-63 knots)
303,AL202023,TAMMY,HU,14.1,-58.9,65,2023-10-20 18:00:00,Hurricane (>64 knots)
303,AL202023,TAMMY,HU,14.5,-59.6,70,2023-10-21 00:00:00,Hurricane (>64 knots)
303,AL202023,TAMMY,HU,14.9,-60.3,70,2023-10-21 06:00:00,Hurricane (>64 knots)
303,AL202023,TAMMY,HU,15.6,-60.6,75,2023-10-21 12:00:00,Hurricane (>64 knots)
303,AL202023,TAMMY,HU,16.6,-61.0,75,2023-10-21 18:00:00,Hurricane (>64 knots)
303,AL202023,TAMMY,HU,17.5,-61.7,80,2023-10-22 00:00:00,Hurricane (>64 knots)
303,AL202023,TAMMY,HU,17.6,-61.8,80,2023-10-22 01:15:00,Hurricane (>64 knots)
303,AL202023,TAMMY,HU,18.0,-62.2,75,2023-10-22 06:00:00,Hurricane (>64 knots)
303,AL202023,TAMMY,HU,18.7,-62.8,75,2023-10-22 12:00:00,Hurricane (>64 knots)
303,AL202023,TAMMY,HU,19.4,-63.4,75,2023-10-22 18:00:00,Hurricane (>64 knots)
303,AL202023,TAMMY,HU,20.2,-63.9,75,2023-10-23 00:00:00,Hurricane (>64 knots)
303,AL202023,TAMMY,HU,21.0,-64.0,70,2023-10-23 06:00:00,Hurricane (>64 knots)
303,AL202023,TAMMY,HU,21.6,-64.0,70,2023-10-23 12:00:00,Hurricane (>64 knots)
303,AL202023,TAMMY,HU,22.1,-63.8,65,2023-10-23 18:00:00,Hurricane (>64 knots)
303,AL202023,TAMMY,HU,22.6,-63.5,65,2023-10-24 00:00:00,Hurricane (>64 knots)
303,AL202023,TAMMY,HU,23.1,-63.1,65,2023-10-24 06:00:00,Hurricane (>64 knots)
303,AL202023,TAMMY,HU,23.6,-62.6,65,2023-10-24 12:00:00,Hurricane (>64 knots)
303,AL202023,TAMMY,HU,24.0,-62.0,65,2023-10-24 18:00:00,Hurricane (>64 knots)
303,AL202023,TAMMY,HU,24.5,-61.2,75,2023-10-25 00:00:00,Hurricane (>64 knots)
303,AL202023,TAMMY,HU,25.1,-60.4,85,2023-10-25 06:00:00,Hurricane (>64 knots)
303,AL202023,TAMMY,HU,26.1,-59.4,95,2023-10-25 12:00:00,Hurricane (>64 knots)
303,AL202023,TAMMY,HU,27.5,-58.3,85,2023-10-25 18:00:00,Hurricane (>64 knots)
303,AL202023,TAMMY,HU,29.1,-57.8,80,2023-10-26 00:00:00,Hurricane (>64 knots)
303,AL202023,TAMMY,HU,30.0,-58.3,75,2023-10-26 06:00:00,Hurricane (>64 knots)
303,AL202023,TAMMY,HU,30.5,-58.8,70,2023-10-26 12:00:00,Hurricane (>64 knots)
303,AL202023,TAMMY,HU,31.0,-59.5,65,2023-10-26 18:00:00,Hurricane (>64 knots)
303,AL202023,TAMMY,TS,31.5,-60.1,60,2023-10-27 00:00:00,Tropical Storm (34-63 knots)
303,AL202023,TAMMY,TS,31.8,-60.6,55,2023-10-27 06:00:00,Tropical Storm (34-63 knots)
304,AL052023,DON,LO,31.2,-48.7,35,2023-07-13 12:00:00,Low (not tropical/subtropical/extratropical)
304,AL052023,DON,LO,31.7,-47.3,40,2023-07-13 18:00:00,Low (not tropical/subtropical/extratropical)
304,AL052023,DON,SS,32.5,-46.7,45,2023-07-14 00:00:00,Subtropical Storm (>34 knots)
304,AL052023,DON,SS,32.9,-46.8,45,2023-07-14 06:00:00,Subtropical Storm (>34 knots)
304,AL052023,DON,SS,33.4,-47.0,40,2023-07-14 12:00:00,Subtropical Storm (>34 knots)
304,AL052023,DON,SS,33.8,-47.2,40,2023-07-14 18:00:00,Subtropical Storm (>34 knots)
304,AL052023,DON,SS,34.3,-47.2,40,2023-07-15 00:00:00,Subtropical Storm (>34 knots)
304,AL052023,DON,SS,35.3,-47.7,40,2023-07-15 06:00:00,Subtropical Storm (>34 knots)
304,AL052023,DON,SS,36.2,-48.4,40,2023-07-15 12:00:00,Subtropical Storm (>34 knots)
304,AL052023,DON,SS,37.1,-48.7,35,2023-07-15 18:00:00,Subtropical Storm (>34 knots)
304,AL052023,DON,SS,37.8,-48.8,35,2023-07-16 00:00:00,Subtropical Storm (>34 knots)
304,AL052023,DON,SS,38.4,-48.7,35,2023-07-16 06:00:00,Subtropical Storm (>34 knots)
304,AL052023,DON,TS,37.8,-40.9,35,2023-07-18 00:00:00,Tropical Storm (34-63 knots)
304,AL052023,DON,TS,36.8,-39.9,35,2023-07-18 06:00:00,Tropical Storm (34-63 knots)
304,AL052023,DON,TS,36.0,-39.4,35,2023-07-18 12:00:00,Tropical Storm (34-63 knots)
304,AL052023,DON,TS,35.3,-39.2,35,2023-07-18 18:00:00,Tropical Storm (34-63 knots)
304,AL052023,DON,TS,34.6,-39.1,35,2023-07-19 00:00:00,Tropical Storm (34-63 knots)
304,AL052023,DON,TS,34.2,-39.1,35,2023-07-19 06:00:00,Tropical Storm (34-63 knots)
304,AL052023,DON,TS,33.9,-39.3,35,2023-07-19 12:00:00,Tropical Storm (34-63 knots)
304,AL052023,DON,TS,33.8,-39.9,40,2023-07-19 18:00:00,Tropical Storm (34-63 knots)
304,AL052023,DON,TS,33.8,-40.6,45,2023-07-20 00:00:00,Tropical Storm (34-63 knots)
304,AL052023,DON,TS,34.0,-41.3,45,2023-07-20 06:00:00,Tropical Storm (34-63 knots)
304,AL052023,DON,TS,34.3,-42.2,40,2023-07-20 12:00:00,Tropical Storm (34-63 knots)
304,AL052023,DON,TS,34.5,-43.3,40,2023-07-20 18:00:00,Tropical Storm (34-63 knots)
304,AL052023,DON,TS,34.6,-44.2,40,2023-07-21 00:00:00,Tropical Storm (34-63 knots)
304,AL052023,DON,TS,35.0,-45.1,40,2023-07-21 06:00:00,Tropical Storm (34-63 knots)
304,AL052023,DON,TS,35.4,-46.0,45,2023-07-21 12:00:00,Tropical Storm (34-63 knots)
304,AL052023,DON,TS,36.2,-47.0,45,2023-07-21 18:00:00,Tropical Storm (34-63 knots)
304,AL052023,DON,TS,36.9,-48.2,45,2023-07-22 00:00:00,Tropical Storm (34-63 knots)
304,AL052023,DON,TS,37.7,-49.3,45,2023-07-22 06:00:00,Tropical Storm (34-63 knots)
304,AL052023,DON,TS,38.5,-49.9,55,2023-07-22 12:00:00,Tropical Storm (34-63 knots)
304,AL052023,DON,HU,39.5,-50.1,65,2023-07-22 18:00:00,Hurricane (>64 knots)
304,AL052023,DON,HU,40.7,-49.9,65,2023-07-23 00:00:00,Hurricane (>64 knots)
304,AL052023,DON,TS,42.0,-49.4,60,2023-07-23 06:00:00,Tropical Storm (34-63 knots)
304,AL052023,DON,TS,43.3,-48.5,55,2023-07-23 12:00:00,Tropical Storm (34-63 knots)
304,AL052023,DON,TS,44.7,-47.3,50,2023-07-23 18:00:00,Tropical Storm (34-63 knots)
304,AL052023,DON,TS,45.9,-45.7,45,2023-07-24 00:00:00,Tropical Storm (34-63 knots)
304,AL052023,DON,LO,46.7,-44.1,40,2023-07-24 06:00:00,Low (not tropical/subtropical/extratropical)
304,AL052023,DON,LO,47.3,-41.9,40,2023-07-24 12:00:00,Low (not tropical/subtropical/extratropical)
304,AL052023,DON,LO,47.8,-39.7,40,2023-07-24 18:00:00,Low (not tropical/subtropical/extratropical)
304,AL052023,DON,LO,48.5,-36.8,35,2023-07-25 00:00:00,Low (not tropical/subtropical/extratropical)
304,AL052023,DON,LO,49.1,-33.7,35,2023-07-25 06:00:00,Low (not tropical/subtropical/extratropical)
314,AL132023,LEE,HU,27.6,-67.8,90,2023-09-14 00:00:00,Hurricane (>64 knots)
314,AL132023,LEE,HU,28.5,-68.0,85,2023-09-14 06:00:00,Hurricane (>64 knots)
314,AL132023,LEE,HU,29.8,-68.2,80,2023-09-14 12:00:00,Hurricane (>64 knots)
314,AL132023,LEE,HU,31.1,-68.3,75,2023-09-14 18:00:00,Hurricane (>64 knots)
314,AL132023,LEE,HU,32.1,-67.8,75,2023-09-15 00:00:00,Hurricane (>64 knots)
314,AL132023,LEE,HU,33.6,-67.6,75,2023-09-15 06:00:00,Hurricane (>64 knots)
314,AL132023,LEE,HU,35.1,-67.1,75,2023-09-15 12:00:00,Hurricane (>64 knots)
314,AL132023,LEE,HU,37.1,-66.7,75,2023-09-15 18:00:00,Hurricane (>64 knots)
314,AL132023,LEE,HU,38.7,-65.9,75,2023-09-16 00:00:00,Hurricane (>64 knots)
314,AL132023,LEE,EX,40.9,-66.0,70,2023-09-16 06:00:00,Extratropical Cyclone
314,AL132023,LEE,EX,42.7,-66.3,65,2023-09-16 12:00:00,Extratropical Cyclone
314,AL132023,LEE,EX,43.8,-66.4,55,2023-09-16 18:00:00,Extratropical Cyclone
314,AL132023,LEE,EX,44.3,-66.3,55,2023-09-16 20:00:00,Extratropical Cyclone
314,AL132023,LEE,EX,44.7,-66.2,55,2023-09-17 00:00:00,Extratropical Cyclone
314,AL132023,LEE,EX,45.9,-64.8,50,2023-09-17 06:00:00,Extratropical Cyclone
314,AL132023,LEE,EX,47.3,-63.0,40,2023-09-17 12:00:00,Extratropical Cyclone
314,AL132023,LEE,EX,48.6,-60.1,40,2023-09-17 18:00:00,Extratropical Cyclone
314,AL132023,LEE,EX,50.7,-57.9,35,2023-09-18 00:00:00,Extratropical Cyclone
314,AL132023,LEE,EX,51.7,-53.2,35,2023-09-18 06:00:00,Extratropical Cyclone
314,AL132023,LEE,EX,52.6,-48.6,40,2023-09-18 12:00:00,Extratropical Cyclone
314,AL132023,LEE,EX,53.0,-42.0,40,2023-09-18 18:00:00,Extratropical Cyclone
314,AL142023,MARGOT,HU,35.1,-40.7,75,2023-09-14 00:00:00,Hurricane (>64 knots)
314,AL142023,MARGOT,HU,35.8,-40.5,70,2023-09-14 06:00:00,Hurricane (>64 knots)
314,AL142023,MARGOT,HU,36.3,-40.1,70,2023-09-14 12:00:00,Hurricane (>64 knots)
314,AL142023,MARGOT,HU,36.6,-39.6,70,2023-09-14 18:00:00,Hurricane (>64 knots)
314,AL142023,MARGOT,HU,36.7,-39.1,65,2023-09-15 00:00:00,Hurricane (>64 knots)
314,AL142023,MARGOT,TS,36.7,-38.6,60,2023-09-15 06:00:00,Tropical Storm (34-63 knots)
314,AL142023,MARGOT,TS,36.5,-38.1,55,2023-09-15 12:00:00,Tropical Storm (34-63 knots)
314,AL142023,MARGOT,TS,36.1,-37.8,55,2023-09-15 18:00:00,Tropical Storm (34-63 knots)
314,AL142023,MARGOT,TS,35.7,-37.8,55,2023-09-16 00:00:00,Tropical Storm (34-63 knots)
314,AL142023,MARGOT,TS,35.2,-38.0,55,2023-09-16 06:00:00,Tropical Storm (34-63 knots)
314,AL142023,MARGOT,TS,34.7,-38.5,50,2023-09-16 12:00:00,Tropical Storm (34-63 knots)
314,AL142023,MARGOT,TS,34.3,-39.2,45,2023-09-16 18:00:00,Tropical Storm (34-63 knots)
314,AL142023,MARGOT,LO,34.0,-40.1,40,2023-09-17 00:00:00,Low (not tropical/subtropical/extratropical)
314,AL142023,MARGOT,LO,34.0,-41.1,35,2023-09-17 06:00:00,Low (not tropical/subtropical/extratropical)
314,AL142023,MARGOT,LO,34.3,-42.0,35,2023-09-17 12:00:00,Low (not tropical/subtropical/extratropical)
314,AL142023,MARGOT,LO,34.7,-43.0,35,2023-09-17 18:00:00,Low (not tropical/subtropical/extratropical)
314,AL152023,NIGEL,TS,21.4,-47.6,35,2023-09-17 00:00:00,Tropical Storm (34-63 knots)
314,AL152023,NIGEL,TS,22.5,-48.3,45,2023-09-17 06:00:00,Tropical Storm (34-63 knots)
314,AL152023,NIGEL,TS,23.5,-48.8,50,2023-09-17 12:00:00,Tropical Storm (34-63 knots)
314,AL152023,NIGEL,TS,24.5,-49.4,55,2023-09-17 18:00:00,Tropical Storm (34-63 knots)
314,AL152023,NIGEL,TS,25.3,-50.0,60,2023-09-18 00:00:00,Tropical Storm (34-63 knots)
314,AL152023,NIGEL,HU,26.0,-50.6,65,2023-09-18 06:00:00,Hurricane (>64 knots)
314,AL152023,NIGEL,HU,26.8,-51.1,65,2023-09-18 12:00:00,Hurricane (>64 knots)
314,AL152023,NIGEL,HU,27.5,-51.7,70,2023-09-18 18:00:00,Hurricane (>64 knots)
314,AL152023,NIGEL,HU,28.2,-52.4,75,2023-09-19 00:00:00,Hurricane (>64 knots)
314,AL152023,NIGEL,HU,29.0,-53.2,75,2023-09-19 06:00:00,Hurricane (>64 knots)
314,AL152023,NIGEL,HU,29.9,-54.0,80,2023-09-19 12:00:00,Hurricane (>64 knots)
314,AL152023,NIGEL,HU,31.1,-54.7,85,2023-09-19 18:00:00,Hurricane (>64 knots)
314,AL152023,NIGEL,HU,32.4,-55.0,85,2023-09-20 00:00:00,Hurricane (>64 knots)
314,AL152023,NIGEL,HU,33.7,-55.2,85,2023-09-20 06:00:00,Hurricane (>64 knots)
314,AL152023,NIGEL,HU,35.2,-54.7,80,2023-09-20 12:00:00,Hurricane (>64 knots)
314,AL152023,NIGEL,HU,36.7,-53.6,80,2023-09-20 18:00:00,Hurricane (>64 knots)
314,AL152023,NIGEL,HU,38.3,-51.6,80,2023-09-21 00:00:00,Hurricane (>64 knots)
314,AL152023,NIGEL,HU,40.0,-49.2,75,2023-09-21 06:00:00,Hurricane (>64 knots)
314,AL152023,NIGEL,HU,41.3,-46.3,75,2023-09-21 12:00:00,Hurricane (>64 knots)
314,AL152023,NIGEL,HU,42.8,-42.8,70,2023-09-21 18:00:00,Hurricane (>64 knots)
314,AL152023,NIGEL,HU,44.3,-38.7,65,2023-09-22 00:00:00,Hurricane (>64 knots)
314,AL152023,NIGEL,EX,45.4,-34.3,60,2023-09-22 06:00:00,Extratropical Cyclone
314,AL152023,NIGEL,EX,47.2,-30.2,55,2023-09-22 12:00:00,Extratropical Cyclone
314,AL152023,NIGEL,EX,48.9,-26.8,55,2023-09-22 18:00:00,Extratropical Cyclone
314,AL152023,NIGEL,EX,50.9,-24.0,55,2023-09-23 00:00:00,Extratropical Cyclone
314,AL152023,NIGEL,EX,53.3,-22.2,55,2023-09-23 06:00:00,Extratropical Cyclone
314,AL152023,NIGEL,EX,55.6,-22.7,55,2023-09-23 12:00:00,Extratropical Cyclone
314,AL152023,NIGEL,EX,57.7,-23.2,55,2023-09-23 18:00:00,Extratropical Cyclone
314,AL152023,NIGEL,EX,58.3,-25.6,50,2023-09-24 00:00:00,Extratropical Cyclone
314,AL152023,NIGEL,EX,57.4,-27.4,50,2023-09-24 06:00:00,Extratropical Cyclone
314,AL152023,NIGEL,EX,56.1,-26.7,45,2023-09-24 12:00:00,Extratropical Cyclone
314,AL152023,NIGEL,EX,56.4,-23.5,45,2023-09-24 18:00:00,Extratropical Cyclone
314,AL152023,NIGEL,EX,58.0,-20.9,40,2023-09-25 00:00:00,Extratropical Cyclone
314,AL152023,NIGEL,EX,60.1,-18.6,40,2023-09-25 06:00:00,Extratropical Cyclone
314,AL152023,NIGEL,EX,61.0,-18.5,40,2023-09-25 12:00:00,Extratropical Cyclone
314,AL152023,NIGEL,EX,61.5,-19.4,40,2023-09-25 18:00:00,Extratropical Cyclone
314,AL152023,NIGEL,EX,61.5,-20.9,40,2023-09-26 00:00:00,Extratropical Cyclone
314,AL152023,NIGEL,EX,61.5,-22.5,40,2023-09-26 06:00:00,Extratropical Cyclone
314,AL152023,NIGEL,EX,61.5,-23.3,40,2023-09-26 12:00:00,Extratropical Cyclone
314,AL162023,OPHELIA,EX,29.5,-75.3,35,2023-09-22 00:00:00,Extratropical Cyclone
314,AL162023,OPHELIA,EX,30.3,-75.1,40,2023-09-22 06:00:00,Extratropical Cyclone
314,AL162023,OPHELIA,EX,31.6,-75.5,50,2023-09-22 12:00:00,Extratropical Cyclone
314,AL162023,OPHELIA,TS,32.7,-76.1,60,2023-09-22 18:00:00,Tropical Storm (34-63 knots)
314,AL162023,OPHELIA,TS,33.3,-76.6,60,2023-09-23 00:00:00,Tropical Storm (34-63 knots)
314,AL162023,OPHELIA,TS,33.8,-77.1,60,2023-09-23 06:00:00,Tropical Storm (34-63 knots)
314,AL162023,OPHELIA,TS,34.7,-77.1,60,2023-09-23 10:15:00,Tropical Storm (34-63 knots)
314,AL162023,OPHELIA,TS,35.1,-77.1,50,2023-09-23 12:00:00,Tropical Storm (34-63 knots)
314,AL162023,OPHELIA,TS,36.3,-77.5,40,2023-09-23 18:00:00,Tropical Storm (34-63 knots)
314,AL172023,PHILIPPE,TS,15.7,-39.1,35,2023-09-23 18:00:00,Tropical Storm (34-63 knots)
314,AL172023,PHILIPPE,TS,15.8,-39.8,40,2023-09-24 00:00:00,Tropical Storm (34-63 knots)
314,AL172023,PHILIPPE,TS,16.0,-40.5,45,2023-09-24 06:00:00,Tropical Storm (34-63 knots)
314,AL172023,PHILIPPE,TS,16.3,-41.3,45,2023-09-24 12:00:00,Tropical Storm (34-63 knots)
314,AL172023,PHILIPPE,TS,16.6,-42.0,45,2023-09-24 18:00:00,Tropical Storm (34-63 knots)
314,AL172023,PHILIPPE,TS,16.9,-42.9,45,2023-09-25 00:00:00,Tropical Storm (34-63 knots)
314,AL172023,PHILIPPE,TS,17.1,-43.8,50,2023-09-25 06:00:00,Tropical Storm (34-63 knots)
314,AL172023,PHILIPPE,TS,17.1,-44.8,50,2023-09-25 12:00:00,Tropical Storm (34-63 knots)
314,AL172023,PHILIPPE,TS,17.1,-46.2,45,2023-09-25 18:00:00,Tropical Storm (34-63 knots)
314,AL172023,PHILIPPE,TS,17.4,-47.3,45,2023-09-26 00:00:00,Tropical Storm (34-63 knots)
314,AL172023,PHILIPPE,TS,17.5,-48.5,45,2023-09-26 06:00:00,Tropical Storm (34-63 knots)
314,AL172023,PHILIPPE,TS,17.4,-49.7,40,2023-09-26 12:00:00,Tropical Storm (34-63 knots)
314,AL172023,PHILIPPE,TS,17.1,-50.8,40,2023-09-26 18:00:00,Tropical Storm (34-63 knots)
314,AL172023,PHILIPPE,TS,17.2,-51.6,40,2023-09-27 00:00:00,Tropical Storm (34-63 knots)
314,AL172023,PHILIPPE,TS,17.4,-52.3,40,2023-09-27 06:00:00,Tropical Storm (34-63 knots)
314,AL172023,PHILIPPE,TS,17.5,-53.0,45,2023-09-27 12:00:00,Tropical Storm (34-63 knots)
314,AL172023,PHILIPPE,TS,17.8,-53.7,45,2023-09-27 18:00:00,Tropical Storm (34-63 knots)
314,AL172023,PHILIPPE,TS,18.1,-54.3,40,2023-09-28 00:00:00,Tropical Storm (34-63 knots)
314,AL172023,PHILIPPE,TS,18.5,-54.5,40,2023-09-28 06:00:00,Tropical Storm (34-63 knots)
314,AL172023,PHILIPPE,TS,18.7,-54.7,40,2023-09-28 12:00:00,Tropical Storm (34-63 knots)
314,AL172023,PHILIPPE,TS,18.6,-54.8,40,2023-09-28 18:00:00,Tropical Storm (34-63 knots)
314,AL172023,PHILIPPE,TS,18.5,-54.9,40,2023-09-29 00:00:00,Tropical Storm (34-63 knots)
314,AL172023,PHILIPPE,TS,18.4,-55.0,40,2023-09-29 06:00:00,Tropical Storm (34-63 knots)
314,AL172023,PHILIPPE,TS,18.2,-55.3,45,2023-09-29 12:00:00,Tropical Storm (34-63 knots)
314,AL172023,PHILIPPE,TS,18.0,-55.6,45,2023-09-29 18:00:00,Tropical Storm (34-63 knots)
314,AL172023,PHILIPPE,TS,17.6,-55.7,45,2023-09-30 00:00:00,Tropical Storm (34-63 knots)
314,AL172023,PHILIPPE,TS,17.2,-55.8,45,2023-09-30 06:00:00,Tropical Storm (34-63 knots)
314,AL172023,PHILIPPE,TS,16.8,-56.0,45,2023-09-30 12:00:00,Tropical Storm (34-63 knots)
314,AL172023,PHILIPPE,TS,16.4,-56.3,50,2023-09-30 18:00:00,Tropical Storm (34-63 knots)
314,AL172023,PHILIPPE,TS,16.1,-56.7,50,2023-10-01 00:00:00,Tropical Storm (34-63 knots)
314,AL172023,PHILIPPE,TS,16.0,-57.5,50,2023-10-01 06:00:00,Tropical Storm (34-63 knots)
314,AL172023,PHILIPPE,TS,16.0,-58.4,45,2023-10-01 12:00:00,Tropical Storm (34-63 knots)
314,AL172023,PHILIPPE,TS,16.2,-58.8,45,2023-10-01 18:00:00,Tropical Storm (34-63 knots)
314,AL172023,PHILIPPE,TS,16.5,-59.0,45,2023-10-02 00:00:00,Tropical Storm (34-63 knots)
314,AL172023,PHILIPPE,TS,16.8,-59.7,45,2023-10-02 06:00:00,Tropical Storm (34-63 knots)
314,AL172023,PHILIPPE,TS,16.9,-60.5,45,2023-10-02 12:00:00,Tropical Storm (34-63 knots)
314,AL172023,PHILIPPE,TS,17.3,-61.2,45,2023-10-02 18:00:00,Tropical Storm (34-63 knots)
314,AL172023,PHILIPPE,TS,17.6,-61.8,45,2023-10-02 22:45:00,Tropical Storm (34-63 knots)
314,AL172023,PHILIPPE,TS,17.6,-61.9,45,2023-10-03 00:00:00,Tropical Storm (34-63 knots)
314,AL172023,PHILIPPE,TS,18.1,-62.7,45,2023-10-03 06:00:00,Tropical Storm (34-63 knots)
314,AL172023,PHILIPPE,TS,18.6,-63.6,40,2023-10-03 12:00:00,Tropical Storm (34-63 knots)
314,AL172023,PHILIPPE,TS,19.1,-64.5,40,2023-10-03 18:00:00,Tropical Storm (34-63 knots)
314,AL172023,PHILIPPE,TS,19.5,-65.2,40,2023-10-04 00:00:00,Tropical Storm (34-63 knots)
314,AL172023,PHILIPPE,TS,20.2,-65.4,40,2023-10-04 06:00:00,Tropical Storm (34-63 knots)
314,AL172023,PHILIPPE,TS,21.2,-65.6,40,2023-10-04 12:00:00,Tropical Storm (34-63 knots)
314,AL172023,PHILIPPE,TS,22.2,-65.8,35,2023-10-04 18:00:00,Tropical Storm (34-63 knots)
314,AL182023,RINA,TS,15.6,-44.5,35,2023-09-28 06:00:00,Tropical Storm (34-63 knots)
314,AL182023,RINA,TS,16.9,-45.1,35,2023-09-28 12:00:00,Tropical Storm (34-63 knots)
314,AL182023,RINA,TS,17.7,-45.8,35,2023-09-28 18:00:00,Tropical Storm (34-63 knots)
314,AL182023,RINA,TS,18.2,-46.2,40,2023-09-29 00:00:00,Tropical Storm (34-63 knots)
314,AL182023,RINA,TS,18.6,-46.4,45,2023-09-29 06:00:00,Tropical Storm (34-63 knots)
314,AL182023,RINA,TS,19.1,-46.7,45,2023-09-29 12:00:00,Tropical Storm (34-63 knots)
314,AL182023,RINA,TS,19.8,-47.5,45,2023-09-29 18:00:00,Tropical Storm (34-63 knots)
314,AL182023,RINA,TS,20.2,-48.4,45,2023-09-30 00:00:00,Tropical Storm (34-63 knots)
314,AL182023,RINA,TS,20.5,-49.1,45,2023-09-30 06:00:00,Tropical Storm (34-63 knots)
314,AL182023,RINA,TS,21.0,-50.0,40,2023-09-30 12:00:00,Tropical Storm (34-63 knots)
314,AL182023,RINA,TS,22.1,-51.0,40,2023-09-30 18:00:00,Tropical Storm (34-63 knots)
314,AL182023,RINA,TS,23.0,-52.2,35,2023-10-01 00:00:00,Tropical Storm (34-63 knots)
314,AL182023,RINA,TS,23.8,-53.3,35,2023-10-01 06:00:00,Tropical Storm (34-63 knots)
314,AL182023,RINA,TS,24.8,-54.4,35,2023-10-01 12:00:00,Tropical Storm (34-63 knots)
318,AL212021,WANDA,EX,32.5,-76.3,35,2021-10-25 18:00:00,Extratropical Cyclone
318,AL212021,WANDA,EX,34.2,-74.1,45,2021-10-26 00:00:00,Extratropical Cyclone
318,AL212021,WANDA,EX,35.9,-71.3,45,2021-10-26 06:00:00,Extratropical Cyclone
318,AL212021,WANDA,EX,37.7,-69.1,50,2021-10-26 12:00:00,Extratropical Cyclone
318,AL212021,WANDA,EX,39.5,-68.2,55,2021-10-26 18:00:00,Extratropical Cyclone
318,AL212021,WANDA,EX,40.8,-67.6,60,2021-10-27 00:00:00,Extratropical Cyclone
318,AL212021,WANDA,EX,41.4,-69.4,60,2021-10-27 06:00:00,Extratropical Cyclone
318,AL212021,WANDA,EX,39.9,-70.1,55,2021-10-27 12:00:00,Extratropical Cyclone
318,AL212021,WANDA,EX,38.7,-68.5,50,2021-10-27 18:00:00,Extratropical Cyclone
318,AL212021,WANDA,EX,39.0,-65.9,45,2021-10-28 00:00:00,Extratropical Cyclone
318,AL212021,WANDA,EX,39.4,-63.9,45,2021-10-28 06:00:00,Extratropical Cyclone
318,AL212021,WANDA,EX,39.8,-61.9,45,2021-10-28 12:00:00,Extratropical Cyclone
318,AL212021,WANDA,EX,40.2,-59.8,45,2021-10-28 18:00:00,Extratropical Cyclone
318,AL212021,WANDA,EX,40.6,-58.1,45,2021-10-29 00:00:00,Extratropical Cyclone
318,AL212021,WANDA,EX,40.7,-56.8,45,2021-10-29 06:00:00,Extratropical Cyclone
318,AL212021,WANDA,EX,40.6,-55.5,45,2021-10-29 12:00:00,Extratropical Cyclone
318,AL212021,WANDA,EX,40.4,-54.0,45,2021-10-29 18:00:00,Extratropical Cyclone
318,AL212021,WANDA,EX,40.1,-52.4,45,2021-10-30 00:00:00,Extratropical Cyclone
318,AL212021,WANDA,EX,39.4,-51.2,40,2021-10-30 06:00:00,Extratropical Cyclone
318,AL212021,WANDA,SS,38.5,-49.6,40,2021-10-30 12:00:00,Subtropical Storm (>34 knots)
318,AL212021,WANDA,SS,37.5,-47.8,40,2021-10-30 18:00:00,Subtropical Storm (>34 knots)
318,AL212021,WANDA,SS,36.5,-46.0,45,2021-10-31 00:00:00,Subtropical Storm (>34 knots)
318,AL212021,WANDA,SS,36.6,-44.2,50,2021-10-31 06:00:00,Subtropical Storm (>34 knots)
318,AL212021,WANDA,SS,36.5,-43.4,50,2021-10-31 12:00:00,Subtropical Storm (>34 knots)
318,AL212021,WANDA,SS,36.4,-43.5,50,2021-10-31 18:00:00,Subtropical Storm (>34 knots)
318,AL212021,WANDA,SS,35.8,-44.0,45,2021-11-01 00:00:00,Subtropical Storm (>34 knots)
318,AL212021,WANDA,SS,34.8,-44.2,40,2021-11-01 06:00:00,Subtropical Storm (>34 knots)
318,AL212021,WANDA,TS,34.1,-43.4,40,2021-11-01 12:00:00,Tropical Storm (34-63 knots)
318,AL212021,WANDA,TS,34.1,-42.6,35,2021-11-01 18:00:00,Tropical Storm (34-63 knots)
318,AL212021,WANDA,TS,34.4,-41.9,35,2021-11-02 00:00:00,Tropical Storm (34-63 knots)
318,AL212021,WANDA,TS,34.9,-41.3,40,2021-11-02 06:00:00,Tropical Storm (34-63 knots)
320,AL042024,DEBBY,SS,32.7,-79.4,45,2024-08-08 00:00:00,Subtropical Storm (>34 knots)
320,AL042024,DEBBY,SS,33.0,-79.6,40,2024-08-08 06:00:00,Subtropical Storm (>34 knots)
320,AL042024,DEBBY,SS,33.7,-80.0,40,2024-08-08 12:00:00,Subtropical Storm (>34 knots)
320,AL042024,DEBBY,SS,34.6,-80.3,40,2024-08-08 18:00:00,Subtropical Storm (>34 knots)
320,AL042024,DEBBY,EX,49.4,-64.7,35,2024-08-10 12:00:00,Extratropical Cyclone
320,AL042024,DEBBY,EX,50.0,-59.5,35,2024-08-10 18:00:00,Extratropical Cyclone
320,AL052024,ERNESTO,TS,15.9,-56.6,35,2024-08-12 18:00:00,Tropical Storm (34-63 knots)
320,AL052024,ERNESTO,TS,16.0,-58.6,35,2024-08-13 00:00:00,Tropical Storm (34-63 knots)
320,AL052024,ERNESTO,TS,16.1,-60.5,35,2024-08-13 06:00:00,Tropical Storm (34-63 knots)
320,AL052024,ERNESTO,TS,16.4,-61.4,35,2024-08-13 09:40:00,Tropical Storm (34-63 knots)
320,AL052024,ERNESTO,TS,16.6,-62.0,40,2024-08-13 12:00:00,Tropical Storm (34-63 knots)
320,AL052024,ERNESTO,TS,16.7,-62.2,40,2024-08-13 12:50:00,Tropical Storm (34-63 knots)
320,AL052024,ERNESTO,TS,17.6,-63.5,50,2024-08-13 18:00:00,Tropical Storm (34-63 knots)
320,AL052024,ERNESTO,TS,18.3,-64.7,55,2024-08-13 23:30:00,Tropical Storm (34-63 knots)
320,AL052024,ERNESTO,TS,18.4,-64.9,55,2024-08-14 00:00:00,Tropical Storm (34-63 knots)
320,AL052024,ERNESTO,TS,19.0,-66.0,60,2024-08-14 06:00:00,Tropical Storm (34-63 knots)
320,AL052024,ERNESTO,HU,19.9,-67.2,65,2024-08-14 12:00:00,Hurricane (>64 knots)
320,AL052024,ERNESTO,HU,21.1,-68.0,65,2024-08-14 18:00:00,Hurricane (>64 knots)
320,AL052024,ERNESTO,HU,22.3,-68.7,70,2024-08-15 00:00:00,Hurricane (>64 knots)
320,AL052024,ERNESTO,HU,23.4,-69.2,75,2024-08-15 06:00:00,Hurricane (>64 knots)
320,AL052024,ERNESTO,HU,24.5,-69.3,75,2024-08-15 12:00:00,Hurricane (>64 knots)
320,AL052024,ERNESTO,HU,25.6,-69.0,80,2024-08-15 18:00:00,Hurricane (>64 knots)
320,AL052024,ERNESTO,HU,26.6,-68.3,85,2024-08-16 00:00:00,Hurricane (>64 knots)
320,AL052024,ERNESTO,HU,27.7,-67.5,85,2024-08-16 06:00:00,Hurricane (>64 knots)
320,AL052024,ERNESTO,HU,28.9,-66.8,85,2024-08-16 12:00:00,Hurricane (>64 knots)
320,AL052024,ERNESTO,HU,30.0,-66.1,85,2024-08-16 18:00:00,Hurricane (>64 knots)
320,AL052024,ERNESTO,HU,31.0,-65.4,80,2024-08-17 00:00:00,Hurricane (>64 knots)
320,AL052024,ERNESTO,HU,31.9,-65.0,75,2024-08-17 06:00:00,Hurricane (>64 knots)
320,AL052024,ERNESTO,HU,32.3,-64.8,75,2024-08-17 08:30:00,Hurricane (>64 knots)
320,AL052024,ERNESTO,HU,32.6,-64.6,70,2024-08-17 12:00:00,Hurricane (>64 knots)
320,AL052024,ERNESTO,HU,33.0,-64.2,65,2024-08-17 18:00:00,Hurricane (>64 knots)
320,AL052024,ERNESTO,TS,33.5,-63.6,60,2024-08-18 00:00:00,Tropical Storm (34-63 knots)
320,AL052024,ERNESTO,TS,34.3,-63.2,60,2024-08-18 06:00:00,Tropical Storm (34-63 knots)
320,AL052024,ERNESTO,TS,35.4,-63.0,60,2024-08-18 12:00:00,Tropical Storm (34-63 knots)
320,AL052024,ERNESTO,HU,36.4,-62.6,65,2024-08-18 18:00:00,Hurricane (>64 knots)
320,AL052024,ERNESTO,HU,37.7,-62.0,70,2024-08-19 00:00:00,Hurricane (>64 knots)
320,AL052024,ERNESTO,HU,39.2,-61.2,75,2024-08-19 06:00:00,Hurricane (>64 knots)
320,AL052024,ERNESTO,HU,40.9,-59.8,85,2024-08-19 12:00:00,Hurricane (>64 knots)
320,AL052024,ERNESTO,HU,42.8,-58.1,80,2024-08-19 18:00:00,Hurricane (>64 knots)
320,AL052024,ERNESTO,HU,44.8,-55.0,75,2024-08-20 00:00:00,Hurricane (>64 knots)
320,AL052024,ERNESTO,HU,46.6,-51.4,65,2024-08-20 06:00:00,Hurricane (>64 knots)
320,AL052024,ERNESTO,EX,48.3,-47.2,60,2024-08-20 12:00:00,Extratropical Cyclone
320,AL052024,ERNESTO,EX,49.7,-41.9,55,2024-08-20 18:00:00,Extratropical Cyclone
323,AL012024,ALBERTO,DB,19.9,-92.7,35,2024-06-17 18:00:00,Disturbance
323,AL012024,ALBERTO,DB,20.4,-92.7,35,2024-06-18 00:00:00,Disturbance
323,AL012024,ALBERTO,DB,20.9,-92.7,35,2024-06-18 06:00:00,Disturbance
323,AL012024,ALBERTO,DB,21.5,-92.6,35,2024-06-18 12:00:00,Disturbance
323,AL012024,ALBERTO,DB,22.0,-92.6,35,2024-06-18 18:00:00,Disturbance
323,AL012024,ALBERTO,DB,22.3,-92.8,35,2024-06-19 00:00:00,Disturbance
323,AL012024,ALBERTO,DB,22.4,-93.5,35,2024-06-19 06:00:00,Disturbance
323,AL012024,ALBERTO,TS,22.1,-94.2,35,2024-06-19 12:00:00,Tropical Storm (34-63 knots)
323,AL012024,ALBERTO,TS,21.8,-94.8,40,2024-06-19 18:00:00,Tropical Storm (34-63 knots)
323,AL012024,ALBERTO,TS,21.5,-95.5,45,2024-06-20 00:00:00,Tropical Storm (34-63 knots)
323,AL012024,ALBERTO,TS,22.0,-96.7,45,2024-06-20 06:00:00,Tropical Storm (34-63 knots)
323,AL012024,ALBERTO,TS,22.4,-97.8,45,2024-06-20 09:00:00,Tropical Storm (34-63 knots)
323,AL012024,ALBERTO,TS,22.4,-98.8,35,2024-06-20 12:00:00,Tropical Storm (34-63 knots)
323,AL022024,BERYL,TS,9.2,-43.1,35,2024-06-29 00:00:00,Tropical Storm (34-63 knots)
323,AL022024,BERYL,TS,9.5,-45.2,45,2024-06-29 06:00:00,Tropical Storm (34-63 knots)
323,AL022024,BERYL,TS,9.7,-47.0,55,2024-06-29 12:00:00,Tropical Storm (34-63 knots)
323,AL022024,BERYL,TS,9.9,-48.7,60,2024-06-29 18:00:00,Tropical Storm (34-63 knots)
323,AL022024,BERYL,HU,10.1,-50.5,70,2024-06-30 00:00:00,Hurricane (>64 knots)
323,AL022024,BERYL,HU,10.4,-52.3,85,2024-06-30 06:00:00,Hurricane (>64 knots)
323,AL022024,BERYL,HU,10.5,-54.0,100,2024-06-30 12:00:00,Hurricane (>64 knots)
323,AL022024,BERYL,HU,10.9,-55.7,115,2024-06-30 18:00:00,Hurricane (>64 knots)
323,AL022024,BERYL,HU,11.2,-57.3,110,2024-07-01 00:00:00,Hurricane (>64 knots)
323,AL022024,BERYL,HU,11.5,-59.0,100,2024-07-01 06:00:00,Hurricane (>64 knots)
323,AL022024,BERYL,HU,12.0,-60.6,115,2024-07-01 12:00:00,Hurricane (>64 knots)
323,AL022024,BERYL,HU,12.5,-61.5,120,2024-07-01 15:20:00,Hurricane (>64 knots)
323,AL022024,BERYL,HU,12.8,-62.3,130,2024-07-01 18:00:00,Hurricane (>64 knots)
323,AL022024,BERYL,HU,13.5,-64.1,140,2024-07-02 00:00:00,Hurricane (>64 knots)
323,AL022024,BERYL,HU,14.3,-65.9,145,2024-07-02 06:00:00,Hurricane (>64 knots)
323,AL022024,BERYL,HU,14.8,-67.2,145,2024-07-02 09:45:00,Hurricane (>64 knots)
323,AL022024,BERYL,HU,15.0,-67.9,140,2024-07-02 12:00:00,Hurricane (>64 knots)
323,AL022024,BERYL,HU,15.6,-69.9,135,2024-07-02 18:00:00,Hurricane (>64 knots)
323,AL022024,BERYL,HU,16.0,-71.8,130,2024-07-03 00:00:00,Hurricane (>64 knots)
323,AL022024,BERYL,HU,16.3,-73.5,125,2024-07-03 06:00:00,Hurricane (>64 knots)
323,AL022024,BERYL,HU,16.8,-75.3,125,2024-07-03 12:00:00,Hurricane (>64 knots)
323,AL022024,BERYL,HU,17.3,-76.8,120,2024-07-03 18:00:00,Hurricane (>64 knots)
323,AL022024,BERYL,HU,17.8,-78.3,115,2024-07-04 00:00:00,Hurricane (>64 knots)
323,AL022024,BERYL,HU,18.3,-80.0,105,2024-07-04 06:00:00,Hurricane (>64 knots)
323,AL022024,BERYL,HU,18.8,-81.8,95,2024-07-04 12:00:00,Hurricane (>64 knots)
323,AL022024,BERYL,HU,19.3,-83.4,90,2024-07-04 18:00:00,Hurricane (>64 knots)
323,AL022024,BERYL,HU,19.4,-84.8,100,2024-07-05 00:00:00,Hurricane (>64 knots)
323,AL022024,BERYL,HU,19.8,-86.2,95,2024-07-05 06:00:00,Hurricane (>64 knots)
323,AL022024,BERYL,HU,20.3,-87.4,80,2024-07-05 11:00:00,Hurricane (>64 knots)
323,AL022024,BERYL,HU,20.4,-87.6,75,2024-07-05 12:00:00,Hurricane (>64 knots)
323,AL022024,BERYL,TS,20.9,-88.8,60,2024-07-05 18:00:00,Tropical Storm (34-63 knots)
323,AL022024,BERYL,TS,21.4,-89.8,50,2024-07-06 00:00:00,Tropical Storm (34-63 knots)
323,AL022024,BERYL,TS,21.9,-90.9,45,2024-07-06 06:00:00,Tropical Storm (34-63 knots)
323,AL022024,BERYL,TS,22.6,-91.8,50,2024-07-06 12:00:00,Tropical Storm (34-63 knots)
323,AL022024,BERYL,TS,23.6,-92.7,50,2024-07-06 18:00:00,Tropical Storm (34-63 knots)
323,AL022024,BERYL,TS,24.4,-93.6,50,2024-07-07 00:00:00,Tropical Storm (34-63 knots)
323,AL032024,CHRIS,TS,19.9,-96.0,35,2024-07-01 00:00:00,Tropical Storm (34-63 knots)
323,AL032024,CHRIS,TS,19.9,-96.5,40,2024-07-01 03:00:00,Tropical Storm (34-63 knots)
324,AL212021,WANDA,EX,39.4,-63.9,45,2021-10-28 06:00:00,Extratropical Cyclone
324,AL212021,WANDA,EX,39.8,-61.9,45,2021-10-28 12:00:00,Extratropical Cyclone
324,AL212021,WANDA,EX,40.2,-59.8,45,2021-10-28 18:00:00,Extratropical Cyclone
324,AL212021,WANDA,EX,40.6,-58.1,45,2021-10-29 00:00:00,Extratropical Cyclone
324,AL212021,WANDA,EX,40.7,-56.8,45,2021-10-29 06:00:00,Extratropical Cyclone
324,AL212021,WANDA,EX,40.6,-55.5,45,2021-10-29 12:00:00,Extratropical Cyclone
324,AL212021,WANDA,EX,40.4,-54.0,45,2021-10-29 18:00:00,Extratropical Cyclone
324,AL212021,WANDA,EX,40.1,-52.4,45,2021-10-30 00:00:00,Extratropical Cyclone
324,AL212021,WANDA,EX,39.4,-51.2,40,2021-10-30 06:00:00,Extratropical Cyclone
324,AL212021,WANDA,SS,38.5,-49.6,40,2021-10-30 12:00:00,Subtropical Storm (>34 knots)
324,AL212021,WANDA,SS,37.5,-47.8,40,2021-10-30 18:00:00,Subtropical Storm (>34 knots)
324,AL212021,WANDA,SS,36.5,-46.0,45,2021-10-31 00:00:00,Subtropical Storm (>34 knots)
324,AL212021,WANDA,SS,36.6,-44.2,50,2021-10-31 06:00:00,Subtropical Storm (>34 knots)
324,AL212021,WANDA,SS,36.5,-43.4,50,2021-10-31 12:00:00,Subtropical Storm (>34 knots)
324,AL212021,WANDA,SS,36.4,-43.5,50,2021-10-31 18:00:00,Subtropical Storm (>34 knots)
324,AL212021,WANDA,SS,35.8,-44.0,45,2021-11-01 00:00:00,Subtropical Storm (>34 knots)
324,AL212021,WANDA,SS,34.8,-44.2,40,2021-11-01 06:00:00,Subtropical Storm (>34 knots)
324,AL212021,WANDA,TS,34.1,-43.4,40,2021-11-01 12:00:00,Tropical Storm (34-63 knots)
324,AL212021,WANDA,TS,34.1,-42.6,35,2021-11-01 18:00:00,Tropical Storm (34-63 knots)
324,AL212021,WANDA,TS,34.4,-41.9,35,2021-11-02 00:00:00,Tropical Storm (34-63 knots)
324,AL212021,WANDA,TS,34.9,-41.3,40,2021-11-02 06:00:00,Tropical Storm (34-63 knots)
324,AL212021,WANDA,TS,35.5,-40.7,40,2021-11-02 12:00:00,Tropical Storm (34-63 knots)
324,AL212021,WANDA,TS,36.2,-40.5,40,2021-11-02 18:00:00,Tropical Storm (34-63 knots)
324,AL212021,WANDA,TS,36.9,-40.4,40,2021-11-03 00:00:00,Tropical Storm (34-63 knots)
324,AL212021,WANDA,TS,37.6,-40.2,40,2021-11-03 06:00:00,Tropical Storm (34-63 knots)
324,AL212021,WANDA,TS,38.4,-39.9,40,2021-11-03 12:00:00,Tropical Storm (34-63 knots)
324,AL212021,WANDA,TS,39.3,-39.7,45,2021-11-03 18:00:00,Tropical Storm (34-63 knots)
324,AL212021,WANDA,TS,40.2,-39.7,45,2021-11-04 00:00:00,Tropical Storm (34-63 knots)
324,AL212021,WANDA,TS,41.0,-39.7,45,2021-11-04 06:00:00,Tropical Storm (34-63 knots)
324,AL212021,WANDA,TS,41.7,-39.7,40,2021-11-04 12:00:00,Tropical Storm (34-63 knots)
324,AL212021,WANDA,TS,42.1,-39.6,40,2021-11-04 18:00:00,Tropical Storm (34-63 knots)
324,AL212021,WANDA,TS,42.3,-39.0,45,2021-11-05 00:00:00,Tropical Storm (34-63 knots)
324,AL212021,WANDA,TS,42.0,-38.3,45,2021-11-05 06:00:00,Tropical Storm (34-63 knots)
324,AL212021,WANDA,TS,41.1,-37.8,45,2021-11-05 12:00:00,Tropical Storm (34-63 knots)
324,AL212021,WANDA,TS,39.6,-37.5,45,2021-11-05 18:00:00,Tropical Storm (34-63 knots)
324,AL212021,WANDA,TS,38.4,-38.0,45,2021-11-06 00:00:00,Tropical Storm (34-63 knots)
324,AL212021,WANDA,TS,37.6,-38.3,45,2021-11-06 06:00:00,Tropical Storm (34-63 knots)
324,AL212021,WANDA,TS,37.2,-38.4,40,2021-11-06 12:00:00,Tropical Storm (34-63 knots)
324,AL212021,WANDA,TS,37.1,-38.0,35,2021-11-06 18:00:00,Tropical Storm (34-63 knots)
324,AL212021,WANDA,TS,37.4,-37.4,35,2021-11-07 00:00:00,Tropical Storm (34-63 knots)
324,AL212021,WANDA,TS,38.1,-36.4,35,2021-11-07 06:00:00,Tropical Storm (34-63 knots)
324,AL212021,WANDA,LO,39.2,-34.9,35,2021-11-07 12:00:00,Low (not tropical/subtropical/extratropical)
324,AL212021,WANDA,LO,40.9,-32.8,40,2021-11-07 18:00:00,Low (not tropical/subtropical/extratropical)
324,AL212021,WANDA,LO,43.2,-29.7,40,2021-11-08 00:00:00,Low (not tropical/subtropical/extratropical)
327,AL062023,GERT,TS,27.9,-54.8,35,2023-09-01 18:00:00,Tropical Storm (34-63 knots)
327,AL062023,GERT,TS,27.7,-54.6,35,2023-09-02 00:00:00,Tropical Storm (34-63 knots)
327,AL062023,GERT,TS,27.6,-54.4,40,2023-09-02 06:00:00,Tropical Storm (34-63 knots)
327,AL062023,GERT,TS,27.7,-54.1,45,2023-09-02 12:00:00,Tropical Storm (34-63 knots)
327,AL062023,GERT,TS,28.1,-53.8,45,2023-09-02 18:00:00,Tropical Storm (34-63 knots)
327,AL062023,GERT,TS,28.6,-53.5,50,2023-09-03 00:00:00,Tropical Storm (34-63 knots)
327,AL062023,GERT,TS,29.3,-53.0,50,2023-09-03 06:00:00,Tropical Storm (34-63 knots)
327,AL062023,GERT,TS,30.4,-52.4,50,2023-09-03 12:00:00,Tropical Storm (34-63 knots)
327,AL062023,GERT,TS,31.9,-51.6,45,2023-09-03 18:00:00,Tropical Storm (34-63 knots)
327,AL062023,GERT,TS,33.9,-50.9,45,2023-09-04 00:00:00,Tropical Storm (34-63 knots)
327,AL062023,GERT,TS,36.5,-50.7,45,2023-09-04 06:00:00,Tropical Storm (34-63 knots)
327,AL062023,GERT,LO,39.4,-50.8,40,2023-09-04 12:00:00,Low (not tropical/subtropical/extratropical)
327,AL082023,FRANKLIN,TS,22.4,-68.5,50,2023-08-25 00:00:00,Tropical Storm (34-63 knots)
327,AL082023,FRANKLIN,TS,22.2,-68.1,50,2023-08-25 06:00:00,Tropical Storm (34-63 knots)
327,AL082023,FRANKLIN,TS,21.9,-67.9,45,2023-08-25 12:00:00,Tropical Storm (34-63 knots)
327,AL082023,FRANKLIN,TS,21.8,-67.3,45,2023-08-25 18:00:00,Tropical Storm (34-63 knots)
327,AL082023,FRANKLIN,TS,22.2,-66.5,50,2023-08-26 00:00:00,Tropical Storm (34-63 knots)
327,AL082023,FRANKLIN,TS,22.6,-66.0,55,2023-08-26 06:00:00,Tropical Storm (34-63 knots)
327,AL082023,FRANKLIN,HU,23.2,-66.5,65,2023-08-26 12:00:00,Hurricane (>64 knots)
327,AL082023,FRANKLIN,HU,23.5,-67.3,70,2023-08-26 18:00:00,Hurricane (>64 knots)
327,AL082023,FRANKLIN,HU,23.9,-67.9,75,2023-08-27 00:00:00,Hurricane (>64 knots)
327,AL082023,FRANKLIN,HU,24.4,-68.5,75,2023-08-27 06:00:00,Hurricane (>64 knots)
327,AL082023,FRANKLIN,HU,24.9,-69.1,80,2023-08-27 12:00:00,Hurricane (>64 knots)
327,AL082023,FRANKLIN,HU,25.5,-69.7,80,2023-08-27 18:00:00,Hurricane (>64 knots)
327,AL082023,FRANKLIN,HU,26.0,-70.3,85,2023-08-28 00:00:00,Hurricane (>64 knots)
327,AL082023,FRANKLIN,HU,26.7,-70.6,100,2023-08-28 06:00:00,Hurricane (>64 knots)
327,AL082023,FRANKLIN,HU,27.5,-70.9,125,2023-08-28 12:00:00,Hurricane (>64 knots)
327,AL082023,FRANKLIN,HU,28.2,-71.1,125,2023-08-28 18:00:00,Hurricane (>64 knots)
327,AL082023,FRANKLIN,HU,28.9,-71.1,130,2023-08-29 00:00:00,Hurricane (>64 knots)
327,AL082023,FRANKLIN,HU,29.7,-71.0,120,2023-08-29 06:00:00,Hurricane (>64 knots)
327,AL082023,FRANKLIN,HU,30.3,-70.7,115,2023-08-29 12:00:00,Hurricane (>64 knots)
327,AL082023,FRANKLIN,HU,31.1,-70.2,110,2023-08-29 18:00:00,Hurricane (>64 knots)
327,AL082023,FRANKLIN,HU,31.8,-69.5,100,2023-08-30 00:00:00,Hurricane (>64 knots)
327,AL082023,FRANKLIN,HU,32.6,-68.7,95,2023-08-30 06:00:00,Hurricane (>64 knots)
327,AL082023,FRANKLIN,HU,33.2,-67.8,95,2023-08-30 12:00:00,Hurricane (>64 knots)
327,AL082023,FRANKLIN,HU,33.9,-66.7,90,2023-08-30 18:00:00,Hurricane (>64 knots)
327,AL082023,FRANKLIN,HU,34.4,-65.2,90,2023-08-31 00:00:00,Hurricane (>64 knots)
327,AL082023,FRANKLIN,HU,34.7,-63.9,85,2023-08-31 06:00:00,Hurricane (>64 knots)
327,AL082023,FRANKLIN,HU,35.1,-62.6,85,2023-08-31 12:00:00,Hurricane (>64 knots)
327,AL082023,FRANKLIN,HU,35.6,-61.1,80,2023-08-31 18:00:00,Hurricane (>64 knots)
327,AL082023,FRANKLIN,HU,36.4,-59.7,75,2023-09-01 00:00:00,Hurricane (>64 knots)
327,AL082023,FRANKLIN,HU,37.4,-58.2,70,2023-09-01 06:00:00,Hurricane (>64 knots)
327,AL082023,FRANKLIN,HU,38.2,-56.6,65,2023-09-01 12:00:00,Hurricane (>64 knots)
327,AL082023,FRANKLIN,EX,38.8,-54.6,70,2023-09-01 18:00:00,Extratropical Cyclone
327,AL082023,FRANKLIN,EX,39.6,-52.0,70,2023-09-02 00:00:00,Extratropical Cyclone
327,AL082023,FRANKLIN,EX,41.2,-48.8,70,2023-09-02 06:00:00,Extratropical Cyclone
327,AL082023,FRANKLIN,EX,43.0,-45.9,65,2023-09-02 12:00:00,Extratropical Cyclone
327,AL082023,FRANKLIN,EX,44.8,-43.4,65,2023-09-02 18:00:00,Extratropical Cyclone
327,AL082023,FRANKLIN,EX,45.8,-41.0,65,2023-09-03 00:00:00,Extratropical Cyclone
327,AL082023,FRANKLIN,EX,46.4,-38.7,60,2023-09-03 06:00:00,Extratropical Cyclone
327,AL082023,FRANKLIN,EX,47.0,-36.2,55,2023-09-03 12:00:00,Extratropical Cyclone
327,AL082023,FRANKLIN,EX,47.7,-33.4,55,2023-09-03 18:00:00,Extratropical Cyclone
327,AL082023,FRANKLIN,EX,47.8,-30.8,50,2023-09-04 00:00:00,Extratropical Cyclone
327,AL082023,FRANKLIN,EX,47.5,-28.6,45,2023-09-04 06:00:00,Extratropical Cyclone
327,AL082023,FRANKLIN,EX,47.1,-27.3,40,2023-09-04 12:00:00,Extratropical Cyclone
327,AL082023,FRANKLIN,EX,46.7,-26.8,40,2023-09-04 18:00:00,Extratropical Cyclone
327,AL082023,FRANKLIN,EX,46.0,-26.6,40,2023-09-05 00:00:00,Extratropical Cyclone
327,AL082023,FRANKLIN,EX,44.6,-26.3,40,2023-09-05 06:00:00,Extratropical Cyclone
327,AL082023,FRANKLIN,EX,42.8,-25.4,40,2023-09-05 12:00:00,Extratropical Cyclone
327,AL082023,FRANKLIN,EX,41.0,-23.8,40,2023-09-05 18:00:00,Extratropical Cyclone
327,AL082023,FRANKLIN,EX,40.1,-21.6,35,2023-09-06 00:00:00,Extratropical Cyclone
327,AL082023,FRANKLIN,EX,40.1,-19.4,35,2023-09-06 06:00:00,Extratropical Cyclone
327,AL082023,FRANKLIN,EX,41.3,-17.7,40,2023-09-06 12:00:00,Extratropical Cyclone
327,AL082023,FRANKLIN,EX,43.3,-16.5,45,2023-09-06 18:00:00,Extratropical Cyclone
327,AL082023,FRANKLIN,EX,45.4,-16.0,50,2023-09-07 00:00:00,Extratropical Cyclone
327,AL082023,FRANKLIN,EX,46.8,-16.1,50,2023-09-07 06:00:00,Extratropical Cyclone
327,AL082023,FRANKLIN,EX,47.7,-16.3,45,2023-09-07 12:00:00,Extratropical Cyclone
327,AL082023,FRANKLIN,EX,48.5,-16.5,40,2023-09-07 18:00:00,Extratropical Cyclone
327,AL082023,FRANKLIN,EX,48.5,-17.2,35,2023-09-08 00:00:00,Extratropical Cyclone
327,AL102023,IDALIA,TS,19.9,-86.3,35,2023-08-27 12:00:00,Tropical Storm (34-63 knots)
327,AL102023,IDALIA,TS,19.9,-85.8,40,2023-08-27 18:00:00,Tropical Storm (34-63 knots)
327,AL102023,IDALIA,TS,19.8,-85.4,45,2023-08-28 00:00:00,Tropical Storm (34-63 knots)
327,AL102023,IDALIA,TS,19.9,-85.2,55,2023-08-28 06:00:00,Tropical Storm (34-63 knots)
327,AL102023,IDALIA,TS,20.6,-85.2,55,2023-08-28 12:00:00,Tropical Storm (34-63 knots)
327,AL102023,IDALIA,TS,21.2,-85.2,60,2023-08-28 18:00:00,Tropical Storm (34-63 knots)
327,AL102023,IDALIA,TS,21.8,-85.1,60,2023-08-29 00:00:00,Tropical Storm (34-63 knots)
327,AL102023,IDALIA,HU,22.6,-85.0,65,2023-08-29 06:00:00,Hurricane (>64 knots)
327,AL102023,IDALIA,HU,23.8,-84.8,70,2023-08-29 12:00:00,Hurricane (>64 knots)
327,AL102023,IDALIA,HU,25.3,-84.8,80,2023-08-29 18:00:00,Hurricane (>64 knots)
327,AL102023,IDALIA,HU,26.9,-84.7,90,2023-08-30 00:00:00,Hurricane (>64 knots)
327,AL102023,IDALIA,HU,28.3,-84.5,105,2023-08-30 06:00:00,Hurricane (>64 knots)
327,AL102023,IDALIA,HU,29.1,-84.1,115,2023-08-30 09:00:00,Hurricane (>64 knots)
327,AL102023,IDALIA,HU,29.9,-83.6,100,2023-08-30 11:45:00,Hurricane (>64 knots)
327,AL102023,IDALIA,HU,30.0,-83.5,100,2023-08-30 12:00:00,Hurricane (>64 knots)
327,AL102023,IDALIA,TS,31.5,-82.5,60,2023-08-30 18:00:00,Tropical Storm (34-63 knots)
327,AL102023,IDALIA,TS,32.7,-80.9,50,2023-08-31 00:00:00,Tropical Storm (34-63 knots)
327,AL102023,IDALIA,TS,33.5,-78.9,50,2023-08-31 06:00:00,Tropical Storm (34-63 knots)
327,AL102023,IDALIA,EX,33.7,-77.0,55,2023-08-31 12:00:00,Extratropical Cyclone
327,AL102023,IDALIA,EX,33.6,-74.6,55,2023-08-31 18:00:00,Extratropical Cyclone
327,AL102023,IDALIA,EX,33.4,-72.3,55,2023-09-01 00:00:00,Extratropical Cyclone
327,AL102023,IDALIA,EX,32.7,-70.5,50,2023-09-01 06:00:00,Extratropical Cyclone
327,AL102023,IDALIA,EX,32.3,-68.8,50,2023-09-01 12:00:00,Extratropical Cyclone
327,AL102023,IDALIA,EX,32.1,-67.1,50,2023-09-01 18:00:00,Extratropical Cyclone
327,AL102023,IDALIA,EX,31.9,-65.7,50,2023-09-02 00:00:00,Extratropical Cyclone
327,AL102023,IDALIA,EX,31.8,-64.7,50,2023-09-02 06:00:00,Extratropical Cyclone
327,AL102023,IDALIA,EX,31.8,-63.9,50,2023-09-02 12:00:00,Extratropical Cyclone
327,AL102023,IDALIA,EX,31.8,-63.1,50,2023-09-02 18:00:00,Extratropical Cyclone
327,AL102023,IDALIA,EX,32.0,-62.2,50,2023-09-03 00:00:00,Extratropical Cyclone
327,AL102023,IDALIA,EX,32.5,-61.3,50,2023-09-03 06:00:00,Extratropical Cyclone
327,AL102023,IDALIA,EX,33.4,-60.5,50,2023-09-03 12:00:00,Extratropical Cyclone
327,AL102023,IDALIA,EX,34.9,-59.7,55,2023-09-03 18:00:00,Extratropical Cyclone
327,AL102023,IDALIA,EX,36.2,-58.9,60,2023-09-04 00:00:00,Extratropical Cyclone
327,AL102023,IDALIA,EX,37.6,-58.0,60,2023-09-04 06:00:00,Extratropical Cyclone
327,AL102023,IDALIA,EX,39.2,-57.5,55,2023-09-04 12:00:00,Extratropical Cyclone
327,AL102023,IDALIA,EX,40.5,-57.9,55,2023-09-04 18:00:00,Extratropical Cyclone
327,AL102023,IDALIA,EX,41.1,-58.7,50,2023-09-05 00:00:00,Extratropical Cyclone
327,AL102023,IDALIA,EX,41.6,-59.1,50,2023-09-05 06:00:00,Extratropical Cyclone
327,AL102023,IDALIA,EX,42.2,-59.3,45,2023-09-05 12:00:00,Extratropical Cyclone
327,AL102023,IDALIA,EX,42.6,-59.8,40,2023-09-05 18:00:00,Extratropical Cyclone
327,AL102023,IDALIA,EX,42.6,-60.5,35,2023-09-06 00:00:00,Extratropical Cyclone
327,AL102023,IDALIA,EX,42.6,-61.4,35,2023-09-06 06:00:00,Extratropical Cyclone
327,AL102023,IDALIA,EX,42.6,-62.0,35,2023-09-06 12:00:00,Extratropical Cyclone
327,AL102023,IDALIA,EX,42.6,-62.8,35,2023-09-06 18:00:00,Extratropical Cyclone
327,AL112023,JOSE,TS,28.3,-52.1,35,2023-08-31 00:00:00,Tropical Storm (34-63 knots)
327,AL112023,JOSE,TS,28.6,-52.1,40,2023-08-31 06:00:00,Tropical Storm (34-63 knots)
327,AL112023,JOSE,TS,29.3,-52.1,45,2023-08-31 12:00:00,Tropical Storm (34-63 knots)
327,AL112023,JOSE,TS,30.4,-52.3,50,2023-08-31 18:00:00,Tropical Storm (34-63 knots)
327,AL112023,JOSE,TS,31.6,-52.5,55,2023-09-01 00:00:00,Tropical Storm (34-63 knots)
327,AL112023,JOSE,TS,32.9,-52.4,55,2023-09-01 06:00:00,Tropical Storm (34-63 knots)
327,AL112023,JOSE,TS,34.9,-51.4,50,2023-09-01 12:00:00,Tropical Storm (34-63 knots)
327,AL112023,JOSE,TS,37.4,-49.8,50,2023-09-01 18:00:00,Tropical Storm (34-63 knots)
327,AL122023,KATIA,TS,21.1,-28.5,35,2023-09-02 00:00:00,Tropical Storm (34-63 knots)
327,AL122023,KATIA,TS,22.3,-28.8,40,2023-09-02 06:00:00,Tropical Storm (34-63 knots)
327,AL122023,KATIA,TS,23.5,-29.4,45,2023-09-02 12:00:00,Tropical Storm (34-63 knots)
327,AL122023,KATIA,TS,24.5,-30.1,50,2023-09-02 18:00:00,Tropical Storm (34-63 knots)
327,AL122023,KATIA,TS,25.3,-30.9,45,2023-09-03 00:00:00,Tropical Storm (34-63 knots)
327,AL122023,KATIA,TS,26.0,-31.5,40,2023-09-03 06:00:00,Tropical Storm (34-63 knots)
327,AL122023,KATIA,TS,26.5,-32.0,35,2023-09-03 12:00:00,Tropical Storm (34-63 knots)
327,AL122023,KATIA,TS,26.9,-32.7,35,2023-09-03 18:00:00,Tropical Storm (34-63 knots)
327,AL132023,LEE,TS,12.9,-41.1,35,2023-09-05 18:00:00,Tropical Storm (34-63 knots)
327,AL132023,LEE,TS,13.2,-42.5,45,2023-09-06 00:00:00,Tropical Storm (34-63 knots)
327,AL132023,LEE,TS,13.5,-43.9,55,2023-09-06 06:00:00,Tropical Storm (34-63 knots)
327,AL132023,LEE,TS,14.0,-45.0,60,2023-09-06 12:00:00,Tropical Storm (34-63 knots)
327,AL132023,LEE,HU,14.6,-46.1,65,2023-09-06 18:00:00,Hurricane (>64 knots)
327,AL132023,LEE,HU,15.1,-47.1,70,2023-09-07 00:00:00,Hurricane (>64 knots)
327,AL132023,LEE,HU,15.6,-48.2,75,2023-09-07 06:00:00,Hurricane (>64 knots)
327,AL132023,LEE,HU,16.1,-49.4,85,2023-09-07 12:00:00,Hurricane (>64 knots)
327,AL132023,LEE,HU,16.6,-50.7,105,2023-09-07 18:00:00,Hurricane (>64 knots)
327,AL132023,LEE,HU,17.0,-51.8,135,2023-09-08 00:00:00,Hurricane (>64 knots)
327,AL132023,LEE,HU,17.5,-53.0,145,2023-09-08 06:00:00,Hurricane (>64 knots)
327,AL132023,LEE,HU,17.9,-54.1,135,2023-09-08 12:00:00,Hurricane (>64 knots)
327,AL132023,LEE,HU,18.5,-55.1,125,2023-09-08 18:00:00,Hurricane (>64 knots)
327,AL132023,LEE,HU,19.0,-56.0,105,2023-09-09 00:00:00,Hurricane (>64 knots)
327,AL132023,LEE,HU,19.5,-57.0,100,2023-09-09 06:00:00,Hurricane (>64 knots)
327,AL132023,LEE,HU,20.0,-57.9,100,2023-09-09 12:00:00,Hurricane (>64 knots)
327,AL132023,LEE,HU,20.4,-58.8,95,2023-09-09 18:00:00,Hurricane (>64 knots)
327,AL132023,LEE,HU,20.8,-59.5,85,2023-09-10 00:00:00,Hurricane (>64 knots)
327,AL132023,LEE,HU,21.2,-60.2,90,2023-09-10 06:00:00,Hurricane (>64 knots)
327,AL132023,LEE,HU,21.5,-60.8,95,2023-09-10 12:00:00,Hurricane (>64 knots)
327,AL132023,LEE,HU,21.9,-61.4,105,2023-09-10 18:00:00,Hurricane (>64 knots)
327,AL142023,MARGOT,TS,16.0,-27.3,35,2023-09-07 18:00:00,Tropical Storm (34-63 knots)
327,AL142023,MARGOT,TS,16.5,-28.6,35,2023-09-08 00:00:00,Tropical Storm (34-63 knots)
327,AL142023,MARGOT,TS,17.1,-30.1,35,2023-09-08 06:00:00,Tropical Storm (34-63 knots)
327,AL142023,MARGOT,TS,17.8,-31.8,35,2023-09-08 12:00:00,Tropical Storm (34-63 knots)
327,AL142023,MARGOT,TS,18.5,-33.6,35,2023-09-08 18:00:00,Tropical Storm (34-63 knots)
327,AL142023,MARGOT,TS,19.1,-35.1,35,2023-09-09 00:00:00,Tropical Storm (34-63 knots)
327,AL142023,MARGOT,TS,19.7,-36.4,40,2023-09-09 06:00:00,Tropical Storm (34-63 knots)
327,AL142023,MARGOT,TS,20.2,-37.5,40,2023-09-09 12:00:00,Tropical Storm (34-63 knots)
327,AL142023,MARGOT,TS,20.7,-38.3,40,2023-09-09 18:00:00,Tropical Storm (34-63 knots)
327,AL142023,MARGOT,TS,21.2,-38.9,45,2023-09-10 00:00:00,Tropical Storm (34-63 knots)
327,AL142023,MARGOT,TS,21.8,-39.4,45,2023-09-10 06:00:00,Tropical Storm (34-63 knots)
327,AL142023,MARGOT,TS,22.5,-39.8,45,2023-09-10 12:00:00,Tropical Storm (34-63 knots)
327,AL142023,MARGOT,TS,23.3,-40.0,50,2023-09-10 18:00:00,Tropical Storm (34-63 knots)
329,AL052023,DON,TS,34.0,-41.3,45,2023-07-20 06:00:00,Tropical Storm (34-63 knots)
329,AL052023,DON,TS,34.3,-42.2,40,2023-07-20 12:00:00,Tropical Storm (34-63 knots)
329,AL052023,DON,TS,34.5,-43.3,40,2023-07-20 18:00:00,Tropical Storm (34-63 knots)
329,AL052023,DON,TS,34.6,-44.2,40,2023-07-21 00:00:00,Tropical Storm (34-63 knots)
329,AL052023,DON,TS,35.0,-45.1,40,2023-07-21 06:00:00,Tropical Storm (34-63 knots)
329,AL052023,DON,TS,35.4,-46.0,45,2023-07-21 12:00:00,Tropical Storm (34-63 knots)
329,AL052023,DON,TS,36.2,-47.0,45,2023-07-21 18:00:00,Tropical Storm (34-63 knots)
329,AL052023,DON,TS,36.9,-48.2,45,2023-07-22 00:00:00,Tropical Storm (34-63 knots)
329,AL052023,DON,TS,37.7,-49.3,45,2023-07-22 06:00:00,Tropical Storm (34-63 knots)
329,AL052023,DON,TS,38.5,-49.9,55,2023-07-22 12:00:00,Tropical Storm (34-63 knots)
329,AL052023,DON,HU,39.5,-50.1,65,2023-07-22 18:00:00,Hurricane (>64 knots)
329,AL052023,DON,HU,40.7,-49.9,65,2023-07-23 00:00:00,Hurricane (>64 knots)
329,AL052023,DON,TS,42.0,-49.4,60,2023-07-23 06:00:00,Tropical Storm (34-63 knots)
329,AL052023,DON,TS,43.3,-48.5,55,2023-07-23 12:00:00,Tropical Storm (34-63 knots)
329,AL052023,DON,TS,44.7,-47.3,50,2023-07-23 18:00:00,Tropical Storm (34-63 knots)
329,AL052023,DON,TS,45.9,-45.7,45,2023-07-24 00:00:00,Tropical Storm (34-63 knots)
329,AL052023,DON,LO,46.7,-44.1,40,2023-07-24 06:00:00,Low (not tropical/subtropical/extratropical)
329,AL052023,DON,LO,47.3,-41.9,40,2023-07-24 12:00:00,Low (not tropical/subtropical/extratropical)
329,AL052023,DON,LO,47.8,-39.7,40,2023-07-24 18:00:00,Low (not tropical/subtropical/extratropical)
329,AL052023,DON,LO,48.5,-36.8,35,2023-07-25 00:00:00,Low (not tropical/subtropical/extratropical)
329,AL052023,DON,LO,49.1,-33.7,35,2023-07-25 06:00:00,Low (not tropical/subtropical/extratropical)
331,AL152022,LISA,LO,15.7,-74.4,35,2022-10-31 00:00:00,Low (not tropical/subtropical/extratropical)
331,AL152022,LISA,LO,15.6,-75.5,35,2022-10-31 06:00:00,Low (not tropical/subtropical/extratropical)
331,AL152022,LISA,TS,15.5,-76.7,35,2022-10-31 12:00:00,Tropical Storm (34-63 knots)
331,AL152022,LISA,TS,15.5,-77.8,40,2022-10-31 18:00:00,Tropical Storm (34-63 knots)
331,AL152022,LISA,TS,15.6,-78.8,40,2022-11-01 00:00:00,Tropical Storm (34-63 knots)
331,AL152022,LISA,TS,15.9,-79.9,40,2022-11-01 06:00:00,Tropical Storm (34-63 knots)
331,AL152022,LISA,TS,16.2,-81.2,45,2022-11-01 12:00:00,Tropical Storm (34-63 knots)
331,AL152022,LISA,TS,16.5,-82.5,50,2022-11-01 18:00:00,Tropical Storm (34-63 knots)
331,AL152022,LISA,TS,16.7,-84.1,55,2022-11-02 00:00:00,Tropical Storm (34-63 knots)
331,AL152022,LISA,TS,17.0,-85.5,60,2022-11-02 06:00:00,Tropical Storm (34-63 knots)
331,AL152022,LISA,HU,17.1,-86.7,70,2022-11-02 12:00:00,Hurricane (>64 knots)
331,AL152022,LISA,HU,17.3,-87.7,75,2022-11-02 18:00:00,Hurricane (>64 knots)
331,AL152022,LISA,HU,17.4,-88.3,80,2022-11-02 21:30:00,Hurricane (>64 knots)
331,AL152022,LISA,HU,17.5,-88.6,65,2022-11-03 00:00:00,Hurricane (>64 knots)
331,AL152022,LISA,TS,17.7,-89.6,45,2022-11-03 06:00:00,Tropical Storm (34-63 knots)
331,AL162022,MARTIN,EX,34.6,-63.1,45,2022-10-31 00:00:00,Extratropical Cyclone
331,AL162022,MARTIN,EX,34.9,-62.2,45,2022-10-31 06:00:00,Extratropical Cyclone
331,AL162022,MARTIN,EX,35.0,-61.6,40,2022-10-31 12:00:00,Extratropical Cyclone
331,AL162022,MARTIN,EX,35.0,-60.9,40,2022-10-31 18:00:00,Extratropical Cyclone
331,AL162022,MARTIN,EX,35.1,-59.6,35,2022-11-01 00:00:00,Extratropical Cyclone
331,AL162022,MARTIN,EX,35.2,-57.9,35,2022-11-01 06:00:00,Extratropical Cyclone
331,AL162022,MARTIN,TS,35.3,-56.7,40,2022-11-01 12:00:00,Tropical Storm (34-63 knots)
331,AL162022,MARTIN,TS,35.3,-55.4,45,2022-11-01 18:00:00,Tropical Storm (34-63 knots)
331,AL162022,MARTIN,TS,35.1,-54.2,50,2022-11-02 00:00:00,Tropical Storm (34-63 knots)
331,AL162022,MARTIN,TS,35.0,-53.0,55,2022-11-02 06:00:00,Tropical Storm (34-63 knots)
331,AL162022,MARTIN,HU,35.1,-50.9,65,2022-11-02 12:00:00,Hurricane (>64 knots)
331,AL162022,MARTIN,HU,36.1,-48.9,75,2022-11-02 18:00:00,Hurricane (>64 knots)
331,AL162022,MARTIN,HU,38.0,-46.4,75,2022-11-03 00:00:00,Hurricane (>64 knots)
331,AL162022,MARTIN,HU,40.3,-43.6,75,2022-11-03 06:00:00,Hurricane (>64 knots)
331,AL162022,MARTIN,EX,43.7,-38.8,75,2022-11-03 12:00:00,Extratropical Cyclone
331,AL162022,MARTIN,EX,49.0,-35.3,75,2022-11-03 18:00:00,Extratropical Cyclone
331,AL162022,MARTIN,EX,52.7,-38.0,70,2022-11-04 00:00:00,Extratropical Cyclone
331,AL162022,MARTIN,EX,54.7,-37.7,65,2022-11-04 06:00:00,Extratropical Cyclone
331,AL162022,MARTIN,EX,55.8,-37.2,60,2022-11-04 12:00:00,Extratropical Cyclone
331,AL162022,MARTIN,EX,56.5,-36.5,55,2022-11-04 18:00:00,Extratropical Cyclone
331,AL172022,NICOLE,LO,22.4,-66.8,35,2022-11-06 18:00:00,Low (not tropical/subtropical/extratropical)
331,AL172022,NICOLE,LO,23.9,-67.5,35,2022-11-07 00:00:00,Low (not tropical/subtropical/extratropical)
331,AL172022,NICOLE,SS,25.2,-68.2,40,2022-11-07 06:00:00,Subtropical Storm (>34 knots)
331,AL172022,NICOLE,SS,25.9,-69.3,40,2022-11-07 12:00:00,Subtropical Storm (>34 knots)
331,AL172022,NICOLE,SS,26.4,-70.3,40,2022-11-07 18:00:00,Subtropical Storm (>34 knots)
331,AL172022,NICOLE,SS,26.8,-70.7,40,2022-11-08 00:00:00,Subtropical Storm (>34 knots)
331,AL172022,NICOLE,SS,27.5,-71.2,40,2022-11-08 06:00:00,Subtropical Storm (>34 knots)
331,AL172022,NICOLE,SS,27.7,-72.1,45,2022-11-08 12:00:00,Subtropical Storm (>34 knots)
331,AL172022,NICOLE,TS,27.6,-73.3,50,2022-11-08 18:00:00,Tropical Storm (34-63 knots)
331,AL172022,NICOLE,TS,27.2,-74.3,60,2022-11-09 00:00:00,Tropical Storm (34-63 knots)
331,AL172022,NICOLE,TS,26.8,-75.3,60,2022-11-09 06:00:00,Tropical Storm (34-63 knots)
331,AL172022,NICOLE,TS,26.5,-76.2,55,2022-11-09 12:00:00,Tropical Storm (34-63 knots)
331,AL172022,NICOLE,TS,26.5,-77.1,60,2022-11-09 17:00:00,Tropical Storm (34-63 knots)
331,AL172022,NICOLE,TS,26.5,-77.3,60,2022-11-09 18:00:00,Tropical Storm (34-63 knots)
331,AL172022,NICOLE,HU,26.6,-78.2,65,2022-11-09 23:00:00,Hurricane (>64 knots)
331,AL172022,NICOLE,HU,26.7,-78.4,65,2022-11-10 00:00:00,Hurricane (>64 knots)
331,AL172022,NICOLE,HU,27.3,-79.8,65,2022-11-10 06:00:00,Hurricane (>64 knots)
331,AL172022,NICOLE,HU,27.6,-80.3,65,2022-11-10 07:45:00,Hurricane (>64 knots)
331,AL172022,NICOLE,TS,28.0,-81.6,55,2022-11-10 12:00:00,Tropical Storm (34-63 knots)
331,AL172022,NICOLE,TS,29.0,-82.8,40,2022-11-10 18:00:00,Tropical Storm (34-63 knots)
331,AL172022,NICOLE,TS,29.2,-83.0,40,2022-11-10 19:00:00,Tropical Storm (34-63 knots)
331,AL172022,NICOLE,TS,30.1,-84.0,35,2022-11-11 00:00:00,Tropical Storm (34-63 knots)
335,AL142022,KARL,TS,21.9,-94.0,45,2022-10-13 12:00:00,Tropical Storm (34-63 knots)
335,AL142022,KARL,TS,21.3,-93.6,40,2022-10-13 18:00:00,Tropical Storm (34-63 knots)
335,AL142022,KARL,TS,20.9,-93.0,40,2022-10-14 00:00:00,Tropical Storm (34-63 knots)
335,AL142022,KARL,TS,20.3,-92.6,35,2022-10-14 06:00:00,Tropical Storm (34-63 knots)
335,AL142022,KARL,TS,19.8,-92.6,35,2022-10-14 12:00:00,Tropical Storm (34-63 knots)
335,AL142022,KARL,TS,19.4,-92.6,35,2022-10-14 18:00:00,Tropical Storm (34-63 knots)
335,AL152022,LISA,LO,15.7,-73.3,35,2022-10-30 18:00:00,Low (not tropical/subtropical/extratropical)
335,AL152022,LISA,LO,15.7,-74.4,35,2022-10-31 00:00:00,Low (not tropical/subtropical/extratropical)
335,AL152022,LISA,LO,15.6,-75.5,35,2022-10-31 06:00:00,Low (not tropical/subtropical/extratropical)
335,AL152022,LISA,TS,15.5,-76.7,35,2022-10-31 12:00:00,Tropical Storm (34-63 knots)
335,AL152022,LISA,TS,15.5,-77.8,40,2022-10-31 18:00:00,Tropical Storm (34-63 knots)
335,AL152022,LISA,TS,15.6,-78.8,40,2022-11-01 00:00:00,Tropical Storm (34-63 knots)
335,AL152022,LISA,TS,15.9,-79.9,40,2022-11-01 06:00:00,Tropical Storm (34-63 knots)
335,AL152022,LISA,TS,16.2,-81.2,45,2022-11-01 12:00:00,Tropical Storm (34-63 knots)
335,AL152022,LISA,TS,16.5,-82.5,50,2022-11-01 18:00:00,Tropical Storm (34-63 knots)
335,AL152022,LISA,TS,16.7,-84.1,55,2022-11-02 00:00:00,Tropical Storm (34-63 knots)
335,AL152022,LISA,TS,17.0,-85.5,60,2022-11-02 06:00:00,Tropical Storm (34-63 knots)
335,AL152022,LISA,HU,17.1,-86.7,70,2022-11-02 12:00:00,Hurricane (>64 knots)
335,AL152022,LISA,HU,17.3,-87.7,75,2022-11-02 18:00:00,Hurricane (>64 knots)
335,AL152022,LISA,HU,17.4,-88.3,80,2022-11-02 21:30:00,Hurricane (>64 knots)
335,AL152022,LISA,HU,17.5,-88.6,65,2022-11-03 00:00:00,Hurricane (>64 knots)
335,AL152022,LISA,TS,17.7,-89.6,45,2022-11-03 06:00:00,Tropical Storm (34-63 knots)
335,AL162022,MARTIN,EX,34.2,-64.0,40,2022-10-30 18:00:00,Extratropical Cyclone
335,AL162022,MARTIN,EX,34.6,-63.1,45,2022-10-31 00:00:00,Extratropical Cyclone
335,AL162022,MARTIN,EX,34.9,-62.2,45,2022-10-31 06:00:00,Extratropical Cyclone
335,AL162022,MARTIN,EX,35.0,-61.6,40,2022-10-31 12:00:00,Extratropical Cyclone
335,AL162022,MARTIN,EX,35.0,-60.9,40,2022-10-31 18:00:00,Extratropical Cyclone
335,AL162022,MARTIN,EX,35.1,-59.6,35,2022-11-01 00:00:00,Extratropical Cyclone
335,AL162022,MARTIN,EX,35.2,-57.9,35,2022-11-01 06:00:00,Extratropical Cyclone
335,AL162022,MARTIN,TS,35.3,-56.7,40,2022-11-01 12:00:00,Tropical Storm (34-63 knots)
335,AL162022,MARTIN,TS,35.3,-55.4,45,2022-11-01 18:00:00,Tropical Storm (34-63 knots)
335,AL162022,MARTIN,TS,35.1,-54.2,50,2022-11-02 00:00:00,Tropical Storm (34-63 knots)
335,AL162022,MARTIN,TS,35.0,-53.0,55,2022-11-02 06:00:00,Tropical Storm (34-63 knots)
335,AL162022,MARTIN,HU,35.1,-50.9,65,2022-11-02 12:00:00,Hurricane (>64 knots)
335,AL162022,MARTIN,HU,36.1,-48.9,75,2022-11-02 18:00:00,Hurricane (>64 knots)
335,AL162022,MARTIN,HU,38.0,-46.4,75,2022-11-03 00:00:00,Hurricane (>64 knots)
335,AL162022,MARTIN,HU,40.3,-43.6,75,2022-11-03 06:00:00,Hurricane (>64 knots)
335,AL162022,MARTIN,EX,43.7,-38.8,75,2022-11-03 12:00:00,Extratropical Cyclone
335,AL162022,MARTIN,EX,49.0,-35.3,75,2022-11-03 18:00:00,Extratropical Cyclone
335,AL162022,MARTIN,EX,52.7,-38.0,70,2022-11-04 00:00:00,Extratropical Cyclone
335,AL162022,MARTIN,EX,54.7,-37.7,65,2022-11-04 06:00:00,Extratropical Cyclone
335,AL162022,MARTIN,EX,55.8,-37.2,60,2022-11-04 12:00:00,Extratropical Cyclone
335,AL162022,MARTIN,EX,56.5,-36.5,55,2022-11-04 18:00:00,Extratropical Cyclone
337,AL172024,PATTY,EX,39.2,-41.0,55,2024-10-31 18:00:00,Extratropical Cyclone
337,AL172024,PATTY,EX,39.6,-40.0,55,2024-11-01 00:00:00,Extratropical Cyclone
337,AL172024,PATTY,EX,39.9,-38.9,50,2024-11-01 06:00:00,Extratropical Cyclone
337,AL172024,PATTY,EX,40.2,-37.7,50,2024-11-01 12:00:00,Extratropical Cyclone
337,AL172024,PATTY,SS,40.6,-36.5,45,2024-11-01 18:00:00,Subtropical Storm (>34 knots)
337,AL172024,PATTY,SS,40.6,-35.4,45,2024-11-02 00:00:00,Subtropical Storm (>34 knots)
337,AL172024,PATTY,SS,40.3,-34.6,50,2024-11-02 06:00:00,Subtropical Storm (>34 knots)
337,AL172024,PATTY,SS,39.4,-33.3,55,2024-11-02 12:00:00,Subtropical Storm (>34 knots)
337,AL172024,PATTY,SS,38.4,-31.6,55,2024-11-02 18:00:00,Subtropical Storm (>34 knots)
337,AL172024,PATTY,SS,37.9,-29.2,50,2024-11-03 00:00:00,Subtropical Storm (>34 knots)
337,AL172024,PATTY,SS,37.7,-27.0,45,2024-11-03 06:00:00,Subtropical Storm (>34 knots)
337,AL172024,PATTY,TS,37.5,-25.1,40,2024-11-03 12:00:00,Tropical Storm (34-63 knots)
337,AL172024,PATTY,TS,37.4,-23.3,40,2024-11-03 18:00:00,Tropical Storm (34-63 knots)
337,AL172024,PATTY,TS,37.6,-21.3,40,2024-11-04 00:00:00,Tropical Storm (34-63 knots)
337,AL172024,PATTY,TS,37.9,-19.2,35,2024-11-04 06:00:00,Tropical Storm (34-63 knots)
337,AL182024,RAFAEL,TS,15.1,-76.4,35,2024-11-04 18:00:00,Tropical Storm (34-63 knots)
337,AL182024,RAFAEL,TS,15.8,-76.9,40,2024-11-05 00:00:00,Tropical Storm (34-63 knots)
337,AL182024,RAFAEL,TS,16.6,-77.6,45,2024-11-05 06:00:00,Tropical Storm (34-63 knots)
337,AL182024,RAFAEL,TS,17.5,-78.3,50,2024-11-05 12:00:00,Tropical Storm (34-63 knots)
337,AL182024,RAFAEL,TS,18.5,-79.1,60,2024-11-05 18:00:00,Tropical Storm (34-63 knots)
337,AL182024,RAFAEL,HU,19.4,-80.0,70,2024-11-06 00:00:00,Hurricane (>64 knots)
337,AL182024,RAFAEL,HU,20.1,-80.9,80,2024-11-06 06:00:00,Hurricane (>64 knots)
337,AL182024,RAFAEL,HU,21.0,-81.6,90,2024-11-06 12:00:00,Hurricane (>64 knots)
337,AL182024,RAFAEL,HU,22.0,-82.3,100,2024-11-06 18:00:00,Hurricane (>64 knots)
337,AL182024,RAFAEL,HU,22.7,-82.7,100,2024-11-06 21:15:00,Hurricane (>64 knots)
337,AL182024,RAFAEL,HU,23.1,-83.2,95,2024-11-07 00:00:00,Hurricane (>64 knots)
337,AL182024,RAFAEL,HU,23.8,-84.1,90,2024-11-07 06:00:00,Hurricane (>64 knots)
337,AL182024,RAFAEL,HU,24.3,-84.9,90,2024-11-07 12:00:00,Hurricane (>64 knots)
337,AL182024,RAFAEL,HU,24.6,-85.7,90,2024-11-07 18:00:00,Hurricane (>64 knots)
337,AL182024,RAFAEL,HU,24.6,-86.6,90,2024-11-08 00:00:00,Hurricane (>64 knots)
337,AL182024,RAFAEL,HU,24.4,-87.6,105,2024-11-08 06:00:00,Hurricane (>64 knots)
337,AL182024,RAFAEL,HU,24.4,-88.4,95,2024-11-08 12:00:00,Hurricane (>64 knots)
337,AL182024,RAFAEL,HU,24.6,-89.1,80,2024-11-08 18:00:00,Hurricane (>64 knots)
337,AL182024,RAFAEL,HU,24.7,-89.7,65,2024-11-09 00:00:00,Hurricane (>64 knots)
337,AL182024,RAFAEL,TS,24.8,-90.5,55,2024-11-09 06:00:00,Tropical Storm (34-63 knots)
337,AL182024,RAFAEL,TS,25.0,-91.2,50,2024-11-09 12:00:00,Tropical Storm (34-63 knots)
337,AL182024,RAFAEL,TS,25.3,-91.5,45,2024-11-09 18:00:00,Tropical Storm (34-63 knots)
337,AL182024,RAFAEL,TS,25.6,-91.7,40,2024-11-10 00:00:00,Tropical Storm (34-63 knots)
337,AL182024,RAFAEL,TS,25.9,-91.9,35,2024-11-10 06:00:00,Tropical Storm (34-63 knots)
337,AL182024,RAFAEL,LO,26.1,-91.9,35,2024-11-10 12:00:00,Low (not tropical/subtropical/extratropical)
337,AL192024,SARA,TS,15.8,-82.2,35,2024-11-14 12:00:00,Tropical Storm (34-63 knots)
337,AL192024,SARA,TS,15.8,-83.1,35,2024-11-14 18:00:00,Tropical Storm (34-63 knots)
337,AL192024,SARA,TS,15.7,-84.0,40,2024-11-15 00:00:00,Tropical Storm (34-63 knots)
337,AL192024,SARA,TS,15.8,-84.3,40,2024-11-15 01:20:00,Tropical Storm (34-63 knots)
337,AL192024,SARA,TS,16.0,-85.0,40,2024-11-15 06:00:00,Tropical Storm (34-63 knots)
337,AL192024,SARA,TS,16.1,-85.6,45,2024-11-15 12:00:00,Tropical Storm (34-63 knots)
337,AL192024,SARA,TS,16.1,-86.1,45,2024-11-15 18:00:00,Tropical Storm (34-63 knots)
337,AL192024,SARA,TS,16.1,-86.1,45,2024-11-16 00:00:00,Tropical Storm (34-63 knots)
337,AL192024,SARA,TS,16.2,-86.2,40,2024-11-16 06:00:00,Tropical Storm (34-63 knots)
337,AL192024,SARA,TS,16.2,-86.4,40,2024-11-16 12:00:00,Tropical Storm (34-63 knots)
337,AL192024,SARA,TS,16.3,-86.8,35,2024-11-16 18:00:00,Tropical Storm (34-63 knots)
337,AL192024,SARA,TS,16.4,-87.1,35,2024-11-17 00:00:00,Tropical Storm (34-63 knots)
338,AL082023,FRANKLIN,EX,44.6,-26.3,40,2023-09-05 06:00:00,Extratropical Cyclone
338,AL082023,FRANKLIN,EX,42.8,-25.4,40,2023-09-05 12:00:00,Extratropical Cyclone
338,AL082023,FRANKLIN,EX,41.0,-23.8,40,2023-09-05 18:00:00,Extratropical Cyclone
338,AL082023,FRANKLIN,EX,40.1,-21.6,35,2023-09-06 00:00:00,Extratropical Cyclone
338,AL082023,FRANKLIN,EX,40.1,-19.4,35,2023-09-06 06:00:00,Extratropical Cyclone
338,AL082023,FRANKLIN,EX,41.3,-17.7,40,2023-09-06 12:00:00,Extratropical Cyclone
338,AL082023,FRANKLIN,EX,43.3,-16.5,45,2023-09-06 18:00:00,Extratropical Cyclone
338,AL082023,FRANKLIN,EX,45.4,-16.0,50,2023-09-07 00:00:00,Extratropical Cyclone
338,AL082023,FRANKLIN,EX,46.8,-16.1,50,2023-09-07 06:00:00,Extratropical Cyclone
338,AL082023,FRANKLIN,EX,47.7,-16.3,45,2023-09-07 12:00:00,Extratropical Cyclone
338,AL082023,FRANKLIN,EX,48.5,-16.5,40,2023-09-07 18:00:00,Extratropical Cyclone
338,AL082023,FRANKLIN,EX,48.5,-17.2,35,2023-09-08 00:00:00,Extratropical Cyclone
338,AL102023,IDALIA,EX,41.6,-59.1,50,2023-09-05 06:00:00,Extratropical Cyclone
338,AL102023,IDALIA,EX,42.2,-59.3,45,2023-09-05 12:00:00,Extratropical Cyclone
338,AL102023,IDALIA,EX,42.6,-59.8,40,2023-09-05 18:00:00,Extratropical Cyclone
338,AL102023,IDALIA,EX,42.6,-60.5,35,2023-09-06 00:00:00,Extratropical Cyclone
338,AL102023,IDALIA,EX,42.6,-61.4,35,2023-09-06 06:00:00,Extratropical Cyclone
338,AL102023,IDALIA,EX,42.6,-62.0,35,2023-09-06 12:00:00,Extratropical Cyclone
338,AL102023,IDALIA,EX,42.6,-62.8,35,2023-09-06 18:00:00,Extratropical Cyclone
338,AL132023,LEE,TS,12.9,-41.1,35,2023-09-05 18:00:00,Tropical Storm (34-63 knots)
338,AL132023,LEE,TS,13.2,-42.5,45,2023-09-06 00:00:00,Tropical Storm (34-63 knots)
338,AL132023,LEE,TS,13.5,-43.9,55,2023-09-06 06:00:00,Tropical Storm (34-63 knots)
338,AL132023,LEE,TS,14.0,-45.0,60,2023-09-06 12:00:00,Tropical Storm (34-63 knots)
338,AL132023,LEE,HU,14.6,-46.1,65,2023-09-06 18:00:00,Hurricane (>64 knots)
338,AL132023,LEE,HU,15.1,-47.1,70,2023-09-07 00:00:00,Hurricane (>64 knots)
338,AL132023,LEE,HU,15.6,-48.2,75,2023-09-07 06:00:00,Hurricane (>64 knots)
338,AL132023,LEE,HU,16.1,-49.4,85,2023-09-07 12:00:00,Hurricane (>64 knots)
338,AL132023,LEE,HU,16.6,-50.7,105,2023-09-07 18:00:00,Hurricane (>64 knots)
338,AL132023,LEE,HU,17.0,-51.8,135,2023-09-08 00:00:00,Hurricane (>64 knots)
338,AL132023,LEE,HU,17.5,-53.0,145,2023-09-08 06:00:00,Hurricane (>64 knots)
338,AL132023,LEE,HU,17.9,-54.1,135,2023-09-08 12:00:00,Hurricane (>64 knots)
338,AL132023,LEE,HU,18.5,-55.1,125,2023-09-08 18:00:00,Hurricane (>64 knots)
338,AL132023,LEE,HU,19.0,-56.0,105,2023-09-09 00:00:00,Hurricane (>64 knots)
338,AL132023,LEE,HU,19.5,-57.0,100,2023-09-09 06:00:00,Hurricane (>64 knots)
338,AL132023,LEE,HU,20.0,-57.9,100,2023-09-09 12:00:00,Hurricane (>64 knots)
338,AL132023,LEE,HU,20.4,-58.8,95,2023-09-09 18:00:00,Hurricane (>64 knots)
338,AL132023,LEE,HU,20.8,-59.5,85,2023-09-10 00:00:00,Hurricane (>64 knots)
338,AL132023,LEE,HU,21.2,-60.2,90,2023-09-10 06:00:00,Hurricane (>64 knots)
338,AL132023,LEE,HU,21.5,-60.8,95,2023-09-10 12:00:00,Hurricane (>64 knots)
338,AL132023,LEE,HU,21.9,-61.4,105,2023-09-10 18:00:00,Hurricane (>64 knots)
338,AL132023,LEE,HU,22.3,-61.9,105,2023-09-11 00:00:00,Hurricane (>64 knots)
338,AL132023,LEE,HU,22.8,-62.5,105,2023-09-11 06:00:00,Hurricane (>64 knots)
338,AL132023,LEE,HU,23.2,-63.2,105,2023-09-11 12:00:00,Hurricane (>64 knots)
338,AL132023,LEE,HU,23.5,-63.9,100,2023-09-11 18:00:00,Hurricane (>64 knots)
338,AL132023,LEE,HU,23.7,-64.5,100,2023-09-12 00:00:00,Hurricane (>64 knots)
338,AL132023,LEE,HU,23.9,-65.1,100,2023-09-12 06:00:00,Hurricane (>64 knots)
338,AL132023,LEE,HU,24.1,-65.7,100,2023-09-12 12:00:00,Hurricane (>64 knots)
338,AL132023,LEE,HU,24.5,-66.2,100,2023-09-12 18:00:00,Hurricane (>64 knots)
338,AL132023,LEE,HU,24.9,-66.6,100,2023-09-13 00:00:00,Hurricane (>64 knots)
338,AL132023,LEE,HU,25.3,-66.9,100,2023-09-13 06:00:00,Hurricane (>64 knots)
338,AL132023,LEE,HU,26.0,-67.2,95,2023-09-13 12:00:00,Hurricane (>64 knots)
338,AL132023,LEE,HU,26.8,-67.6,90,2023-09-13 18:00:00,Hurricane (>64 knots)
338,AL132023,LEE,HU,27.6,-67.8,90,2023-09-14 00:00:00,Hurricane (>64 knots)
338,AL132023,LEE,HU,28.5,-68.0,85,2023-09-14 06:00:00,Hurricane (>64 knots)
338,AL132023,LEE,HU,29.8,-68.2,80,2023-09-14 12:00:00,Hurricane (>64 knots)
338,AL132023,LEE,HU,31.1,-68.3,75,2023-09-14 18:00:00,Hurricane (>64 knots)
338,AL132023,LEE,HU,32.1,-67.8,75,2023-09-15 00:00:00,Hurricane (>64 knots)
338,AL132023,LEE,HU,33.6,-67.6,75,2023-09-15 06:00:00,Hurricane (>64 knots)
338,AL132023,LEE,HU,35.1,-67.1,75,2023-09-15 12:00:00,Hurricane (>64 knots)
338,AL132023,LEE,HU,37.1,-66.7,75,2023-09-15 18:00:00,Hurricane (>64 knots)
338,AL132023,LEE,HU,38.7,-65.9,75,2023-09-16 00:00:00,Hurricane (>64 knots)
338,AL132023,LEE,EX,40.9,-66.0,70,2023-09-16 06:00:00,Extratropical Cyclone
338,AL132023,LEE,EX,42.7,-66.3,65,2023-09-16 12:00:00,Extratropical Cyclone
338,AL132023,LEE,EX,43.8,-66.4,55,2023-09-16 18:00:00,Extratropical Cyclone
338,AL132023,LEE,EX,44.3,-66.3,55,2023-09-16 20:00:00,Extratropical Cyclone
338,AL132023,LEE,EX,44.7,-66.2,55,2023-09-17 00:00:00,Extratropical Cyclone
338,AL132023,LEE,EX,45.9,-64.8,50,2023-09-17 06:00:00,Extratropical Cyclone
338,AL132023,LEE,EX,47.3,-63.0,40,2023-09-17 12:00:00,Extratropical Cyclone
338,AL132023,LEE,EX,48.6,-60.1,40,2023-09-17 18:00:00,Extratropical Cyclone
338,AL132023,LEE,EX,50.7,-57.9,35,2023-09-18 00:00:00,Extratropical Cyclone
338,AL132023,LEE,EX,51.7,-53.2,35,2023-09-18 06:00:00,Extratropical Cyclone
338,AL132023,LEE,EX,52.6,-48.6,40,2023-09-18 12:00:00,Extratropical Cyclone
338,AL132023,LEE,EX,53.0,-42.0,40,2023-09-18 18:00:00,Extratropical Cyclone
338,AL142023,MARGOT,TS,16.0,-27.3,35,2023-09-07 18:00:00,Tropical Storm (34-63 knots)
338,AL142023,MARGOT,TS,16.5,-28.6,35,2023-09-08 00:00:00,Tropical Storm (34-63 knots)
338,AL142023,MARGOT,TS,17.1,-30.1,35,2023-09-08 06:00:00,Tropical Storm (34-63 knots)
338,AL142023,MARGOT,TS,17.8,-31.8,35,2023-09-08 12:00:00,Tropical Storm (34-63 knots)
338,AL142023,MARGOT,TS,18.5,-33.6,35,2023-09-08 18:00:00,Tropical Storm (34-63 knots)
338,AL142023,MARGOT,TS,19.1,-35.1,35,2023-09-09 00:00:00,Tropical Storm (34-63 knots)
338,AL142023,MARGOT,TS,19.7,-36.4,40,2023-09-09 06:00:00,Tropical Storm (34-63 knots)
338,AL142023,MARGOT,TS,20.2,-37.5,40,2023-09-09 12:00:00,Tropical Storm (34-63 knots)
338,AL142023,MARGOT,TS,20.7,-38.3,40,2023-09-09 18:00:00,Tropical Storm (34-63 knots)
338,AL142023,MARGOT,TS,21.2,-38.9,45,2023-09-10 00:00:00,Tropical Storm (34-63 knots)
338,AL142023,MARGOT,TS,21.8,-39.4,45,2023-09-10 06:00:00,Tropical Storm (34-63 knots)
338,AL142023,MARGOT,TS,22.5,-39.8,45,2023-09-10 12:00:00,Tropical Storm (34-63 knots)
338,AL142023,MARGOT,TS,23.3,-40.0,50,2023-09-10 18:00:00,Tropical Storm (34-63 knots)
338,AL142023,MARGOT,TS,24.0,-40.0,55,2023-09-11 00:00:00,Tropical Storm (34-63 knots)
338,AL142023,MARGOT,TS,24.7,-40.0,55,2023-09-11 06:00:00,Tropical Storm (34-63 knots)
338,AL142023,MARGOT,TS,25.5,-40.0,60,2023-09-11 12:00:00,Tropical Storm (34-63 knots)
338,AL142023,MARGOT,HU,26.4,-39.9,65,2023-09-11 18:00:00,Hurricane (>64 knots)
338,AL142023,MARGOT,HU,27.5,-39.6,70,2023-09-12 00:00:00,Hurricane (>64 knots)
338,AL142023,MARGOT,HU,28.6,-39.4,75,2023-09-12 06:00:00,Hurricane (>64 knots)
338,AL142023,MARGOT,HU,29.8,-39.3,75,2023-09-12 12:00:00,Hurricane (>64 knots)
338,AL142023,MARGOT,HU,31.0,-39.4,75,2023-09-12 18:00:00,Hurricane (>64 knots)
338,AL142023,MARGOT,HU,32.1,-39.6,75,2023-09-13 00:00:00,Hurricane (>64 knots)
338,AL142023,MARGOT,HU,33.0,-39.9,80,2023-09-13 06:00:00,Hurricane (>64 knots)
338,AL142023,MARGOT,HU,33.7,-40.3,80,2023-09-13 12:00:00,Hurricane (>64 knots)
338,AL142023,MARGOT,HU,34.4,-40.6,75,2023-09-13 18:00:00,Hurricane (>64 knots)
338,AL142023,MARGOT,HU,35.1,-40.7,75,2023-09-14 00:00:00,Hurricane (>64 knots)
338,AL142023,MARGOT,HU,35.8,-40.5,70,2023-09-14 06:00:00,Hurricane (>64 knots)
338,AL142023,MARGOT,HU,36.3,-40.1,70,2023-09-14 12:00:00,Hurricane (>64 knots)
338,AL142023,MARGOT,HU,36.6,-39.6,70,2023-09-14 18:00:00,Hurricane (>64 knots)
338,AL142023,MARGOT,HU,36.7,-39.1,65,2023-09-15 00:00:00,Hurricane (>64 knots)
338,AL142023,MARGOT,TS,36.7,-38.6,60,2023-09-15 06:00:00,Tropical Storm (34-63 knots)
338,AL142023,MARGOT,TS,36.5,-38.1,55,2023-09-15 12:00:00,Tropical Storm (34-63 knots)
338,AL142023,MARGOT,TS,36.1,-37.8,55,2023-09-15 18:00:00,Tropical Storm (34-63 knots)
338,AL142023,MARGOT,TS,35.7,-37.8,55,2023-09-16 00:00:00,Tropical Storm (34-63 knots)
338,AL142023,MARGOT,TS,35.2,-38.0,55,2023-09-16 06:00:00,Tropical Storm (34-63 knots)
338,AL142023,MARGOT,TS,34.7,-38.5,50,2023-09-16 12:00:00,Tropical Storm (34-63 knots)
338,AL142023,MARGOT,TS,34.3,-39.2,45,2023-09-16 18:00:00,Tropical Storm (34-63 knots)
338,AL142023,MARGOT,LO,34.0,-40.1,40,2023-09-17 00:00:00,Low (not tropical/subtropical/extratropical)
338,AL142023,MARGOT,LO,34.0,-41.1,35,2023-09-17 06:00:00,Low (not tropical/subtropical/extratropical)
338,AL142023,MARGOT,LO,34.3,-42.0,35,2023-09-17 12:00:00,Low (not tropical/subtropical/extratropical)
338,AL142023,MARGOT,LO,34.7,-43.0,35,2023-09-17 18:00:00,Low (not tropical/subtropical/extratropical)
338,AL152023,NIGEL,TS,21.4,-47.6,35,2023-09-17 00:00:00,Tropical Storm (34-63 knots)
338,AL152023,NIGEL,TS,22.5,-48.3,45,2023-09-17 06:00:00,Tropical Storm (34-63 knots)
338,AL152023,NIGEL,TS,23.5,-48.8,50,2023-09-17 12:00:00,Tropical Storm (34-63 knots)
338,AL152023,NIGEL,TS,24.5,-49.4,55,2023-09-17 18:00:00,Tropical Storm (34-63 knots)
338,AL152023,NIGEL,TS,25.3,-50.0,60,2023-09-18 00:00:00,Tropical Storm (34-63 knots)
338,AL152023,NIGEL,HU,26.0,-50.6,65,2023-09-18 06:00:00,Hurricane (>64 knots)
338,AL152023,NIGEL,HU,26.8,-51.1,65,2023-09-18 12:00:00,Hurricane (>64 knots)
338,AL152023,NIGEL,HU,27.5,-51.7,70,2023-09-18 18:00:00,Hurricane (>64 knots)
338,AL152023,NIGEL,HU,28.2,-52.4,75,2023-09-19 00:00:00,Hurricane (>64 knots)
338,AL152023,NIGEL,HU,29.0,-53.2,75,2023-09-19 06:00:00,Hurricane (>64 knots)
338,AL152023,NIGEL,HU,29.9,-54.0,80,2023-09-19 12:00:00,Hurricane (>64 knots)
338,AL152023,NIGEL,HU,31.1,-54.7,85,2023-09-19 18:00:00,Hurricane (>64 knots)
338,AL152023,NIGEL,HU,32.4,-55.0,85,2023-09-20 00:00:00,Hurricane (>64 knots)
338,AL152023,NIGEL,HU,33.7,-55.2,85,2023-09-20 06:00:00,Hurricane (>64 knots)
338,AL152023,NIGEL,HU,35.2,-54.7,80,2023-09-20 12:00:00,Hurricane (>64 knots)
338,AL152023,NIGEL,HU,36.7,-53.6,80,2023-09-20 18:00:00,Hurricane (>64 knots)
338,AL152023,NIGEL,HU,38.3,-51.6,80,2023-09-21 00:00:00,Hurricane (>64 knots)
338,AL152023,NIGEL,HU,40.0,-49.2,75,2023-09-21 06:00:00,Hurricane (>64 knots)
338,AL152023,NIGEL,HU,41.3,-46.3,75,2023-09-21 12:00:00,Hurricane (>64 knots)
338,AL152023,NIGEL,HU,42.8,-42.8,70,2023-09-21 18:00:00,Hurricane (>64 knots)
338,AL152023,NIGEL,HU,44.3,-38.7,65,2023-09-22 00:00:00,Hurricane (>64 knots)
338,AL152023,NIGEL,EX,45.4,-34.3,60,2023-09-22 06:00:00,Extratropical Cyclone
338,AL152023,NIGEL,EX,47.2,-30.2,55,2023-09-22 12:00:00,Extratropical Cyclone
338,AL152023,NIGEL,EX,48.9,-26.8,55,2023-09-22 18:00:00,Extratropical Cyclone
338,AL152023,NIGEL,EX,50.9,-24.0,55,2023-09-23 00:00:00,Extratropical Cyclone
338,AL152023,NIGEL,EX,53.3,-22.2,55,2023-09-23 06:00:00,Extratropical Cyclone
338,AL152023,NIGEL,EX,55.6,-22.7,55,2023-09-23 12:00:00,Extratropical Cyclone
338,AL152023,NIGEL,EX,57.7,-23.2,55,2023-09-23 18:00:00,Extratropical Cyclone
338,AL152023,NIGEL,EX,58.3,-25.6,50,2023-09-24 00:00:00,Extratropical Cyclone
338,AL152023,NIGEL,EX,57.4,-27.4,50,2023-09-24 06:00:00,Extratropical Cyclone
338,AL152023,NIGEL,EX,56.1,-26.7,45,2023-09-24 12:00:00,Extratropical Cyclone
338,AL152023,NIGEL,EX,56.4,-23.5,45,2023-09-24 18:00:00,Extratropical Cyclone
338,AL152023,NIGEL,EX,58.0,-20.9,40,2023-09-25 00:00:00,Extratropical Cyclone
338,AL152023,NIGEL,EX,60.1,-18.6,40,2023-09-25 06:00:00,Extratropical Cyclone
338,AL152023,NIGEL,EX,61.0,-18.5,40,2023-09-25 12:00:00,Extratropical Cyclone
338,AL152023,NIGEL,EX,61.5,-19.4,40,2023-09-25 18:00:00,Extratropical Cyclone
338,AL152023,NIGEL,EX,61.5,-20.9,40,2023-09-26 00:00:00,Extratropical Cyclone
338,AL152023,NIGEL,EX,61.5,-22.5,40,2023-09-26 06:00:00,Extratropical Cyclone
338,AL152023,NIGEL,EX,61.5,-23.3,40,2023-09-26 12:00:00,Extratropical Cyclone
338,AL162023,OPHELIA,EX,29.5,-75.3,35,2023-09-22 00:00:00,Extratropical Cyclone
338,AL162023,OPHELIA,EX,30.3,-75.1,40,2023-09-22 06:00:00,Extratropical Cyclone
338,AL162023,OPHELIA,EX,31.6,-75.5,50,2023-09-22 12:00:00,Extratropical Cyclone
338,AL162023,OPHELIA,TS,32.7,-76.1,60,2023-09-22 18:00:00,Tropical Storm (34-63 knots)
338,AL162023,OPHELIA,TS,33.3,-76.6,60,2023-09-23 00:00:00,Tropical Storm (34-63 knots)
338,AL162023,OPHELIA,TS,33.8,-77.1,60,2023-09-23 06:00:00,Tropical Storm (34-63 knots)
338,AL162023,OPHELIA,TS,34.7,-77.1,60,2023-09-23 10:15:00,Tropical Storm (34-63 knots)
338,AL162023,OPHELIA,TS,35.1,-77.1,50,2023-09-23 12:00:00,Tropical Storm (34-63 knots)
338,AL162023,OPHELIA,TS,36.3,-77.5,40,2023-09-23 18:00:00,Tropical Storm (34-63 knots)
338,AL172023,PHILIPPE,TS,15.7,-39.1,35,2023-09-23 18:00:00,Tropical Storm (34-63 knots)
338,AL172023,PHILIPPE,TS,15.8,-39.8,40,2023-09-24 00:00:00,Tropical Storm (34-63 knots)
338,AL172023,PHILIPPE,TS,16.0,-40.5,45,2023-09-24 06:00:00,Tropical Storm (34-63 knots)
338,AL172023,PHILIPPE,TS,16.3,-41.3,45,2023-09-24 12:00:00,Tropical Storm (34-63 knots)
338,AL172023,PHILIPPE,TS,16.6,-42.0,45,2023-09-24 18:00:00,Tropical Storm (34-63 knots)
338,AL172023,PHILIPPE,TS,16.9,-42.9,45,2023-09-25 00:00:00,Tropical Storm (34-63 knots)
338,AL172023,PHILIPPE,TS,17.1,-43.8,50,2023-09-25 06:00:00,Tropical Storm (34-63 knots)
338,AL172023,PHILIPPE,TS,17.1,-44.8,50,2023-09-25 12:00:00,Tropical Storm (34-63 knots)
338,AL172023,PHILIPPE,TS,17.1,-46.2,45,2023-09-25 18:00:00,Tropical Storm (34-63 knots)
338,AL172023,PHILIPPE,TS,17.4,-47.3,45,2023-09-26 00:00:00,Tropical Storm (34-63 knots)
338,AL172023,PHILIPPE,TS,17.5,-48.5,45,2023-09-26 06:00:00,Tropical Storm (34-63 knots)
338,AL172023,PHILIPPE,TS,17.4,-49.7,40,2023-09-26 12:00:00,Tropical Storm (34-63 knots)
338,AL172023,PHILIPPE,TS,17.1,-50.8,40,2023-09-26 18:00:00,Tropical Storm (34-63 knots)
338,AL172023,PHILIPPE,TS,17.2,-51.6,40,2023-09-27 00:00:00,Tropical Storm (34-63 knots)
338,AL172023,PHILIPPE,TS,17.4,-52.3,40,2023-09-27 06:00:00,Tropical Storm (34-63 knots)
338,AL172023,PHILIPPE,TS,17.5,-53.0,45,2023-09-27 12:00:00,Tropical Storm (34-63 knots)
338,AL172023,PHILIPPE,TS,17.8,-53.7,45,2023-09-27 18:00:00,Tropical Storm (34-63 knots)
338,AL172023,PHILIPPE,TS,18.1,-54.3,40,2023-09-28 00:00:00,Tropical Storm (34-63 knots)
338,AL172023,PHILIPPE,TS,18.5,-54.5,40,2023-09-28 06:00:00,Tropical Storm (34-63 knots)
338,AL172023,PHILIPPE,TS,18.7,-54.7,40,2023-09-28 12:00:00,Tropical Storm (34-63 knots)
338,AL172023,PHILIPPE,TS,18.6,-54.8,40,2023-09-28 18:00:00,Tropical Storm (34-63 knots)
338,AL172023,PHILIPPE,TS,18.5,-54.9,40,2023-09-29 00:00:00,Tropical Storm (34-63 knots)
338,AL172023,PHILIPPE,TS,18.4,-55.0,40,2023-09-29 06:00:00,Tropical Storm (34-63 knots)
338,AL172023,PHILIPPE,TS,18.2,-55.3,45,2023-09-29 12:00:00,Tropical Storm (34-63 knots)
338,AL172023,PHILIPPE,TS,18.0,-55.6,45,2023-09-29 18:00:00,Tropical Storm (34-63 knots)
338,AL182023,RINA,TS,15.6,-44.5,35,2023-09-28 06:00:00,Tropical Storm (34-63 knots)
338,AL182023,RINA,TS,16.9,-45.1,35,2023-09-28 12:00:00,Tropical Storm (34-63 knots)
338,AL182023,RINA,TS,17.7,-45.8,35,2023-09-28 18:00:00,Tropical Storm (34-63 knots)
338,AL182023,RINA,TS,18.2,-46.2,40,2023-09-29 00:00:00,Tropical Storm (34-63 knots)
338,AL182023,RINA,TS,18.6,-46.4,45,2023-09-29 06:00:00,Tropical Storm (34-63 knots)
338,AL182023,RINA,TS,19.1,-46.7,45,2023-09-29 12:00:00,Tropical Storm (34-63 knots)
338,AL182023,RINA,TS,19.8,-47.5,45,2023-09-29 18:00:00,Tropical Storm (34-63 knots)
339,AL062023,GERT,TS,27.9,-54.8,35,2023-09-01 18:00:00,Tropical Storm (34-63 knots)
339,AL062023,GERT,TS,27.7,-54.6,35,2023-09-02 00:00:00,Tropical Storm (34-63 knots)
339,AL062023,GERT,TS,27.6,-54.4,40,2023-09-02 06:00:00,Tropical Storm (34-63 knots)
339,AL062023,GERT,TS,27.7,-54.1,45,2023-09-02 12:00:00,Tropical Storm (34-63 knots)
339,AL062023,GERT,TS,28.1,-53.8,45,2023-09-02 18:00:00,Tropical Storm (34-63 knots)
339,AL062023,GERT,TS,28.6,-53.5,50,2023-09-03 00:00:00,Tropical Storm (34-63 knots)
339,AL062023,GERT,TS,29.3,-53.0,50,2023-09-03 06:00:00,Tropical Storm (34-63 knots)
339,AL062023,GERT,TS,30.4,-52.4,50,2023-09-03 12:00:00,Tropical Storm (34-63 knots)
339,AL062023,GERT,TS,31.9,-51.6,45,2023-09-03 18:00:00,Tropical Storm (34-63 knots)
339,AL062023,GERT,TS,33.9,-50.9,45,2023-09-04 00:00:00,Tropical Storm (34-63 knots)
339,AL062023,GERT,TS,36.5,-50.7,45,2023-09-04 06:00:00,Tropical Storm (34-63 knots)
339,AL062023,GERT,LO,39.4,-50.8,40,2023-09-04 12:00:00,Low (not tropical/subtropical/extratropical)
339,AL082023,FRANKLIN,TS,22.2,-68.1,50,2023-08-25 06:00:00,Tropical Storm (34-63 knots)
339,AL082023,FRANKLIN,TS,21.9,-67.9,45,2023-08-25 12:00:00,Tropical Storm (34-63 knots)
339,AL082023,FRANKLIN,TS,21.8,-67.3,45,2023-08-25 18:00:00,Tropical Storm (34-63 knots)
339,AL082023,FRANKLIN,TS,22.2,-66.5,50,2023-08-26 00:00:00,Tropical Storm (34-63 knots)
339,AL082023,FRANKLIN,TS,22.6,-66.0,55,2023-08-26 06:00:00,Tropical Storm (34-63 knots)
339,AL082023,FRANKLIN,HU,23.2,-66.5,65,2023-08-26 12:00:00,Hurricane (>64 knots)
339,AL082023,FRANKLIN,HU,23.5,-67.3,70,2023-08-26 18:00:00,Hurricane (>64 knots)
339,AL082023,FRANKLIN,HU,23.9,-67.9,75,2023-08-27 00:00:00,Hurricane (>64 knots)
339,AL082023,FRANKLIN,HU,24.4,-68.5,75,2023-08-27 06:00:00,Hurricane (>64 knots)
339,AL082023,FRANKLIN,HU,24.9,-69.1,80,2023-08-27 12:00:00,Hurricane (>64 knots)
339,AL082023,FRANKLIN,HU,25.5,-69.7,80,2023-08-27 18:00:00,Hurricane (>64 knots)
339,AL082023,FRANKLIN,HU,26.0,-70.3,85,2023-08-28 00:00:00,Hurricane (>64 knots)
339,AL082023,FRANKLIN,HU,26.7,-70.6,100,2023-08-28 06:00:00,Hurricane (>64 knots)
339,AL082023,FRANKLIN,HU,27.5,-70.9,125,2023-08-28 12:00:00,Hurricane (>64 knots)
339,AL082023,FRANKLIN,HU,28.2,-71.1,125,2023-08-28 18:00:00,Hurricane (>64 knots)
339,AL082023,FRANKLIN,HU,28.9,-71.1,130,2023-08-29 00:00:00,Hurricane (>64 knots)
339,AL082023,FRANKLIN,HU,29.7,-71.0,120,2023-08-29 06:00:00,Hurricane (>64 knots)
339,AL082023,FRANKLIN,HU,30.3,-70.7,115,2023-08-29 12:00:00,Hurricane (>64 knots)
339,AL082023,FRANKLIN,HU,31.1,-70.2,110,2023-08-29 18:00:00,Hurricane (>64 knots)
339,AL082023,FRANKLIN,HU,31.8,-69.5,100,2023-08-30 00:00:00,Hurricane (>64 knots)
339,AL082023,FRANKLIN,HU,32.6,-68.7,95,2023-08-30 06:00:00,Hurricane (>64 knots)
339,AL082023,FRANKLIN,HU,33.2,-67.8,95,2023-08-30 12:00:00,Hurricane (>64 knots)
339,AL082023,FRANKLIN,HU,33.9,-66.7,90,2023-08-30 18:00:00,Hurricane (>64 knots)
339,AL082023,FRANKLIN,HU,34.4,-65.2,90,2023-08-31 00:00:00,Hurricane (>64 knots)
339,AL082023,FRANKLIN,HU,34.7,-63.9,85,2023-08-31 06:00:00,Hurricane (>64 knots)
339,AL082023,FRANKLIN,HU,35.1,-62.6,85,2023-08-31 12:00:00,Hurricane (>64 knots)
339,AL082023,FRANKLIN,HU,35.6,-61.1,80,2023-08-31 18:00:00,Hurricane (>64 knots)
339,AL082023,FRANKLIN,HU,36.4,-59.7,75,2023-09-01 00:00:00,Hurricane (>64 knots)
339,AL082023,FRANKLIN,HU,37.4,-58.2,70,2023-09-01 06:00:00,Hurricane (>64 knots)
339,AL082023,FRANKLIN,HU,38.2,-56.6,65,2023-09-01 12:00:00,Hurricane (>64 knots)
339,AL082023,FRANKLIN,EX,38.8,-54.6,70,2023-09-01 18:00:00,Extratropical Cyclone
339,AL082023,FRANKLIN,EX,39.6,-52.0,70,2023-09-02 00:00:00,Extratropical Cyclone
339,AL082023,FRANKLIN,EX,41.2,-48.8,70,2023-09-02 06:00:00,Extratropical Cyclone
339,AL082023,FRANKLIN,EX,43.0,-45.9,65,2023-09-02 12:00:00,Extratropical Cyclone
339,AL082023,FRANKLIN,EX,44.8,-43.4,65,2023-09-02 18:00:00,Extratropical Cyclone
339,AL082023,FRANKLIN,EX,45.8,-41.0,65,2023-09-03 00:00:00,Extratropical Cyclone
339,AL082023,FRANKLIN,EX,46.4,-38.7,60,2023-09-03 06:00:00,Extratropical Cyclone
339,AL082023,FRANKLIN,EX,47.0,-36.2,55,2023-09-03 12:00:00,Extratropical Cyclone
339,AL082023,FRANKLIN,EX,47.7,-33.4,55,2023-09-03 18:00:00,Extratropical Cyclone
339,AL082023,FRANKLIN,EX,47.8,-30.8,50,2023-09-04 00:00:00,Extratropical Cyclone
339,AL082023,FRANKLIN,EX,47.5,-28.6,45,2023-09-04 06:00:00,Extratropical Cyclone
339,AL082023,FRANKLIN,EX,47.1,-27.3,40,2023-09-04 12:00:00,Extratropical Cyclone
339,AL082023,FRANKLIN,EX,46.7,-26.8,40,2023-09-04 18:00:00,Extratropical Cyclone
339,AL082023,FRANKLIN,EX,46.0,-26.6,40,2023-09-05 00:00:00,Extratropical Cyclone
339,AL082023,FRANKLIN,EX,44.6,-26.3,40,2023-09-05 06:00:00,Extratropical Cyclone
339,AL082023,FRANKLIN,EX,42.8,-25.4,40,2023-09-05 12:00:00,Extratropical Cyclone
339,AL082023,FRANKLIN,EX,41.0,-23.8,40,2023-09-05 18:00:00,Extratropical Cyclone
339,AL082023,FRANKLIN,EX,40.1,-21.6,35,2023-09-06 00:00:00,Extratropical Cyclone
339,AL082023,FRANKLIN,EX,40.1,-19.4,35,2023-09-06 06:00:00,Extratropical Cyclone
339,AL082023,FRANKLIN,EX,41.3,-17.7,40,2023-09-06 12:00:00,Extratropical Cyclone
339,AL082023,FRANKLIN,EX,43.3,-16.5,45,2023-09-06 18:00:00,Extratropical Cyclone
339,AL082023,FRANKLIN,EX,45.4,-16.0,50,2023-09-07 00:00:00,Extratropical Cyclone
339,AL082023,FRANKLIN,EX,46.8,-16.1,50,2023-09-07 06:00:00,Extratropical Cyclone
339,AL082023,FRANKLIN,EX,47.7,-16.3,45,2023-09-07 12:00:00,Extratropical Cyclone
339,AL082023,FRANKLIN,EX,48.5,-16.5,40,2023-09-07 18:00:00,Extratropical Cyclone
339,AL082023,FRANKLIN,EX,48.5,-17.2,35,2023-09-08 00:00:00,Extratropical Cyclone
339,AL102023,IDALIA,TS,19.9,-86.3,35,2023-08-27 12:00:00,Tropical Storm (34-63 knots)
339,AL102023,IDALIA,TS,19.9,-85.8,40,2023-08-27 18:00:00,Tropical Storm (34-63 knots)
339,AL102023,IDALIA,TS,19.8,-85.4,45,2023-08-28 00:00:00,Tropical Storm (34-63 knots)
339,AL102023,IDALIA,TS,19.9,-85.2,55,2023-08-28 06:00:00,Tropical Storm (34-63 knots)
339,AL102023,IDALIA,TS,20.6,-85.2,55,2023-08-28 12:00:00,Tropical Storm (34-63 knots)
339,AL102023,IDALIA,TS,21.2,-85.2,60,2023-08-28 18:00:00,Tropical Storm (34-63 knots)
339,AL102023,IDALIA,TS,21.8,-85.1,60,2023-08-29 00:00:00,Tropical Storm (34-63 knots)
339,AL102023,IDALIA,HU,22.6,-85.0,65,2023-08-29 06:00:00,Hurricane (>64 knots)
339,AL102023,IDALIA,HU,23.8,-84.8,70,2023-08-29 12:00:00,Hurricane (>64 knots)
339,AL102023,IDALIA,HU,25.3,-84.8,80,2023-08-29 18:00:00,Hurricane (>64 knots)
339,AL102023,IDALIA,HU,26.9,-84.7,90,2023-08-30 00:00:00,Hurricane (>64 knots)
339,AL102023,IDALIA,HU,28.3,-84.5,105,2023-08-30 06:00:00,Hurricane (>64 knots)
339,AL102023,IDALIA,HU,29.1,-84.1,115,2023-08-30 09:00:00,Hurricane (>64 knots)
339,AL102023,IDALIA,HU,29.9,-83.6,100,2023-08-30 11:45:00,Hurricane (>64 knots)
339,AL102023,IDALIA,HU,30.0,-83.5,100,2023-08-30 12:00:00,Hurricane (>64 knots)
339,AL102023,IDALIA,TS,31.5,-82.5,60,2023-08-30 18:00:00,Tropical Storm (34-63 knots)
339,AL102023,IDALIA,TS,32.7,-80.9,50,2023-08-31 00:00:00,Tropical Storm (34-63 knots)
339,AL102023,IDALIA,TS,33.5,-78.9,50,2023-08-31 06:00:00,Tropical Storm (34-63 knots)
339,AL102023,IDALIA,EX,33.7,-77.0,55,2023-08-31 12:00:00,Extratropical Cyclone
339,AL102023,IDALIA,EX,33.6,-74.6,55,2023-08-31 18:00:00,Extratropical Cyclone
339,AL102023,IDALIA,EX,33.4,-72.3,55,2023-09-01 00:00:00,Extratropical Cyclone
339,AL102023,IDALIA,EX,32.7,-70.5,50,2023-09-01 06:00:00,Extratropical Cyclone
339,AL102023,IDALIA,EX,32.3,-68.8,50,2023-09-01 12:00:00,Extratropical Cyclone
339,AL102023,IDALIA,EX,32.1,-67.1,50,2023-09-01 18:00:00,Extratropical Cyclone
339,AL102023,IDALIA,EX,31.9,-65.7,50,2023-09-02 00:00:00,Extratropical Cyclone
339,AL102023,IDALIA,EX,31.8,-64.7,50,2023-09-02 06:00:00,Extratropical Cyclone
339,AL102023,IDALIA,EX,31.8,-63.9,50,2023-09-02 12:00:00,Extratropical Cyclone
339,AL102023,IDALIA,EX,31.8,-63.1,50,2023-09-02 18:00:00,Extratropical Cyclone
339,AL102023,IDALIA,EX,32.0,-62.2,50,2023-09-03 00:00:00,Extratropical Cyclone
339,AL102023,IDALIA,EX,32.5,-61.3,50,2023-09-03 06:00:00,Extratropical Cyclone
339,AL102023,IDALIA,EX,33.4,-60.5,50,2023-09-03 12:00:00,Extratropical Cyclone
339,AL102023,IDALIA,EX,34.9,-59.7,55,2023-09-03 18:00:00,Extratropical Cyclone
339,AL102023,IDALIA,EX,36.2,-58.9,60,2023-09-04 00:00:00,Extratropical Cyclone
339,AL102023,IDALIA,EX,37.6,-58.0,60,2023-09-04 06:00:00,Extratropical Cyclone
339,AL102023,IDALIA,EX,39.2,-57.5,55,2023-09-04 12:00:00,Extratropical Cyclone
339,AL102023,IDALIA,EX,40.5,-57.9,55,2023-09-04 18:00:00,Extratropical Cyclone
339,AL102023,IDALIA,EX,41.1,-58.7,50,2023-09-05 00:00:00,Extratropical Cyclone
339,AL102023,IDALIA,EX,41.6,-59.1,50,2023-09-05 06:00:00,Extratropical Cyclone
339,AL102023,IDALIA,EX,42.2,-59.3,45,2023-09-05 12:00:00,Extratropical Cyclone
339,AL102023,IDALIA,EX,42.6,-59.8,40,2023-09-05 18:00:00,Extratropical Cyclone
339,AL102023,IDALIA,EX,42.6,-60.5,35,2023-09-06 00:00:00,Extratropical Cyclone
339,AL102023,IDALIA,EX,42.6,-61.4,35,2023-09-06 06:00:00,Extratropical Cyclone
339,AL102023,IDALIA,EX,42.6,-62.0,35,2023-09-06 12:00:00,Extratropical Cyclone
339,AL102023,IDALIA,EX,42.6,-62.8,35,2023-09-06 18:00:00,Extratropical Cyclone
339,AL112023,JOSE,TS,28.3,-52.1,35,2023-08-31 00:00:00,Tropical Storm (34-63 knots)
339,AL112023,JOSE,TS,28.6,-52.1,40,2023-08-31 06:00:00,Tropical Storm (34-63 knots)
339,AL112023,JOSE,TS,29.3,-52.1,45,2023-08-31 12:00:00,Tropical Storm (34-63 knots)
339,AL112023,JOSE,TS,30.4,-52.3,50,2023-08-31 18:00:00,Tropical Storm (34-63 knots)
339,AL112023,JOSE,TS,31.6,-52.5,55,2023-09-01 00:00:00,Tropical Storm (34-63 knots)
339,AL112023,JOSE,TS,32.9,-52.4,55,2023-09-01 06:00:00,Tropical Storm (34-63 knots)
339,AL112023,JOSE,TS,34.9,-51.4,50,2023-09-01 12:00:00,Tropical Storm (34-63 knots)
339,AL112023,JOSE,TS,37.4,-49.8,50,2023-09-01 18:00:00,Tropical Storm (34-63 knots)
339,AL122023,KATIA,TS,21.1,-28.5,35,2023-09-02 00:00:00,Tropical Storm (34-63 knots)
339,AL122023,KATIA,TS,22.3,-28.8,40,2023-09-02 06:00:00,Tropical Storm (34-63 knots)
339,AL122023,KATIA,TS,23.5,-29.4,45,2023-09-02 12:00:00,Tropical Storm (34-63 knots)
339,AL122023,KATIA,TS,24.5,-30.1,50,2023-09-02 18:00:00,Tropical Storm (34-63 knots)
339,AL122023,KATIA,TS,25.3,-30.9,45,2023-09-03 00:00:00,Tropical Storm (34-63 knots)
339,AL122023,KATIA,TS,26.0,-31.5,40,2023-09-03 06:00:00,Tropical Storm (34-63 knots)
339,AL122023,KATIA,TS,26.5,-32.0,35,2023-09-03 12:00:00,Tropical Storm (34-63 knots)
339,AL122023,KATIA,TS,26.9,-32.7,35,2023-09-03 18:00:00,Tropical Storm (34-63 knots)
339,AL132023,LEE,TS,12.9,-41.1,35,2023-09-05 18:00:00,Tropical Storm (34-63 knots)
339,AL132023,LEE,TS,13.2,-42.5,45,2023-09-06 00:00:00,Tropical Storm (34-63 knots)
339,AL132023,LEE,TS,13.5,-43.9,55,2023-09-06 06:00:00,Tropical Storm (34-63 knots)
339,AL132023,LEE,TS,14.0,-45.0,60,2023-09-06 12:00:00,Tropical Storm (34-63 knots)
339,AL132023,LEE,HU,14.6,-46.1,65,2023-09-06 18:00:00,Hurricane (>64 knots)
339,AL132023,LEE,HU,15.1,-47.1,70,2023-09-07 00:00:00,Hurricane (>64 knots)
339,AL132023,LEE,HU,15.6,-48.2,75,2023-09-07 06:00:00,Hurricane (>64 knots)
339,AL132023,LEE,HU,16.1,-49.4,85,2023-09-07 12:00:00,Hurricane (>64 knots)
339,AL132023,LEE,HU,16.6,-50.7,105,2023-09-07 18:00:00,Hurricane (>64 knots)
339,AL132023,LEE,HU,17.0,-51.8,135,2023-09-08 00:00:00,Hurricane (>64 knots)
339,AL132023,LEE,HU,17.5,-53.0,145,2023-09-08 06:00:00,Hurricane (>64 knots)
339,AL132023,LEE,HU,17.9,-54.1,135,2023-09-08 12:00:00,Hurricane (>64 knots)
339,AL132023,LEE,HU,18.5,-55.1,125,2023-09-08 18:00:00,Hurricane (>64 knots)
339,AL132023,LEE,HU,19.0,-56.0,105,2023-09-09 00:00:00,Hurricane (>64 knots)
339,AL132023,LEE,HU,19.5,-57.0,100,2023-09-09 06:00:00,Hurricane (>64 knots)
339,AL132023,LEE,HU,20.0,-57.9,100,2023-09-09 12:00:00,Hurricane (>64 knots)
339,AL132023,LEE,HU,20.4,-58.8,95,2023-09-09 18:00:00,Hurricane (>64 knots)
339,AL132023,LEE,HU,20.8,-59.5,85,2023-09-10 00:00:00,Hurricane (>64 knots)
339,AL132023,LEE,HU,21.2,-60.2,90,2023-09-10 06:00:00,Hurricane (>64 knots)
339,AL132023,LEE,HU,21.5,-60.8,95,2023-09-10 12:00:00,Hurricane (>64 knots)
339,AL132023,LEE,HU,21.9,-61.4,105,2023-09-10 18:00:00,Hurricane (>64 knots)
339,AL132023,LEE,HU,22.3,-61.9,105,2023-09-11 00:00:00,Hurricane (>64 knots)
339,AL132023,LEE,HU,22.8,-62.5,105,2023-09-11 06:00:00,Hurricane (>64 knots)
339,AL132023,LEE,HU,23.2,-63.2,105,2023-09-11 12:00:00,Hurricane (>64 knots)
339,AL132023,LEE,HU,23.5,-63.9,100,2023-09-11 18:00:00,Hurricane (>64 knots)
339,AL132023,LEE,HU,23.7,-64.5,100,2023-09-12 00:00:00,Hurricane (>64 knots)
339,AL132023,LEE,HU,23.9,-65.1,100,2023-09-12 06:00:00,Hurricane (>64 knots)
339,AL132023,LEE,HU,24.1,-65.7,100,2023-09-12 12:00:00,Hurricane (>64 knots)
339,AL132023,LEE,HU,24.5,-66.2,100,2023-09-12 18:00:00,Hurricane (>64 knots)
339,AL132023,LEE,HU,24.9,-66.6,100,2023-09-13 00:00:00,Hurricane (>64 knots)
339,AL132023,LEE,HU,25.3,-66.9,100,2023-09-13 06:00:00,Hurricane (>64 knots)
339,AL132023,LEE,HU,26.0,-67.2,95,2023-09-13 12:00:00,Hurricane (>64 knots)
339,AL132023,LEE,HU,26.8,-67.6,90,2023-09-13 18:00:00,Hurricane (>64 knots)
339,AL132023,LEE,HU,27.6,-67.8,90,2023-09-14 00:00:00,Hurricane (>64 knots)
339,AL132023,LEE,HU,28.5,-68.0,85,2023-09-14 06:00:00,Hurricane (>64 knots)
339,AL132023,LEE,HU,29.8,-68.2,80,2023-09-14 12:00:00,Hurricane (>64 knots)
339,AL132023,LEE,HU,31.1,-68.3,75,2023-09-14 18:00:00,Hurricane (>64 knots)
339,AL132023,LEE,HU,32.1,-67.8,75,2023-09-15 00:00:00,Hurricane (>64 knots)
339,AL132023,LEE,HU,33.6,-67.6,75,2023-09-15 06:00:00,Hurricane (>64 knots)
339,AL132023,LEE,HU,35.1,-67.1,75,2023-09-15 12:00:00,Hurricane (>64 knots)
339,AL142023,MARGOT,TS,16.0,-27.3,35,2023-09-07 18:00:00,Tropical Storm (34-63 knots)
339,AL142023,MARGOT,TS,16.5,-28.6,35,2023-09-08 00:00:00,Tropical Storm (34-63 knots)
339,AL142023,MARGOT,TS,17.1,-30.1,35,2023-09-08 06:00:00,Tropical Storm (34-63 knots)
339,AL142023,MARGOT,TS,17.8,-31.8,35,2023-09-08 12:00:00,Tropical Storm (34-63 knots)
339,AL142023,MARGOT,TS,18.5,-33.6,35,2023-09-08 18:00:00,Tropical Storm (34-63 knots)
339,AL142023,MARGOT,TS,19.1,-35.1,35,2023-09-09 00:00:00,Tropical Storm (34-63 knots)
339,AL142023,MARGOT,TS,19.7,-36.4,40,2023-09-09 06:00:00,Tropical Storm (34-63 knots)
339,AL142023,MARGOT,TS,20.2,-37.5,40,2023-09-09 12:00:00,Tropical Storm (34-63 knots)
339,AL142023,MARGOT,TS,20.7,-38.3,40,2023-09-09 18:00:00,Tropical Storm (34-63 knots)
339,AL142023,MARGOT,TS,21.2,-38.9,45,2023-09-10 00:00:00,Tropical Storm (34-63 knots)
339,AL142023,MARGOT,TS,21.8,-39.4,45,2023-09-10 06:00:00,Tropical Storm (34-63 knots)
339,AL142023,MARGOT,TS,22.5,-39.8,45,2023-09-10 12:00:00,Tropical Storm (34-63 knots)
339,AL142023,MARGOT,TS,23.3,-40.0,50,2023-09-10 18:00:00,Tropical Storm (34-63 knots)
339,AL142023,MARGOT,TS,24.0,-40.0,55,2023-09-11 00:00:00,Tropical Storm (34-63 knots)
339,AL142023,MARGOT,TS,24.7,-40.0,55,2023-09-11 06:00:00,Tropical Storm (34-63 knots)
339,AL142023,MARGOT,TS,25.5,-40.0,60,2023-09-11 12:00:00,Tropical Storm (34-63 knots)
339,AL142023,MARGOT,HU,26.4,-39.9,65,2023-09-11 18:00:00,Hurricane (>64 knots)
339,AL142023,MARGOT,HU,27.5,-39.6,70,2023-09-12 00:00:00,Hurricane (>64 knots)
339,AL142023,MARGOT,HU,28.6,-39.4,75,2023-09-12 06:00:00,Hurricane (>64 knots)
339,AL142023,MARGOT,HU,29.8,-39.3,75,2023-09-12 12:00:00,Hurricane (>64 knots)
339,AL142023,MARGOT,HU,31.0,-39.4,75,2023-09-12 18:00:00,Hurricane (>64 knots)
339,AL142023,MARGOT,HU,32.1,-39.6,75,2023-09-13 00:00:00,Hurricane (>64 knots)
339,AL142023,MARGOT,HU,33.0,-39.9,80,2023-09-13 06:00:00,Hurricane (>64 knots)
339,AL142023,MARGOT,HU,33.7,-40.3,80,2023-09-13 12:00:00,Hurricane (>64 knots)
339,AL142023,MARGOT,HU,34.4,-40.6,75,2023-09-13 18:00:00,Hurricane (>64 knots)
339,AL142023,MARGOT,HU,35.1,-40.7,75,2023-09-14 00:00:00,Hurricane (>64 knots)
339,AL142023,MARGOT,HU,35.8,-40.5,70,2023-09-14 06:00:00,Hurricane (>64 knots)
339,AL142023,MARGOT,HU,36.3,-40.1,70,2023-09-14 12:00:00,Hurricane (>64 knots)
339,AL142023,MARGOT,HU,36.6,-39.6,70,2023-09-14 18:00:00,Hurricane (>64 knots)
339,AL142023,MARGOT,HU,36.7,-39.1,65,2023-09-15 00:00:00,Hurricane (>64 knots)
339,AL142023,MARGOT,TS,36.7,-38.6,60,2023-09-15 06:00:00,Tropical Storm (34-63 knots)
339,AL142023,MARGOT,TS,36.5,-38.1,55,2023-09-15 12:00:00,Tropical Storm (34-63 knots)
340,AL022023,ARLENE,TS,27.3,-86.4,35,2023-06-02 06:00:00,Tropical Storm (34-63 knots)
340,AL022023,ARLENE,TS,27.0,-86.3,35,2023-06-02 12:00:00,Tropical Storm (34-63 knots)
340,AL022023,ARLENE,TS,26.7,-86.0,35,2023-06-02 18:00:00,Tropical Storm (34-63 knots)
340,AL022023,ARLENE,TS,25.9,-85.7,35,2023-06-03 00:00:00,Tropical Storm (34-63 knots)
341,AL022024,BERYL,TS,9.2,-43.1,35,2024-06-29 00:00:00,Tropical Storm (34-63 knots)
341,AL022024,BERYL,TS,9.5,-45.2,45,2024-06-29 06:00:00,Tropical Storm (34-63 knots)
341,AL022024,BERYL,TS,9.7,-47.0,55,2024-06-29 12:00:00,Tropical Storm (34-63 knots)
341,AL022024,BERYL,TS,9.9,-48.7,60,2024-06-29 18:00:00,Tropical Storm (34-63 knots)
341,AL022024,BERYL,HU,10.1,-50.5,70,2024-06-30 00:00:00,Hurricane (>64 knots)
341,AL022024,BERYL,HU,10.4,-52.3,85,2024-06-30 06:00:00,Hurricane (>64 knots)
341,AL022024,BERYL,HU,10.5,-54.0,100,2024-06-30 12:00:00,Hurricane (>64 knots)
341,AL022024,BERYL,HU,10.9,-55.7,115,2024-06-30 18:00:00,Hurricane (>64 knots)
341,AL022024,BERYL,HU,11.2,-57.3,110,2024-07-01 00:00:00,Hurricane (>64 knots)
341,AL022024,BERYL,HU,11.5,-59.0,100,2024-07-01 06:00:00,Hurricane (>64 knots)
341,AL022024,BERYL,HU,12.0,-60.6,115,2024-07-01 12:00:00,Hurricane (>64 knots)
341,AL022024,BERYL,HU,12.5,-61.5,120,2024-07-01 15:20:00,Hurricane (>64 knots)
341,AL022024,BERYL,HU,12.8,-62.3,130,2024-07-01 18:00:00,Hurricane (>64 knots)
341,AL022024,BERYL,HU,13.5,-64.1,140,2024-07-02 00:00:00,Hurricane (>64 knots)
341,AL022024,BERYL,HU,14.3,-65.9,145,2024-07-02 06:00:00,Hurricane (>64 knots)
341,AL022024,BERYL,HU,14.8,-67.2,145,2024-07-02 09:45:00,Hurricane (>64 knots)
341,AL022024,BERYL,HU,15.0,-67.9,140,2024-07-02 12:00:00,Hurricane (>64 knots)
341,AL022024,BERYL,HU,15.6,-69.9,135,2024-07-02 18:00:00,Hurricane (>64 knots)
341,AL022024,BERYL,HU,16.0,-71.8,130,2024-07-03 00:00:00,Hurricane (>64 knots)
341,AL022024,BERYL,HU,16.3,-73.5,125,2024-07-03 06:00:00,Hurricane (>64 knots)
341,AL022024,BERYL,HU,16.8,-75.3,125,2024-07-03 12:00:00,Hurricane (>64 knots)
341,AL022024,BERYL,HU,17.3,-76.8,120,2024-07-03 18:00:00,Hurricane (>64 knots)
341,AL022024,BERYL,HU,17.8,-78.3,115,2024-07-04 00:00:00,Hurricane (>64 knots)
341,AL022024,BERYL,HU,18.3,-80.0,105,2024-07-04 06:00:00,Hurricane (>64 knots)
341,AL022024,BERYL,HU,18.8,-81.8,95,2024-07-04 12:00:00,Hurricane (>64 knots)
341,AL022024,BERYL,HU,19.3,-83.4,90,2024-07-04 18:00:00,Hurricane (>64 knots)
341,AL022024,BERYL,HU,19.4,-84.8,100,2024-07-05 00:00:00,Hurricane (>64 knots)
341,AL022024,BERYL,HU,19.8,-86.2,95,2024-07-05 06:00:00,Hurricane (>64 knots)
341,AL022024,BERYL,HU,20.3,-87.4,80,2024-07-05 11:00:00,Hurricane (>64 knots)
341,AL022024,BERYL,HU,20.4,-87.6,75,2024-07-05 12:00:00,Hurricane (>64 knots)
341,AL022024,BERYL,TS,20.9,-88.8,60,2024-07-05 18:00:00,Tropical Storm (34-63 knots)
341,AL022024,BERYL,TS,21.4,-89.8,50,2024-07-06 00:00:00,Tropical Storm (34-63 knots)
341,AL022024,BERYL,TS,21.9,-90.9,45,2024-07-06 06:00:00,Tropical Storm (34-63 knots)
341,AL022024,BERYL,TS,22.6,-91.8,50,2024-07-06 12:00:00,Tropical Storm (34-63 knots)
341,AL022024,BERYL,TS,23.6,-92.7,50,2024-07-06 18:00:00,Tropical Storm (34-63 knots)
341,AL022024,BERYL,TS,24.4,-93.6,50,2024-07-07 00:00:00,Tropical Storm (34-63 knots)
341,AL022024,BERYL,TS,24.9,-94.3,50,2024-07-07 06:00:00,Tropical Storm (34-63 knots)
341,AL022024,BERYL,TS,25.5,-94.9,55,2024-07-07 12:00:00,Tropical Storm (34-63 knots)
341,AL022024,BERYL,TS,26.3,-95.4,55,2024-07-07 18:00:00,Tropical Storm (34-63 knots)
341,AL022024,BERYL,TS,27.1,-95.7,60,2024-07-08 00:00:00,Tropical Storm (34-63 knots)
341,AL022024,BERYL,HU,28.2,-95.9,70,2024-07-08 06:00:00,Hurricane (>64 knots)
341,AL022024,BERYL,HU,28.6,-96.0,80,2024-07-08 08:40:00,Hurricane (>64 knots)
341,AL022024,BERYL,HU,29.3,-96.0,70,2024-07-08 12:00:00,Hurricane (>64 knots)
341,AL022024,BERYL,TS,30.7,-95.6,50,2024-07-08 18:00:00,Tropical Storm (34-63 knots)
341,AL032024,CHRIS,TS,19.9,-96.0,35,2024-07-01 00:00:00,Tropical Storm (34-63 knots)
341,AL032024,CHRIS,TS,19.9,-96.5,40,2024-07-01 03:00:00,Tropical Storm (34-63 knots)
342,AL192023,SEAN,TS,9.8,-31.4,35,2023-10-11 00:00:00,Tropical Storm (34-63 knots)
342,AL192023,SEAN,TS,10.1,-32.6,35,2023-10-11 06:00:00,Tropical Storm (34-63 knots)
342,AL192023,SEAN,TS,10.7,-33.7,35,2023-10-11 12:00:00,Tropical Storm (34-63 knots)
342,AL192023,SEAN,TS,12.8,-37.1,35,2023-10-12 12:00:00,Tropical Storm (34-63 knots)
342,AL192023,SEAN,TS,13.3,-37.8,40,2023-10-12 18:00:00,Tropical Storm (34-63 knots)
342,AL192023,SEAN,TS,13.7,-39.0,40,2023-10-13 00:00:00,Tropical Storm (34-63 knots)
342,AL192023,SEAN,TS,14.0,-40.1,40,2023-10-13 06:00:00,Tropical Storm (34-63 knots)
342,AL192023,SEAN,TS,14.3,-41.2,35,2023-10-13 12:00:00,Tropical Storm (34-63 knots)
342,AL192023,SEAN,TS,14.6,-42.2,35,2023-10-13 18:00:00,Tropical Storm (34-63 knots)
342,AL192023,SEAN,TS,14.9,-42.7,35,2023-10-14 00:00:00,Tropical Storm (34-63 knots)
342,AL202023,TAMMY,TS,12.9,-51.0,35,2023-10-18 18:00:00,Tropical Storm (34-63 knots)
342,AL202023,TAMMY,TS,13.0,-52.5,35,2023-10-19 00:00:00,Tropical Storm (34-63 knots)
342,AL202023,TAMMY,TS,13.2,-54.0,45,2023-10-19 06:00:00,Tropical Storm (34-63 knots)
342,AL202023,TAMMY,TS,13.4,-55.3,50,2023-10-19 12:00:00,Tropical Storm (34-63 knots)
342,AL202023,TAMMY,TS,13.5,-56.4,50,2023-10-19 18:00:00,Tropical Storm (34-63 knots)
342,AL202023,TAMMY,TS,13.6,-57.2,50,2023-10-20 00:00:00,Tropical Storm (34-63 knots)
342,AL202023,TAMMY,TS,13.7,-57.9,50,2023-10-20 06:00:00,Tropical Storm (34-63 knots)
342,AL202023,TAMMY,TS,13.9,-58.4,60,2023-10-20 12:00:00,Tropical Storm (34-63 knots)
342,AL202023,TAMMY,HU,14.1,-58.9,65,2023-10-20 18:00:00,Hurricane (>64 knots)
342,AL202023,TAMMY,HU,14.5,-59.6,70,2023-10-21 00:00:00,Hurricane (>64 knots)
342,AL202023,TAMMY,HU,14.9,-60.3,70,2023-10-21 06:00:00,Hurricane (>64 knots)
342,AL202023,TAMMY,HU,15.6,-60.6,75,2023-10-21 12:00:00,Hurricane (>64 knots)
342,AL202023,TAMMY,HU,16.6,-61.0,75,2023-10-21 18:00:00,Hurricane (>64 knots)
342,AL202023,TAMMY,HU,17.5,-61.7,80,2023-10-22 00:00:00,Hurricane (>64 knots)
342,AL202023,TAMMY,HU,17.6,-61.8,80,2023-10-22 01:15:00,Hurricane (>64 knots)
342,AL202023,TAMMY,HU,18.0,-62.2,75,2023-10-22 06:00:00,Hurricane (>64 knots)
342,AL202023,TAMMY,HU,18.7,-62.8,75,2023-10-22 12:00:00,Hurricane (>64 knots)
342,AL202023,TAMMY,HU,19.4,-63.4,75,2023-10-22 18:00:00,Hurricane (>64 knots)
342,AL202023,TAMMY,HU,20.2,-63.9,75,2023-10-23 00:00:00,Hurricane (>64 knots)
342,AL202023,TAMMY,HU,21.0,-64.0,70,2023-10-23 06:00:00,Hurricane (>64 knots)
342,AL202023,TAMMY,HU,21.6,-64.0,70,2023-10-23 12:00:00,Hurricane (>64 knots)
342,AL202023,TAMMY,HU,22.1,-63.8,65,2023-10-23 18:00:00,Hurricane (>64 knots)
342,AL202023,TAMMY,HU,22.6,-63.5,65,2023-10-24 00:00:00,Hurricane (>64 knots)
342,AL202023,TAMMY,HU,23.1,-63.1,65,2023-10-24 06:00:00,Hurricane (>64 knots)
342,AL202023,TAMMY,HU,23.6,-62.6,65,2023-10-24 12:00:00,Hurricane (>64 knots)
342,AL202023,TAMMY,HU,24.0,-62.0,65,2023-10-24 18:00:00,Hurricane (>64 knots)
342,AL202023,TAMMY,HU,24.5,-61.2,75,2023-10-25 00:00:00,Hurricane (>64 knots)
342,AL202023,TAMMY,HU,25.1,-60.4,85,2023-10-25 06:00:00,Hurricane (>64 knots)
345,AL132022,JULIA,TS,12.5,-72.1,35,2022-10-07 12:00:00,Tropical Storm (34-63 knots)
345,AL132022,JULIA,TS,12.8,-73.8,40,2022-10-07 18:00:00,Tropical Storm (34-63 knots)
345,AL132022,JULIA,TS,12.8,-75.5,45,2022-10-08 00:00:00,Tropical Storm (34-63 knots)
345,AL132022,JULIA,TS,12.7,-77.2,50,2022-10-08 06:00:00,Tropical Storm (34-63 knots)
345,AL132022,JULIA,TS,12.7,-78.9,55,2022-10-08 12:00:00,Tropical Storm (34-63 knots)
345,AL132022,JULIA,TS,12.6,-80.5,60,2022-10-08 18:00:00,Tropical Storm (34-63 knots)
345,AL132022,JULIA,HU,12.5,-82.0,65,2022-10-09 00:00:00,Hurricane (>64 knots)
345,AL132022,JULIA,HU,12.4,-83.3,75,2022-10-09 06:00:00,Hurricane (>64 knots)
345,AL132022,JULIA,HU,12.4,-83.6,75,2022-10-09 07:15:00,Hurricane (>64 knots)
345,AL132022,JULIA,HU,12.3,-84.7,65,2022-10-09 12:00:00,Hurricane (>64 knots)
345,AL132022,JULIA,TS,12.3,-86.2,45,2022-10-09 18:00:00,Tropical Storm (34-63 knots)
345,AL132022,JULIA,TS,12.6,-87.6,40,2022-10-10 00:00:00,Tropical Storm (34-63 knots)
345,AL132022,JULIA,TS,13.1,-88.8,35,2022-10-10 06:00:00,Tropical Storm (34-63 knots)
345,AL132022,JULIA,TS,13.6,-89.7,35,2022-10-10 11:00:00,Tropical Storm (34-63 knots)
345,AL142022,KARL,TS,19.6,-94.5,35,2022-10-11 18:00:00,Tropical Storm (34-63 knots)
345,AL142022,KARL,TS,20.2,-94.8,35,2022-10-12 00:00:00,Tropical Storm (34-63 knots)
345,AL142022,KARL,TS,20.9,-94.9,35,2022-10-12 06:00:00,Tropical Storm (34-63 knots)
345,AL142022,KARL,TS,21.5,-94.8,40,2022-10-12 12:00:00,Tropical Storm (34-63 knots)
345,AL142022,KARL,TS,22.0,-94.6,50,2022-10-12 18:00:00,Tropical Storm (34-63 knots)
345,AL142022,KARL,TS,22.4,-94.3,50,2022-10-13 00:00:00,Tropical Storm (34-63 knots)
345,AL142022,KARL,TS,22.4,-94.3,45,2022-10-13 06:00:00,Tropical Storm (34-63 knots)
345,AL142022,KARL,TS,21.9,-94.0,45,2022-10-13 12:00:00,Tropical Storm (34-63 knots)
345,AL142022,KARL,TS,21.3,-93.6,40,2022-10-13 18:00:00,Tropical Storm (34-63 knots)
345,AL142022,KARL,TS,20.9,-93.0,40,2022-10-14 00:00:00,Tropical Storm (34-63 knots)
345,AL142022,KARL,TS,20.3,-92.6,35,2022-10-14 06:00:00,Tropical Storm (34-63 knots)
345,AL142022,KARL,TS,19.8,-92.6,35,2022-10-14 12:00:00,Tropical Storm (34-63 knots)
345,AL142022,KARL,TS,19.4,-92.6,35,2022-10-14 18:00:00,Tropical Storm (34-63 knots)
346,AL042024,DEBBY,TS,23.1,-82.6,35,2024-08-03 18:00:00,Tropical Storm (34-63 knots)
346,AL042024,DEBBY,TS,23.9,-83.2,35,2024-08-04 00:00:00,Tropical Storm (34-63 knots)
346,AL042024,DEBBY,TS,25.0,-83.8,40,2024-08-04 06:00:00,Tropical Storm (34-63 knots)
346,AL042024,DEBBY,TS,26.2,-84.3,50,2024-08-04 12:00:00,Tropical Storm (34-63 knots)
346,AL042024,DEBBY,TS,27.3,-84.3,60,2024-08-04 18:00:00,Tropical Storm (34-63 knots)
346,AL042024,DEBBY,HU,28.3,-84.1,70,2024-08-05 00:00:00,Hurricane (>64 knots)
346,AL042024,DEBBY,HU,29.1,-83.9,70,2024-08-05 06:00:00,Hurricane (>64 knots)
346,AL042024,DEBBY,HU,29.7,-83.5,70,2024-08-05 11:00:00,Hurricane (>64 knots)
346,AL042024,DEBBY,HU,29.9,-83.4,65,2024-08-05 12:00:00,Hurricane (>64 knots)
346,AL042024,DEBBY,TS,30.4,-83.0,50,2024-08-05 18:00:00,Tropical Storm (34-63 knots)
346,AL042024,DEBBY,TS,30.8,-82.3,45,2024-08-06 00:00:00,Tropical Storm (34-63 knots)
346,AL042024,DEBBY,TS,31.3,-81.8,45,2024-08-06 06:00:00,Tropical Storm (34-63 knots)
346,AL042024,DEBBY,TS,31.8,-81.4,40,2024-08-06 12:00:00,Tropical Storm (34-63 knots)
346,AL042024,DEBBY,TS,32.0,-81.1,40,2024-08-06 18:00:00,Tropical Storm (34-63 knots)
346,AL042024,DEBBY,SS,31.9,-80.4,40,2024-08-07 00:00:00,Subtropical Storm (>34 knots)
346,AL042024,DEBBY,SS,31.8,-79.7,45,2024-08-07 06:00:00,Subtropical Storm (>34 knots)
346,AL042024,DEBBY,SS,32.2,-79.3,50,2024-08-07 12:00:00,Subtropical Storm (>34 knots)
346,AL042024,DEBBY,SS,32.5,-79.2,50,2024-08-07 18:00:00,Subtropical Storm (>34 knots)
346,AL042024,DEBBY,SS,32.7,-79.4,45,2024-08-08 00:00:00,Subtropical Storm (>34 knots)
346,AL042024,DEBBY,SS,33.0,-79.6,40,2024-08-08 06:00:00,Subtropical Storm (>34 knots)
346,AL042024,DEBBY,SS,33.7,-80.0,40,2024-08-08 12:00:00,Subtropical Storm (>34 knots)
346,AL042024,DEBBY,SS,34.6,-80.3,40,2024-08-08 18:00:00,Subtropical Storm (>34 knots)
346,AL042024,DEBBY,EX,49.4,-64.7,35,2024-08-10 12:00:00,Extratropical Cyclone
346,AL042024,DEBBY,EX,50.0,-59.5,35,2024-08-10 18:00:00,Extratropical Cyclone
346,AL052024,ERNESTO,TS,15.9,-56.6,35,2024-08-12 18:00:00,Tropical Storm (34-63 knots)
346,AL052024,ERNESTO,TS,16.0,-58.6,35,2024-08-13 00:00:00,Tropical Storm (34-63 knots)
346,AL052024,ERNESTO,TS,16.1,-60.5,35,2024-08-13 06:00:00,Tropical Storm (34-63 knots)
346,AL052024,ERNESTO,TS,16.4,-61.4,35,2024-08-13 09:40:00,Tropical Storm (34-63 knots)
346,AL052024,ERNESTO,TS,16.6,-62.0,40,2024-08-13 12:00:00,Tropical Storm (34-63 knots)
346,AL052024,ERNESTO,TS,16.7,-62.2,40,2024-08-13 12:50:00,Tropical Storm (34-63 knots)
346,AL052024,ERNESTO,TS,17.6,-63.5,50,2024-08-13 18:00:00,Tropical Storm (34-63 knots)
346,AL052024,ERNESTO,TS,18.3,-64.7,55,2024-08-13 23:30:00,Tropical Storm (34-63 knots)
346,AL052024,ERNESTO,TS,18.4,-64.9,55,2024-08-14 00:00:00,Tropical Storm (34-63 knots)
347,AL032023,BRET,TS,11.1,-40.9,35,2023-06-19 18:00:00,Tropical Storm (34-63 knots)
347,AL032023,BRET,TS,11.3,-42.7,35,2023-06-20 00:00:00,Tropical Storm (34-63 knots)
347,AL032023,BRET,TS,11.5,-44.5,35,2023-06-20 06:00:00,Tropical Storm (34-63 knots)
347,AL032023,BRET,TS,11.7,-46.3,35,2023-06-20 12:00:00,Tropical Storm (34-63 knots)
347,AL032023,BRET,TS,12.0,-48.0,40,2023-06-20 18:00:00,Tropical Storm (34-63 knots)
347,AL032023,BRET,TS,12.4,-49.4,45,2023-06-21 00:00:00,Tropical Storm (34-63 knots)
347,AL032023,BRET,TS,12.7,-50.7,50,2023-06-21 06:00:00,Tropical Storm (34-63 knots)
347,AL032023,BRET,TS,13.0,-52.0,50,2023-06-21 12:00:00,Tropical Storm (34-63 knots)
347,AL032023,BRET,TS,13.3,-53.3,55,2023-06-21 18:00:00,Tropical Storm (34-63 knots)
347,AL032023,BRET,TS,13.4,-54.6,55,2023-06-22 00:00:00,Tropical Storm (34-63 knots)
347,AL032023,BRET,TS,13.5,-55.9,60,2023-06-22 06:00:00,Tropical Storm (34-63 knots)
347,AL032023,BRET,TS,13.5,-57.3,60,2023-06-22 12:00:00,Tropical Storm (34-63 knots)
347,AL032023,BRET,TS,13.4,-58.8,55,2023-06-22 18:00:00,Tropical Storm (34-63 knots)
347,AL032023,BRET,TS,13.3,-60.3,55,2023-06-23 00:00:00,Tropical Storm (34-63 knots)
347,AL032023,BRET,TS,13.3,-61.2,55,2023-06-23 03:15:00,Tropical Storm (34-63 knots)
347,AL032023,BRET,TS,13.3,-62.0,50,2023-06-23 06:00:00,Tropical Storm (34-63 knots)
347,AL032023,BRET,TS,13.2,-63.8,50,2023-06-23 12:00:00,Tropical Storm (34-63 knots)
347,AL032023,BRET,TS,13.1,-65.6,45,2023-06-23 18:00:00,Tropical Storm (34-63 knots)
347,AL032023,BRET,TS,13.0,-67.4,45,2023-06-24 00:00:00,Tropical Storm (34-63 knots)
347,AL032023,BRET,TS,13.0,-69.2,40,2023-06-24 06:00:00,Tropical Storm (34-63 knots)
347,AL032023,BRET,TS,13.0,-70.9,40,2023-06-24 12:00:00,Tropical Storm (34-63 knots)
347,AL042023,CINDY,TS,11.5,-44.8,35,2023-06-23 00:00:00,Tropical Storm (34-63 knots)
347,AL042023,CINDY,TS,11.8,-46.1,40,2023-06-23 06:00:00,Tropical Storm (34-63 knots)
347,AL042023,CINDY,TS,12.2,-47.5,45,2023-06-23 12:00:00,Tropical Storm (34-63 knots)
347,AL042023,CINDY,TS,12.8,-48.8,45,2023-06-23 18:00:00,Tropical Storm (34-63 knots)
347,AL042023,CINDY,TS,13.6,-50.0,45,2023-06-24 00:00:00,Tropical Storm (34-63 knots)
347,AL042023,CINDY,TS,14.6,-51.2,50,2023-06-24 06:00:00,Tropical Storm (34-63 knots)
347,AL042023,CINDY,TS,15.7,-52.5,50,2023-06-24 12:00:00,Tropical Storm (34-63 knots)
347,AL042023,CINDY,TS,16.8,-53.9,50,2023-06-24 18:00:00,Tropical Storm (34-63 knots)
347,AL042023,CINDY,TS,18.2,-55.2,45,2023-06-25 00:00:00,Tropical Storm (34-63 knots)
347,AL042023,CINDY,TS,19.4,-56.4,45,2023-06-25 06:00:00,Tropical Storm (34-63 knots)
347,AL042023,CINDY,TS,20.5,-57.6,40,2023-06-25 12:00:00,Tropical Storm (34-63 knots)
347,AL042023,CINDY,TS,21.6,-58.8,40,2023-06-25 18:00:00,Tropical Storm (34-63 knots)
347,AL042023,CINDY,TS,22.5,-59.9,35,2023-06-26 00:00:00,Tropical Storm (34-63 knots)
348,AL062024,FRANCINE,LO,21.4,-94.5,45,2024-09-08 18:00:00,Low (not tropical/subtropical/extratropical)
348,AL062024,FRANCINE,LO,22.0,-94.8,45,2024-09-09 00:00:00,Low (not tropical/subtropical/extratropical)
348,AL062024,FRANCINE,LO,22.7,-95.1,45,2024-09-09 06:00:00,Low (not tropical/subtropical/extratropical)
348,AL062024,FRANCINE,TS,23.2,-95.5,45,2024-09-09 12:00:00,Tropical Storm (34-63 knots)
348,AL062024,FRANCINE,TS,23.7,-95.9,50,2024-09-09 18:00:00,Tropical Storm (34-63 knots)
348,AL062024,FRANCINE,TS,23.9,-96.1,55,2024-09-10 00:00:00,Tropical Storm (34-63 knots)
348,AL062024,FRANCINE,TS,24.1,-96.2,55,2024-09-10 06:00:00,Tropical Storm (34-63 knots)
348,AL062024,FRANCINE,TS,24.5,-95.8,55,2024-09-10 12:00:00,Tropical Storm (34-63 knots)
348,AL062024,FRANCINE,TS,25.3,-95.3,55,2024-09-10 18:00:00,Tropical Storm (34-63 knots)
348,AL062024,FRANCINE,HU,26.0,-94.7,65,2024-09-11 00:00:00,Hurricane (>64 knots)
348,AL062024,FRANCINE,HU,26.6,-94.1,80,2024-09-11 06:00:00,Hurricane (>64 knots)
348,AL062024,FRANCINE,HU,27.5,-93.2,80,2024-09-11 12:00:00,Hurricane (>64 knots)
348,AL062024,FRANCINE,HU,28.6,-92.1,85,2024-09-11 18:00:00,Hurricane (>64 knots)
348,AL062024,FRANCINE,HU,29.3,-91.3,90,2024-09-11 22:00:00,Hurricane (>64 knots)
348,AL062024,FRANCINE,HU,29.6,-90.9,70,2024-09-12 00:00:00,Hurricane (>64 knots)
348,AL062024,FRANCINE,TS,30.5,-90.3,45,2024-09-12 06:00:00,Tropical Storm (34-63 knots)
350,AL152021,ODETTE,EX,41.8,-45.4,50,2021-09-21 06:00:00,Extratropical Cyclone
350,AL152021,ODETTE,EX,40.4,-43.8,45,2021-09-21 12:00:00,Extratropical Cyclone
350,AL152021,ODETTE,EX,39.9,-41.9,45,2021-09-21 18:00:00,Extratropical Cyclone
350,AL152021,ODETTE,EX,40.2,-40.1,45,2021-09-22 00:00:00,Extratropical Cyclone
350,AL152021,ODETTE,EX,41.3,-39.9,45,2021-09-22 06:00:00,Extratropical Cyclone
350,AL152021,ODETTE,EX,42.4,-40.2,45,2021-09-22 12:00:00,Extratropical Cyclone
350,AL152021,ODETTE,EX,43.5,-40.8,40,2021-09-22 18:00:00,Extratropical Cyclone
350,AL152021,ODETTE,EX,44.1,-41.2,40,2021-09-23 00:00:00,Extratropical Cyclone
350,AL152021,ODETTE,EX,44.2,-41.8,40,2021-09-23 06:00:00,Extratropical Cyclone
350,AL152021,ODETTE,EX,44.1,-42.4,40,2021-09-23 12:00:00,Extratropical Cyclone
350,AL152021,ODETTE,EX,43.8,-42.0,35,2021-09-23 18:00:00,Extratropical Cyclone
350,AL152021,ODETTE,EX,44.1,-41.4,35,2021-09-24 00:00:00,Extratropical Cyclone
350,AL152021,ODETTE,EX,44.1,-41.0,35,2021-09-24 06:00:00,Extratropical Cyclone
350,AL152021,ODETTE,EX,43.6,-40.5,35,2021-09-24 12:00:00,Extratropical Cyclone
350,AL152021,ODETTE,LO,42.7,-40.0,35,2021-09-24 18:00:00,Low (not tropical/subtropical/extratropical)
350,AL152021,ODETTE,LO,41.6,-39.4,35,2021-09-25 00:00:00,Low (not tropical/subtropical/extratropical)
350,AL152021,ODETTE,LO,40.3,-38.7,35,2021-09-25 06:00:00,Low (not tropical/subtropical/extratropical)
350,AL152021,ODETTE,LO,38.9,-38.0,35,2021-09-25 12:00:00,Low (not tropical/subtropical/extratropical)
350,AL152021,ODETTE,LO,37.3,-38.1,35,2021-09-25 18:00:00,Low (not tropical/subtropical/extratropical)
350,AL152021,ODETTE,LO,35.8,-38.6,35,2021-09-26 00:00:00,Low (not tropical/subtropical/extratropical)
350,AL162021,PETER,TS,19.6,-63.2,40,2021-09-21 06:00:00,Tropical Storm (34-63 knots)
350,AL162021,PETER,TS,19.8,-64.0,35,2021-09-21 12:00:00,Tropical Storm (34-63 knots)
350,AL172021,ROSE,TS,20.0,-36.1,40,2021-09-21 06:00:00,Tropical Storm (34-63 knots)
350,AL172021,ROSE,TS,21.1,-36.7,35,2021-09-21 12:00:00,Tropical Storm (34-63 knots)
350,AL172021,ROSE,TS,22.1,-37.3,35,2021-09-21 18:00:00,Tropical Storm (34-63 knots)
350,AL172021,ROSE,TS,22.7,-37.7,35,2021-09-22 00:00:00,Tropical Storm (34-63 knots)
350,AL182021,SAM,TS,10.4,-36.0,35,2021-09-23 06:00:00,Tropical Storm (34-63 knots)
350,AL182021,SAM,TS,10.7,-37.6,45,2021-09-23 12:00:00,Tropical Storm (34-63 knots)
350,AL182021,SAM,TS,10.9,-39.0,50,2021-09-23 18:00:00,Tropical Storm (34-63 knots)
350,AL182021,SAM,TS,11.1,-40.3,60,2021-09-24 00:00:00,Tropical Storm (34-63 knots)
350,AL182021,SAM,HU,11.4,-41.6,65,2021-09-24 06:00:00,Hurricane (>64 knots)
350,AL182021,SAM,HU,11.6,-43.0,65,2021-09-24 12:00:00,Hurricane (>64 knots)
350,AL182021,SAM,HU,11.9,-44.3,70,2021-09-24 18:00:00,Hurricane (>64 knots)
350,AL182021,SAM,HU,12.3,-45.4,85,2021-09-25 00:00:00,Hurricane (>64 knots)
350,AL182021,SAM,HU,12.6,-46.3,95,2021-09-25 06:00:00,Hurricane (>64 knots)
350,AL182021,SAM,HU,12.8,-47.2,105,2021-09-25 12:00:00,Hurricane (>64 knots)
350,AL182021,SAM,HU,13.1,-48.1,115,2021-09-25 18:00:00,Hurricane (>64 knots)
350,AL182021,SAM,HU,13.4,-48.8,130,2021-09-26 00:00:00,Hurricane (>64 knots)
350,AL182021,SAM,HU,13.6,-49.4,130,2021-09-26 06:00:00,Hurricane (>64 knots)
350,AL182021,SAM,HU,13.8,-50.0,130,2021-09-26 12:00:00,Hurricane (>64 knots)
350,AL182021,SAM,HU,14.1,-50.3,135,2021-09-26 18:00:00,Hurricane (>64 knots)
350,AL182021,SAM,HU,14.5,-50.6,130,2021-09-27 00:00:00,Hurricane (>64 knots)
350,AL182021,SAM,HU,15.0,-51.1,115,2021-09-27 06:00:00,Hurricane (>64 knots)
350,AL182021,SAM,HU,15.4,-51.7,105,2021-09-27 12:00:00,Hurricane (>64 knots)
350,AL182021,SAM,HU,15.9,-52.3,105,2021-09-27 18:00:00,Hurricane (>64 knots)
350,AL182021,SAM,HU,16.5,-52.9,105,2021-09-28 00:00:00,Hurricane (>64 knots)
350,AL182021,SAM,HU,16.9,-53.5,115,2021-09-28 06:00:00,Hurricane (>64 knots)
350,AL182021,SAM,HU,17.3,-54.1,115,2021-09-28 12:00:00,Hurricane (>64 knots)
350,AL182021,SAM,HU,17.7,-54.7,115,2021-09-28 18:00:00,Hurricane (>64 knots)
350,AL182021,SAM,HU,18.1,-55.3,115,2021-09-29 00:00:00,Hurricane (>64 knots)
350,AL182021,SAM,HU,18.6,-55.9,115,2021-09-29 06:00:00,Hurricane (>64 knots)
350,AL182021,SAM,HU,19.1,-56.6,115,2021-09-29 12:00:00,Hurricane (>64 knots)
350,AL182021,SAM,HU,19.7,-57.3,115,2021-09-29 18:00:00,Hurricane (>64 knots)
350,AL182021,SAM,HU,20.3,-58.0,125,2021-09-30 00:00:00,Hurricane (>64 knots)
350,AL182021,SAM,HU,21.0,-58.8,125,2021-09-30 06:00:00,Hurricane (>64 knots)
350,AL182021,SAM,HU,22.0,-59.6,125,2021-09-30 12:00:00,Hurricane (>64 knots)
350,AL182021,SAM,HU,23.0,-60.4,125,2021-09-30 18:00:00,Hurricane (>64 knots)
350,AL182021,SAM,HU,24.3,-61.0,125,2021-10-01 00:00:00,Hurricane (>64 knots)
350,AL182021,SAM,HU,25.8,-61.6,130,2021-10-01 06:00:00,Hurricane (>64 knots)
350,AL182021,SAM,HU,27.4,-61.9,130,2021-10-01 12:00:00,Hurricane (>64 knots)
350,AL182021,SAM,HU,29.2,-61.9,130,2021-10-01 18:00:00,Hurricane (>64 knots)
350,AL182021,SAM,HU,30.8,-61.5,125,2021-10-02 00:00:00,Hurricane (>64 knots)
350,AL182021,SAM,HU,32.1,-61.0,120,2021-10-02 06:00:00,Hurricane (>64 knots)
350,AL182021,SAM,HU,33.4,-60.1,115,2021-10-02 12:00:00,Hurricane (>64 knots)
350,AL182021,SAM,HU,34.7,-59.1,110,2021-10-02 18:00:00,Hurricane (>64 knots)
350,AL182021,SAM,HU,35.8,-57.9,100,2021-10-03 00:00:00,Hurricane (>64 knots)
350,AL182021,SAM,HU,36.7,-56.6,90,2021-10-03 06:00:00,Hurricane (>64 knots)
350,AL182021,SAM,HU,37.3,-55.4,85,2021-10-03 12:00:00,Hurricane (>64 knots)
350,AL182021,SAM,HU,38.0,-53.9,85,2021-10-03 18:00:00,Hurricane (>64 knots)
350,AL182021,SAM,HU,38.7,-52.2,90,2021-10-04 00:00:00,Hurricane (>64 knots)
350,AL182021,SAM,HU,39.9,-49.9,90,2021-10-04 06:00:00,Hurricane (>64 knots)
350,AL182021,SAM,HU,41.4,-47.1,85,2021-10-04 12:00:00,Hurricane (>64 knots)
350,AL182021,SAM,HU,43.8,-43.6,80,2021-10-04 18:00:00,Hurricane (>64 knots)
350,AL182021,SAM,HU,46.5,-40.5,75,2021-10-05 00:00:00,Hurricane (>64 knots)
350,AL182021,SAM,EX,49.4,-39.7,70,2021-10-05 06:00:00,Extratropical Cyclone
350,AL182021,SAM,EX,52.2,-39.6,65,2021-10-05 12:00:00,Extratropical Cyclone
350,AL182021,SAM,EX,50.6,-42.1,65,2021-10-05 18:00:00,Extratropical Cyclone
350,AL182021,SAM,EX,49.9,-38.9,60,2021-10-06 00:00:00,Extratropical Cyclone
350,AL182021,SAM,EX,50.5,-35.5,55,2021-10-06 06:00:00,Extratropical Cyclone
350,AL192021,TERESA,SS,32.8,-62.9,35,2021-09-24 12:00:00,Subtropical Storm (>34 knots)
350,AL192021,TERESA,SS,33.6,-64.1,40,2021-09-24 18:00:00,Subtropical Storm (>34 knots)
350,AL192021,TERESA,SS,34.1,-65.0,40,2021-09-25 00:00:00,Subtropical Storm (>34 knots)
350,AL192021,TERESA,SS,34.3,-65.5,35,2021-09-25 06:00:00,Subtropical Storm (>34 knots)
350,AL202021,VICTOR,TS,8.1,-25.1,35,2021-09-29 18:00:00,Tropical Storm (34-63 knots)
350,AL202021,VICTOR,TS,8.3,-26.0,35,2021-09-30 00:00:00,Tropical Storm (34-63 knots)
350,AL202021,VICTOR,TS,8.7,-27.1,40,2021-09-30 06:00:00,Tropical Storm (34-63 knots)
350,AL202021,VICTOR,TS,9.2,-28.4,40,2021-09-30 12:00:00,Tropical Storm (34-63 knots)
350,AL202021,VICTOR,TS,9.8,-29.5,45,2021-09-30 18:00:00,Tropical Storm (34-63 knots)
350,AL202021,VICTOR,TS,10.5,-30.6,50,2021-10-01 00:00:00,Tropical Storm (34-63 knots)
350,AL202021,VICTOR,TS,11.0,-31.8,50,2021-10-01 06:00:00,Tropical Storm (34-63 knots)
350,AL202021,VICTOR,TS,11.4,-33.0,55,2021-10-01 12:00:00,Tropical Storm (34-63 knots)
350,AL202021,VICTOR,TS,11.8,-33.9,55,2021-10-01 18:00:00,Tropical Storm (34-63 knots)
350,AL202021,VICTOR,TS,12.1,-34.9,50,2021-10-02 00:00:00,Tropical Storm (34-63 knots)
350,AL202021,VICTOR,TS,12.5,-35.8,45,2021-10-02 06:00:00,Tropical Storm (34-63 knots)
350,AL202021,VICTOR,TS,12.7,-36.7,35,2021-10-02 12:00:00,Tropical Storm (34-63 knots)
351,AL062024,FRANCINE,LO,21.4,-94.5,45,2024-09-08 18:00:00,Low (not tropical/subtropical/extratropical)
351,AL062024,FRANCINE,LO,22.0,-94.8,45,2024-09-09 00:00:00,Low (not tropical/subtropical/extratropical)
351,AL062024,FRANCINE,LO,22.7,-95.1,45,2024-09-09 06:00:00,Low (not tropical/subtropical/extratropical)
351,AL062024,FRANCINE,TS,23.2,-95.5,45,2024-09-09 12:00:00,Tropical Storm (34-63 knots)
351,AL062024,FRANCINE,TS,23.7,-95.9,50,2024-09-09 18:00:00,Tropical Storm (34-63 knots)
351,AL062024,FRANCINE,TS,23.9,-96.1,55,2024-09-10 00:00:00,Tropical Storm (34-63 knots)
351,AL062024,FRANCINE,TS,24.1,-96.2,55,2024-09-10 06:00:00,Tropical Storm (34-63 knots)
351,AL062024,FRANCINE,TS,24.5,-95.8,55,2024-09-10 12:00:00,Tropical Storm (34-63 knots)
351,AL062024,FRANCINE,TS,25.3,-95.3,55,2024-09-10 18:00:00,Tropical Storm (34-63 knots)
351,AL062024,FRANCINE,HU,26.0,-94.7,65,2024-09-11 00:00:00,Hurricane (>64 knots)
351,AL062024,FRANCINE,HU,26.6,-94.1,80,2024-09-11 06:00:00,Hurricane (>64 knots)
351,AL062024,FRANCINE,HU,27.5,-93.2,80,2024-09-11 12:00:00,Hurricane (>64 knots)
351,AL062024,FRANCINE,HU,28.6,-92.1,85,2024-09-11 18:00:00,Hurricane (>64 knots)
351,AL062024,FRANCINE,HU,29.3,-91.3,90,2024-09-11 22:00:00,Hurricane (>64 knots)
351,AL062024,FRANCINE,HU,29.6,-90.9,70,2024-09-12 00:00:00,Hurricane (>64 knots)
351,AL062024,FRANCINE,TS,30.5,-90.3,45,2024-09-12 06:00:00,Tropical Storm (34-63 knots)
351,AL072024,GORDON,TS,19.3,-38.3,35,2024-09-13 12:00:00,Tropical Storm (34-63 knots)
351,AL072024,GORDON,TS,19.7,-39.1,35,2024-09-13 18:00:00,Tropical Storm (34-63 knots)
351,AL072024,GORDON,TS,19.9,-39.8,40,2024-09-14 00:00:00,Tropical Storm (34-63 knots)
351,AL072024,GORDON,TS,20.0,-40.5,40,2024-09-14 06:00:00,Tropical Storm (34-63 knots)
351,AL072024,GORDON,TS,20.1,-41.3,40,2024-09-14 12:00:00,Tropical Storm (34-63 knots)
351,AL072024,GORDON,TS,20.3,-42.4,40,2024-09-14 18:00:00,Tropical Storm (34-63 knots)
351,AL072024,GORDON,TS,19.8,-43.6,35,2024-09-15 00:00:00,Tropical Storm (34-63 knots)
351,AL072024,GORDON,TS,19.5,-44.4,35,2024-09-15 06:00:00,Tropical Storm (34-63 knots)
351,AL072024,GORDON,TS,19.3,-45.1,35,2024-09-15 12:00:00,Tropical Storm (34-63 knots)
353,AL152022,LISA,HU,17.1,-86.7,70,2022-11-02 12:00:00,Hurricane (>64 knots)
353,AL152022,LISA,HU,17.3,-87.7,75,2022-11-02 18:00:00,Hurricane (>64 knots)
353,AL152022,LISA,HU,17.4,-88.3,80,2022-11-02 21:30:00,Hurricane (>64 knots)
353,AL152022,LISA,HU,17.5,-88.6,65,2022-11-03 00:00:00,Hurricane (>64 knots)
353,AL152022,LISA,TS,17.7,-89.6,45,2022-11-03 06:00:00,Tropical Storm (34-63 knots)
353,AL162022,MARTIN,HU,35.1,-50.9,65,2022-11-02 12:00:00,Hurricane (>64 knots)
353,AL162022,MARTIN,HU,36.1,-48.9,75,2022-11-02 18:00:00,Hurricane (>64 knots)
353,AL162022,MARTIN,HU,38.0,-46.4,75,2022-11-03 00:00:00,Hurricane (>64 knots)
353,AL162022,MARTIN,HU,40.3,-43.6,75,2022-11-03 06:00:00,Hurricane (>64 knots)
353,AL162022,MARTIN,EX,43.7,-38.8,75,2022-11-03 12:00:00,Extratropical Cyclone
353,AL162022,MARTIN,EX,49.0,-35.3,75,2022-11-03 18:00:00,Extratropical Cyclone
353,AL162022,MARTIN,EX,52.7,-38.0,70,2022-11-04 00:00:00,Extratropical Cyclone
353,AL162022,MARTIN,EX,54.7,-37.7,65,2022-11-04 06:00:00,Extratropical Cyclone
353,AL162022,MARTIN,EX,55.8,-37.2,60,2022-11-04 12:00:00,Extratropical Cyclone
353,AL162022,MARTIN,EX,56.5,-36.5,55,2022-11-04 18:00:00,Extratropical Cyclone
353,AL172022,NICOLE,LO,22.4,-66.8,35,2022-11-06 18:00:00,Low (not tropical/subtropical/extratropical)
353,AL172022,NICOLE,LO,23.9,-67.5,35,2022-11-07 00:00:00,Low (not tropical/subtropical/extratropical)
353,AL172022,NICOLE,SS,25.2,-68.2,40,2022-11-07 06:00:00,Subtropical Storm (>34 knots)
353,AL172022,NICOLE,SS,25.9,-69.3,40,2022-11-07 12:00:00,Subtropical Storm (>34 knots)
353,AL172022,NICOLE,SS,26.4,-70.3,40,2022-11-07 18:00:00,Subtropical Storm (>34 knots)
353,AL172022,NICOLE,SS,26.8,-70.7,40,2022-11-08 00:00:00,Subtropical Storm (>34 knots)
353,AL172022,NICOLE,SS,27.5,-71.2,40,2022-11-08 06:00:00,Subtropical Storm (>34 knots)
353,AL172022,NICOLE,SS,27.7,-72.1,45,2022-11-08 12:00:00,Subtropical Storm (>34 knots)
353,AL172022,NICOLE,TS,27.6,-73.3,50,2022-11-08 18:00:00,Tropical Storm (34-63 knots)
353,AL172022,NICOLE,TS,27.2,-74.3,60,2022-11-09 00:00:00,Tropical Storm (34-63 knots)
353,AL172022,NICOLE,TS,26.8,-75.3,60,2022-11-09 06:00:00,Tropical Storm (34-63 knots)
353,AL172022,NICOLE,TS,26.5,-76.2,55,2022-11-09 12:00:00,Tropical Storm (34-63 knots)
353,AL172022,NICOLE,TS,26.5,-77.1,60,2022-11-09 17:00:00,Tropical Storm (34-63 knots)
353,AL172022,NICOLE,TS,26.5,-77.3,60,2022-11-09 18:00:00,Tropical Storm (34-63 knots)
353,AL172022,NICOLE,HU,26.6,-78.2,65,2022-11-09 23:00:00,Hurricane (>64 knots)
353,AL172022,NICOLE,HU,26.7,-78.4,65,2022-11-10 00:00:00,Hurricane (>64 knots)
353,AL172022,NICOLE,HU,27.3,-79.8,65,2022-11-10 06:00:00,Hurricane (>64 knots)
353,AL172022,NICOLE,HU,27.6,-80.3,65,2022-11-10 07:45:00,Hurricane (>64 knots)
353,AL172022,NICOLE,TS,28.0,-81.6,55,2022-11-10 12:00:00,Tropical Storm (34-63 knots)
353,AL172022,NICOLE,TS,29.0,-82.8,40,2022-11-10 18:00:00,Tropical Storm (34-63 knots)
353,AL172022,NICOLE,TS,29.2,-83.0,40,2022-11-10 19:00:00,Tropical Storm (34-63 knots)
353,AL172022,NICOLE,TS,30.1,-84.0,35,2022-11-11 00:00:00,Tropical Storm (34-63 knots)
354,AL092021,IDA,TS,17.4,-79.5,35,2021-08-26 18:00:00,Tropical Storm (34-63 knots)
354,AL092021,IDA,TS,18.3,-80.2,40,2021-08-27 00:00:00,Tropical Storm (34-63 knots)
354,AL092021,IDA,TS,19.4,-80.9,45,2021-08-27 06:00:00,Tropical Storm (34-63 knots)
354,AL092021,IDA,TS,20.4,-81.7,55,2021-08-27 12:00:00,Tropical Storm (34-63 knots)
354,AL092021,IDA,HU,21.5,-82.6,70,2021-08-27 18:00:00,Hurricane (>64 knots)
354,AL092021,IDA,HU,22.4,-83.2,70,2021-08-27 23:25:00,Hurricane (>64 knots)
354,AL092021,IDA,HU,22.6,-83.5,70,2021-08-28 00:00:00,Hurricane (>64 knots)
354,AL092021,IDA,HU,23.5,-84.7,70,2021-08-28 06:00:00,Hurricane (>64 knots)
354,AL092021,IDA,HU,24.4,-85.7,70,2021-08-28 12:00:00,Hurricane (>64 knots)
354,AL092021,IDA,HU,25.6,-86.6,80,2021-08-28 18:00:00,Hurricane (>64 knots)
354,AL092021,IDA,HU,26.7,-87.6,90,2021-08-29 00:00:00,Hurricane (>64 knots)
354,AL092021,IDA,HU,27.6,-88.7,115,2021-08-29 06:00:00,Hurricane (>64 knots)
354,AL092021,IDA,HU,28.5,-89.6,130,2021-08-29 12:00:00,Hurricane (>64 knots)
354,AL092021,IDA,HU,29.1,-90.2,130,2021-08-29 16:55:00,Hurricane (>64 knots)
354,AL092021,IDA,HU,29.2,-90.4,125,2021-08-29 18:00:00,Hurricane (>64 knots)
354,AL092021,IDA,HU,29.9,-90.6,105,2021-08-30 00:00:00,Hurricane (>64 knots)
354,AL092021,IDA,HU,30.6,-90.8,65,2021-08-30 06:00:00,Hurricane (>64 knots)
354,AL092021,IDA,TS,31.5,-90.9,40,2021-08-30 12:00:00,Tropical Storm (34-63 knots)
354,AL092021,IDA,TS,32.2,-90.5,35,2021-08-30 18:00:00,Tropical Storm (34-63 knots)
354,AL092021,IDA,EX,39.8,-75.6,35,2021-09-02 00:00:00,Extratropical Cyclone
354,AL092021,IDA,EX,40.6,-72.8,40,2021-09-02 06:00:00,Extratropical Cyclone
354,AL092021,IDA,EX,41.4,-69.7,40,2021-09-02 12:00:00,Extratropical Cyclone
354,AL092021,IDA,EX,43.3,-67.2,40,2021-09-02 18:00:00,Extratropical Cyclone
354,AL092021,IDA,EX,45.4,-64.7,40,2021-09-03 00:00:00,Extratropical Cyclone
354,AL092021,IDA,EX,46.6,-63.6,45,2021-09-03 06:00:00,Extratropical Cyclone
354,AL092021,IDA,EX,47.5,-62.7,45,2021-09-03 12:00:00,Extratropical Cyclone
354,AL092021,IDA,EX,48.6,-62.4,45,2021-09-03 18:00:00,Extratropical Cyclone
354,AL092021,IDA,EX,48.8,-63.1,45,2021-09-04 00:00:00,Extratropical Cyclone
354,AL092021,IDA,EX,48.7,-63.9,40,2021-09-04 06:00:00,Extratropical Cyclone
354,AL092021,IDA,EX,47.6,-63.9,35,2021-09-04 12:00:00,Extratropical Cyclone
354,AL102021,KATE,TS,20.5,-50.6,35,2021-08-30 06:00:00,Tropical Storm (34-63 knots)
354,AL102021,KATE,TS,21.3,-50.8,40,2021-08-30 12:00:00,Tropical Storm (34-63 knots)
354,AL102021,KATE,TS,22.1,-50.9,35,2021-08-30 18:00:00,Tropical Storm (34-63 knots)
354,AL102021,KATE,TS,22.6,-50.9,35,2021-08-31 00:00:00,Tropical Storm (34-63 knots)
354,AL102021,KATE,TS,22.8,-50.9,35,2021-08-31 06:00:00,Tropical Storm (34-63 knots)
354,AL112021,JULIAN,TS,33.5,-49.3,35,2021-08-29 06:00:00,Tropical Storm (34-63 knots)
354,AL112021,JULIAN,TS,34.5,-47.8,45,2021-08-29 12:00:00,Tropical Storm (34-63 knots)
354,AL112021,JULIAN,TS,35.9,-45.7,50,2021-08-29 18:00:00,Tropical Storm (34-63 knots)
354,AL112021,JULIAN,TS,37.1,-42.6,50,2021-08-30 00:00:00,Tropical Storm (34-63 knots)
354,AL112021,JULIAN,TS,38.9,-40.0,50,2021-08-30 06:00:00,Tropical Storm (34-63 knots)
354,AL112021,JULIAN,EX,40.6,-37.9,50,2021-08-30 12:00:00,Extratropical Cyclone
354,AL112021,JULIAN,EX,42.5,-36.0,45,2021-08-30 18:00:00,Extratropical Cyclone
354,AL112021,JULIAN,EX,44.8,-35.1,45,2021-08-31 00:00:00,Extratropical Cyclone
354,AL112021,JULIAN,EX,47.5,-34.5,45,2021-08-31 06:00:00,Extratropical Cyclone
354,AL112021,JULIAN,EX,50.5,-35.5,45,2021-08-31 12:00:00,Extratropical Cyclone
354,AL122021,LARRY,TS,11.9,-22.5,35,2021-09-01 00:00:00,Tropical Storm (34-63 knots)
354,AL122021,LARRY,TS,12.2,-24.5,40,2021-09-01 06:00:00,Tropical Storm (34-63 knots)
354,AL122021,LARRY,TS,12.4,-26.5,45,2021-09-01 12:00:00,Tropical Storm (34-63 knots)
354,AL122021,LARRY,TS,12.5,-28.4,55,2021-09-01 18:00:00,Tropical Storm (34-63 knots)
354,AL122021,LARRY,TS,12.7,-30.0,60,2021-09-02 00:00:00,Tropical Storm (34-63 knots)
354,AL122021,LARRY,HU,13.0,-31.6,65,2021-09-02 06:00:00,Hurricane (>64 knots)
354,AL122021,LARRY,HU,13.3,-33.3,70,2021-09-02 12:00:00,Hurricane (>64 knots)
354,AL122021,LARRY,HU,13.6,-35.0,70,2021-09-02 18:00:00,Hurricane (>64 knots)
354,AL122021,LARRY,HU,13.9,-36.7,75,2021-09-03 00:00:00,Hurricane (>64 knots)
354,AL122021,LARRY,HU,14.1,-38.4,80,2021-09-03 06:00:00,Hurricane (>64 knots)
354,AL122021,LARRY,HU,14.4,-40.0,80,2021-09-03 12:00:00,Hurricane (>64 knots)
354,AL122021,LARRY,HU,14.7,-41.4,90,2021-09-03 18:00:00,Hurricane (>64 knots)
354,AL122021,LARRY,HU,15.2,-42.7,100,2021-09-04 00:00:00,Hurricane (>64 knots)
354,AL122021,LARRY,HU,15.8,-44.0,110,2021-09-04 06:00:00,Hurricane (>64 knots)
354,AL122021,LARRY,HU,16.4,-45.3,110,2021-09-04 12:00:00,Hurricane (>64 knots)
355,AL212021,WANDA,EX,32.5,-76.3,35,2021-10-25 18:00:00,Extratropical Cyclone
355,AL212021,WANDA,EX,34.2,-74.1,45,2021-10-26 00:00:00,Extratropical Cyclone
355,AL212021,WANDA,EX,35.9,-71.3,45,2021-10-26 06:00:00,Extratropical Cyclone
355,AL212021,WANDA,EX,37.7,-69.1,50,2021-10-26 12:00:00,Extratropical Cyclone
355,AL212021,WANDA,EX,39.5,-68.2,55,2021-10-26 18:00:00,Extratropical Cyclone
355,AL212021,WANDA,EX,40.8,-67.6,60,2021-10-27 00:00:00,Extratropical Cyclone
355,AL212021,WANDA,EX,41.4,-69.4,60,2021-10-27 06:00:00,Extratropical Cyclone
355,AL212021,WANDA,EX,39.9,-70.1,55,2021-10-27 12:00:00,Extratropical Cyclone
355,AL212021,WANDA,EX,38.7,-68.5,50,2021-10-27 18:00:00,Extratropical Cyclone
355,AL212021,WANDA,EX,39.0,-65.9,45,2021-10-28 00:00:00,Extratropical Cyclone
355,AL212021,WANDA,EX,39.4,-63.9,45,2021-10-28 06:00:00,Extratropical Cyclone
355,AL212021,WANDA,EX,39.8,-61.9,45,2021-10-28 12:00:00,Extratropical Cyclone
355,AL212021,WANDA,EX,40.2,-59.8,45,2021-10-28 18:00:00,Extratropical Cyclone
355,AL212021,WANDA,EX,40.6,-58.1,45,2021-10-29 00:00:00,Extratropical Cyclone
355,AL212021,WANDA,EX,40.7,-56.8,45,2021-10-29 06:00:00,Extratropical Cyclone
355,AL212021,WANDA,EX,40.6,-55.5,45,2021-10-29 12:00:00,Extratropical Cyclone
355,AL212021,WANDA,EX,40.4,-54.0,45,2021-10-29 18:00:00,Extratropical Cyclone
355,AL212021,WANDA,EX,40.1,-52.4,45,2021-10-30 00:00:00,Extratropical Cyclone
355,AL212021,WANDA,EX,39.4,-51.2,40,2021-10-30 06:00:00,Extratropical Cyclone
355,AL212021,WANDA,SS,38.5,-49.6,40,2021-10-30 12:00:00,Subtropical Storm (>34 knots)
355,AL212021,WANDA,SS,37.5,-47.8,40,2021-10-30 18:00:00,Subtropical Storm (>34 knots)
355,AL212021,WANDA,SS,36.5,-46.0,45,2021-10-31 00:00:00,Subtropical Storm (>34 knots)
355,AL212021,WANDA,SS,36.6,-44.2,50,2021-10-31 06:00:00,Subtropical Storm (>34 knots)
355,AL212021,WANDA,SS,36.5,-43.4,50,2021-10-31 12:00:00,Subtropical Storm (>34 knots)
356,AL212021,WANDA,EX,32.5,-76.3,35,2021-10-25 18:00:00,Extratropical Cyclone
356,AL212021,WANDA,EX,34.2,-74.1,45,2021-10-26 00:00:00,Extratropical Cyclone
356,AL212021,WANDA,EX,35.9,-71.3,45,2021-10-26 06:00:00,Extratropical Cyclone
356,AL212021,WANDA,EX,37.7,-69.1,50,2021-10-26 12:00:00,Extratropical Cyclone
356,AL212021,WANDA,EX,39.5,-68.2,55,2021-10-26 18:00:00,Extratropical Cyclone
356,AL212021,WANDA,EX,40.8,-67.6,60,2021-10-27 00:00:00,Extratropical Cyclone
356,AL212021,WANDA,EX,41.4,-69.4,60,2021-10-27 06:00:00,Extratropical Cyclone
356,AL212021,WANDA,EX,39.9,-70.1,55,2021-10-27 12:00:00,Extratropical Cyclone
356,AL212021,WANDA,EX,38.7,-68.5,50,2021-10-27 18:00:00,Extratropical Cyclone
356,AL212021,WANDA,EX,39.0,-65.9,45,2021-10-28 00:00:00,Extratropical Cyclone
356,AL212021,WANDA,EX,39.4,-63.9,45,2021-10-28 06:00:00,Extratropical Cyclone
356,AL212021,WANDA,EX,39.8,-61.9,45,2021-10-28 12:00:00,Extratropical Cyclone
356,AL212021,WANDA,EX,40.2,-59.8,45,2021-10-28 18:00:00,Extratropical Cyclone
356,AL212021,WANDA,EX,40.6,-58.1,45,2021-10-29 00:00:00,Extratropical Cyclone
356,AL212021,WANDA,EX,40.7,-56.8,45,2021-10-29 06:00:00,Extratropical Cyclone
356,AL212021,WANDA,EX,40.6,-55.5,45,2021-10-29 12:00:00,Extratropical Cyclone
356,AL212021,WANDA,EX,40.4,-54.0,45,2021-10-29 18:00:00,Extratropical Cyclone
356,AL212021,WANDA,EX,40.1,-52.4,45,2021-10-30 00:00:00,Extratropical Cyclone
356,AL212021,WANDA,EX,39.4,-51.2,40,2021-10-30 06:00:00,Extratropical Cyclone
356,AL212021,WANDA,SS,38.5,-49.6,40,2021-10-30 12:00:00,Subtropical Storm (>34 knots)
356,AL212021,WANDA,SS,37.5,-47.8,40,2021-10-30 18:00:00,Subtropical Storm (>34 knots)
359,AL072022,FIONA,HU,32.5,-67.5,115,2022-09-23 06:00:00,Hurricane (>64 knots)
359,AL072022,FIONA,HU,34.3,-65.0,115,2022-09-23 12:00:00,Hurricane (>64 knots)
359,AL072022,FIONA,HU,37.8,-61.7,110,2022-09-23 18:00:00,Hurricane (>64 knots)
359,AL072022,FIONA,EX,42.3,-60.7,100,2022-09-24 00:00:00,Extratropical Cyclone
359,AL072022,FIONA,EX,45.0,-61.2,85,2022-09-24 06:00:00,Extratropical Cyclone
359,AL072022,FIONA,EX,45.2,-61.2,85,2022-09-24 07:00:00,Extratropical Cyclone
359,AL072022,FIONA,EX,46.8,-61.2,75,2022-09-24 12:00:00,Extratropical Cyclone
359,AL072022,FIONA,EX,47.9,-60.8,65,2022-09-24 18:00:00,Extratropical Cyclone
359,AL072022,FIONA,EX,48.8,-59.8,60,2022-09-25 00:00:00,Extratropical Cyclone
359,AL072022,FIONA,EX,50.6,-58.6,50,2022-09-25 06:00:00,Extratropical Cyclone
359,AL072022,FIONA,EX,51.3,-58.3,45,2022-09-25 08:00:00,Extratropical Cyclone
359,AL072022,FIONA,EX,53.1,-57.5,45,2022-09-25 12:00:00,Extratropical Cyclone
359,AL072022,FIONA,EX,55.5,-58.0,40,2022-09-25 18:00:00,Extratropical Cyclone
359,AL072022,FIONA,EX,57.5,-59.0,35,2022-09-26 00:00:00,Extratropical Cyclone
359,AL072022,FIONA,EX,58.5,-59.0,35,2022-09-26 06:00:00,Extratropical Cyclone
359,AL072022,FIONA,EX,59.5,-59.0,35,2022-09-26 12:00:00,Extratropical Cyclone
359,AL072022,FIONA,EX,60.5,-58.5,35,2022-09-26 18:00:00,Extratropical Cyclone
359,AL072022,FIONA,EX,61.5,-58.0,35,2022-09-27 00:00:00,Extratropical Cyclone
359,AL072022,FIONA,EX,62.5,-57.0,35,2022-09-27 06:00:00,Extratropical Cyclone
359,AL072022,FIONA,EX,63.3,-55.0,35,2022-09-27 12:00:00,Extratropical Cyclone
359,AL082022,GASTON,TS,40.9,-30.1,55,2022-09-23 06:00:00,Tropical Storm (34-63 knots)
359,AL082022,GASTON,TS,40.5,-29.2,55,2022-09-23 12:00:00,Tropical Storm (34-63 knots)
359,AL082022,GASTON,TS,39.8,-28.8,50,2022-09-23 18:00:00,Tropical Storm (34-63 knots)
359,AL082022,GASTON,TS,39.1,-29.2,45,2022-09-24 00:00:00,Tropical Storm (34-63 knots)
359,AL082022,GASTON,TS,38.7,-29.7,45,2022-09-24 06:00:00,Tropical Storm (34-63 knots)
359,AL082022,GASTON,TS,38.2,-30.4,40,2022-09-24 12:00:00,Tropical Storm (34-63 knots)
359,AL082022,GASTON,TS,38.0,-31.4,45,2022-09-24 18:00:00,Tropical Storm (34-63 knots)
359,AL082022,GASTON,TS,38.4,-32.7,45,2022-09-25 00:00:00,Tropical Storm (34-63 knots)
359,AL082022,GASTON,TS,38.9,-34.1,45,2022-09-25 06:00:00,Tropical Storm (34-63 knots)
359,AL082022,GASTON,TS,39.4,-35.7,45,2022-09-25 12:00:00,Tropical Storm (34-63 knots)
359,AL082022,GASTON,TS,39.2,-37.0,40,2022-09-25 18:00:00,Tropical Storm (34-63 knots)
359,AL082022,GASTON,LO,38.8,-37.7,35,2022-09-26 00:00:00,Low (not tropical/subtropical/extratropical)
359,AL082022,GASTON,LO,38.5,-38.5,35,2022-09-26 06:00:00,Low (not tropical/subtropical/extratropical)
359,AL092022,IAN,TS,14.7,-71.7,35,2022-09-24 00:00:00,Tropical Storm (34-63 knots)
359,AL092022,IAN,TS,14.7,-72.9,35,2022-09-24 06:00:00,Tropical Storm (34-63 knots)
359,AL092022,IAN,TS,14.5,-74.4,40,2022-09-24 12:00:00,Tropical Storm (34-63 knots)
359,AL092022,IAN,TS,14.4,-75.8,40,2022-09-24 18:00:00,Tropical Storm (34-63 knots)
359,AL092022,IAN,TS,14.6,-77.2,40,2022-09-25 00:00:00,Tropical Storm (34-63 knots)
359,AL092022,IAN,TS,14.6,-78.3,40,2022-09-25 06:00:00,Tropical Storm (34-63 knots)
359,AL092022,IAN,TS,15.0,-79.4,40,2022-09-25 12:00:00,Tropical Storm (34-63 knots)
359,AL092022,IAN,TS,15.8,-80.1,40,2022-09-25 18:00:00,Tropical Storm (34-63 knots)
359,AL092022,IAN,TS,16.8,-80.9,50,2022-09-26 00:00:00,Tropical Storm (34-63 knots)
359,AL092022,IAN,HU,17.7,-81.7,65,2022-09-26 06:00:00,Hurricane (>64 knots)
359,AL092022,IAN,HU,18.7,-82.4,70,2022-09-26 12:00:00,Hurricane (>64 knots)
359,AL092022,IAN,HU,19.7,-83.0,80,2022-09-26 18:00:00,Hurricane (>64 knots)
359,AL092022,IAN,HU,20.8,-83.3,85,2022-09-27 00:00:00,Hurricane (>64 knots)
359,AL092022,IAN,HU,21.8,-83.6,100,2022-09-27 06:00:00,Hurricane (>64 knots)
359,AL092022,IAN,HU,22.2,-83.7,110,2022-09-27 08:30:00,Hurricane (>64 knots)
359,AL092022,IAN,HU,22.6,-83.6,100,2022-09-27 12:00:00,Hurricane (>64 knots)
359,AL092022,IAN,HU,23.5,-83.3,105,2022-09-27 18:00:00,Hurricane (>64 knots)
359,AL092022,IAN,HU,24.4,-83.0,105,2022-09-28 00:00:00,Hurricane (>64 knots)
359,AL092022,IAN,HU,24.6,-82.9,110,2022-09-28 02:00:00,Hurricane (>64 knots)
359,AL092022,IAN,HU,25.2,-82.9,120,2022-09-28 06:00:00,Hurricane (>64 knots)
359,AL092022,IAN,HU,26.0,-82.7,140,2022-09-28 12:00:00,Hurricane (>64 knots)
359,AL092022,IAN,HU,26.6,-82.4,135,2022-09-28 18:00:00,Hurricane (>64 knots)
359,AL092022,IAN,HU,26.7,-82.2,130,2022-09-28 19:05:00,Hurricane (>64 knots)
359,AL092022,IAN,HU,26.8,-82.0,125,2022-09-28 20:35:00,Hurricane (>64 knots)
359,AL092022,IAN,HU,27.2,-81.7,100,2022-09-29 00:00:00,Hurricane (>64 knots)
359,AL092022,IAN,HU,27.7,-81.1,65,2022-09-29 06:00:00,Hurricane (>64 knots)
359,AL092022,IAN,TS,28.4,-80.6,60,2022-09-29 12:00:00,Tropical Storm (34-63 knots)
359,AL092022,IAN,HU,28.9,-80.1,65,2022-09-29 18:00:00,Hurricane (>64 knots)
359,AL092022,IAN,HU,29.6,-79.4,70,2022-09-30 00:00:00,Hurricane (>64 knots)
359,AL092022,IAN,HU,30.3,-79.1,75,2022-09-30 06:00:00,Hurricane (>64 knots)
359,AL092022,IAN,HU,31.5,-79.0,75,2022-09-30 12:00:00,Hurricane (>64 knots)
359,AL092022,IAN,HU,33.3,-79.2,70,2022-09-30 18:00:00,Hurricane (>64 knots)
359,AL092022,IAN,HU,33.3,-79.2,70,2022-09-30 18:05:00,Hurricane (>64 knots)
359,AL092022,IAN,EX,34.4,-79.3,50,2022-10-01 00:00:00,Extratropical Cyclone
359,AL102022,HERMINE,TS,18.1,-20.3,35,2022-09-23 18:00:00,Tropical Storm (34-63 knots)
359,AL102022,HERMINE,TS,18.7,-20.7,35,2022-09-24 00:00:00,Tropical Storm (34-63 knots)
359,AL102022,HERMINE,TS,19.4,-20.9,35,2022-09-24 06:00:00,Tropical Storm (34-63 knots)
359,AL132022,JULIA,TS,12.5,-72.1,35,2022-10-07 12:00:00,Tropical Storm (34-63 knots)
359,AL132022,JULIA,TS,12.8,-73.8,40,2022-10-07 18:00:00,Tropical Storm (34-63 knots)
359,AL132022,JULIA,TS,12.8,-75.5,45,2022-10-08 00:00:00,Tropical Storm (34-63 knots)
359,AL132022,JULIA,TS,12.7,-77.2,50,2022-10-08 06:00:00,Tropical Storm (34-63 knots)
359,AL132022,JULIA,TS,12.7,-78.9,55,2022-10-08 12:00:00,Tropical Storm (34-63 knots)
359,AL132022,JULIA,TS,12.6,-80.5,60,2022-10-08 18:00:00,Tropical Storm (34-63 knots)
359,AL132022,JULIA,HU,12.5,-82.0,65,2022-10-09 00:00:00,Hurricane (>64 knots)
359,AL132022,JULIA,HU,12.4,-83.3,75,2022-10-09 06:00:00,Hurricane (>64 knots)
359,AL132022,JULIA,HU,12.4,-83.6,75,2022-10-09 07:15:00,Hurricane (>64 knots)
359,AL132022,JULIA,HU,12.3,-84.7,65,2022-10-09 12:00:00,Hurricane (>64 knots)
359,AL132022,JULIA,TS,12.3,-86.2,45,2022-10-09 18:00:00,Tropical Storm (34-63 knots)
359,AL132022,JULIA,TS,12.6,-87.6,40,2022-10-10 00:00:00,Tropical Storm (34-63 knots)
359,AL132022,JULIA,TS,13.1,-88.8,35,2022-10-10 06:00:00,Tropical Storm (34-63 knots)
359,AL132022,JULIA,TS,13.6,-89.7,35,2022-10-10 11:00:00,Tropical Storm (34-63 knots)
359,AL142022,KARL,TS,19.6,-94.5,35,2022-10-11 18:00:00,Tropical Storm (34-63 knots)
359,AL142022,KARL,TS,20.2,-94.8,35,2022-10-12 00:00:00,Tropical Storm (34-63 knots)
359,AL142022,KARL,TS,20.9,-94.9,35,2022-10-12 06:00:00,Tropical Storm (34-63 knots)
359,AL142022,KARL,TS,21.5,-94.8,40,2022-10-12 12:00:00,Tropical Storm (34-63 knots)
359,AL142022,KARL,TS,22.0,-94.6,50,2022-10-12 18:00:00,Tropical Storm (34-63 knots)
359,AL142022,KARL,TS,22.4,-94.3,50,2022-10-13 00:00:00,Tropical Storm (34-63 knots)
359,AL142022,KARL,TS,22.4,-94.3,45,2022-10-13 06:00:00,Tropical Storm (34-63 knots)
359,AL142022,KARL,TS,21.9,-94.0,45,2022-10-13 12:00:00,Tropical Storm (34-63 knots)
359,AL142022,KARL,TS,21.3,-93.6,40,2022-10-13 18:00:00,Tropical Storm (34-63 knots)
359,AL142022,KARL,TS,20.9,-93.0,40,2022-10-14 00:00:00,Tropical Storm (34-63 knots)
359,AL142022,KARL,TS,20.3,-92.6,35,2022-10-14 06:00:00,Tropical Storm (34-63 knots)
360,AL012025,ANDREA,LO,33.3,-55.1,35,2025-06-23 12:00:00,Low (not tropical/subtropical/extratropical)
360,AL012025,ANDREA,LO,33.9,-54.0,35,2025-06-23 18:00:00,Low (not tropical/subtropical/extratropical)
360,AL012025,ANDREA,LO,34.7,-53.0,35,2025-06-24 00:00:00,Low (not tropical/subtropical/extratropical)
360,AL012025,ANDREA,LO,35.4,-51.4,35,2025-06-24 06:00:00,Low (not tropical/subtropical/extratropical)
360,AL012025,ANDREA,TS,36.2,-49.7,35,2025-06-24 12:00:00,Tropical Storm (34-63 knots)
360,AL012025,ANDREA,TS,37.3,-48.1,35,2025-06-24 18:00:00,Tropical Storm (34-63 knots)
360,AL022025,BARRY,TS,20.1,-96.0,35,2025-06-29 12:00:00,Tropical Storm (34-63 knots)
360,AL022025,BARRY,TS,20.9,-96.7,40,2025-06-29 18:00:00,Tropical Storm (34-63 knots)
360,AL022025,BARRY,TS,21.7,-97.4,35,2025-06-30 00:00:00,Tropical Storm (34-63 knots)
360,AL032025,CHANTAL,TS,30.8,-79.0,35,2025-07-05 12:00:00,Tropical Storm (34-63 knots)
360,AL032025,CHANTAL,TS,31.6,-78.7,40,2025-07-05 18:00:00,Tropical Storm (34-63 knots)
360,AL032025,CHANTAL,TS,32.3,-78.7,40,2025-07-06 00:00:00,Tropical Storm (34-63 knots)
360,AL032025,CHANTAL,TS,33.3,-78.9,50,2025-07-06 06:00:00,Tropical Storm (34-63 knots)
360,AL032025,CHANTAL,TS,33.6,-79.1,45,2025-07-06 09:00:00,Tropical Storm (34-63 knots)
360,AL032025,CHANTAL,TS,34.0,-79.2,35,2025-07-06 12:00:00,Tropical Storm (34-63 knots)
368,AL012024,ALBERTO,DB,19.9,-92.7,35,2024-06-17 18:00:00,Disturbance
368,AL012024,ALBERTO,DB,20.4,-92.7,35,2024-06-18 00:00:00,Disturbance
368,AL012024,ALBERTO,DB,20.9,-92.7,35,2024-06-18 06:00:00,Disturbance
368,AL012024,ALBERTO,DB,21.5,-92.6,35,2024-06-18 12:00:00,Disturbance
368,AL012024,ALBERTO,DB,22.0,-92.6,35,2024-06-18 18:00:00,Disturbance
368,AL012024,ALBERTO,DB,22.3,-92.8,35,2024-06-19 00:00:00,Disturbance
368,AL012024,ALBERTO,DB,22.4,-93.5,35,2024-06-19 06:00:00,Disturbance
368,AL012024,ALBERTO,TS,22.1,-94.2,35,2024-06-19 12:00:00,Tropical Storm (34-63 knots)
368,AL012024,ALBERTO,TS,21.8,-94.8,40,2024-06-19 18:00:00,Tropical Storm (34-63 knots)
368,AL012024,ALBERTO,TS,21.5,-95.5,45,2024-06-20 00:00:00,Tropical Storm (34-63 knots)
368,AL012024,ALBERTO,TS,22.0,-96.7,45,2024-06-20 06:00:00,Tropical Storm (34-63 knots)
368,AL012024,ALBERTO,TS,22.4,-97.8,45,2024-06-20 09:00:00,Tropical Storm (34-63 knots)
368,AL012024,ALBERTO,TS,22.4,-98.8,35,2024-06-20 12:00:00,Tropical Storm (34-63 knots)
369,AL122021,LARRY,HU,41.9,-59.5,70,2021-09-10 18:00:00,Hurricane (>64 knots)
369,AL122021,LARRY,HU,45.1,-56.6,70,2021-09-11 00:00:00,Hurricane (>64 knots)
369,AL122021,LARRY,HU,47.3,-54.6,70,2021-09-11 03:30:00,Hurricane (>64 knots)
369,AL122021,LARRY,HU,48.8,-53.3,65,2021-09-11 06:00:00,Hurricane (>64 knots)
369,AL122021,LARRY,EX,52.5,-49.7,60,2021-09-11 12:00:00,Extratropical Cyclone
369,AL122021,LARRY,EX,55.3,-46.8,55,2021-09-11 18:00:00,Extratropical Cyclone
369,AL142021,NICHOLAS,TS,21.0,-95.2,35,2021-09-12 12:00:00,Tropical Storm (34-63 knots)
369,AL142021,NICHOLAS,TS,22.4,-95.6,35,2021-09-12 18:00:00,Tropical Storm (34-63 knots)
369,AL142021,NICHOLAS,TS,23.7,-96.1,40,2021-09-13 00:00:00,Tropical Storm (34-63 knots)
369,AL142021,NICHOLAS,TS,24.8,-96.5,50,2021-09-13 06:00:00,Tropical Storm (34-63 knots)
369,AL142021,NICHOLAS,TS,25.9,-96.7,50,2021-09-13 12:00:00,Tropical Storm (34-63 knots)
369,AL142021,NICHOLAS,TS,27.0,-96.6,55,2021-09-13 18:00:00,Tropical Storm (34-63 knots)
369,AL142021,NICHOLAS,HU,28.0,-96.2,65,2021-09-14 00:00:00,Hurricane (>64 knots)
369,AL142021,NICHOLAS,HU,28.7,-95.7,65,2021-09-14 05:30:00,Hurricane (>64 knots)
369,AL142021,NICHOLAS,HU,28.8,-95.7,65,2021-09-14 06:00:00,Hurricane (>64 knots)
369,AL142021,NICHOLAS,TS,29.3,-95.4,50,2021-09-14 12:00:00,Tropical Storm (34-63 knots)
369,AL142021,NICHOLAS,TS,29.6,-94.9,35,2021-09-14 18:00:00,Tropical Storm (34-63 knots)
369,AL152021,ODETTE,TS,35.9,-72.7,35,2021-09-17 18:00:00,Tropical Storm (34-63 knots)
369,AL152021,ODETTE,TS,36.8,-71.4,40,2021-09-18 00:00:00,Tropical Storm (34-63 knots)
369,AL152021,ODETTE,TS,37.6,-70.1,40,2021-09-18 06:00:00,Tropical Storm (34-63 knots)
369,AL152021,ODETTE,EX,38.3,-68.3,40,2021-09-18 12:00:00,Extratropical Cyclone
369,AL152021,ODETTE,EX,38.7,-66.2,40,2021-09-18 18:00:00,Extratropical Cyclone
369,AL152021,ODETTE,EX,39.2,-64.1,45,2021-09-19 00:00:00,Extratropical Cyclone
369,AL152021,ODETTE,EX,39.9,-61.9,45,2021-09-19 06:00:00,Extratropical Cyclone
369,AL152021,ODETTE,EX,41.1,-59.4,45,2021-09-19 12:00:00,Extratropical Cyclone
369,AL152021,ODETTE,EX,42.7,-56.6,50,2021-09-19 18:00:00,Extratropical Cyclone
369,AL152021,ODETTE,EX,44.1,-54.1,55,2021-09-20 00:00:00,Extratropical Cyclone
369,AL152021,ODETTE,EX,45.0,-51.6,55,2021-09-20 06:00:00,Extratropical Cyclone
369,AL152021,ODETTE,EX,44.7,-49.7,50,2021-09-20 12:00:00,Extratropical Cyclone
369,AL152021,ODETTE,EX,44.2,-48.1,50,2021-09-20 18:00:00,Extratropical Cyclone
369,AL152021,ODETTE,EX,43.2,-46.6,50,2021-09-21 00:00:00,Extratropical Cyclone
369,AL152021,ODETTE,EX,41.8,-45.4,50,2021-09-21 06:00:00,Extratropical Cyclone
369,AL152021,ODETTE,EX,40.4,-43.8,45,2021-09-21 12:00:00,Extratropical Cyclone
369,AL152021,ODETTE,EX,39.9,-41.9,45,2021-09-21 18:00:00,Extratropical Cyclone
369,AL152021,ODETTE,EX,40.2,-40.1,45,2021-09-22 00:00:00,Extratropical Cyclone
369,AL152021,ODETTE,EX,41.3,-39.9,45,2021-09-22 06:00:00,Extratropical Cyclone
369,AL152021,ODETTE,EX,42.4,-40.2,45,2021-09-22 12:00:00,Extratropical Cyclone
369,AL152021,ODETTE,EX,43.5,-40.8,40,2021-09-22 18:00:00,Extratropical Cyclone
369,AL152021,ODETTE,EX,44.1,-41.2,40,2021-09-23 00:00:00,Extratropical Cyclone
369,AL152021,ODETTE,EX,44.2,-41.8,40,2021-09-23 06:00:00,Extratropical Cyclone
369,AL152021,ODETTE,EX,44.1,-42.4,40,2021-09-23 12:00:00,Extratropical Cyclone
369,AL152021,ODETTE,EX,43.8,-42.0,35,2021-09-23 18:00:00,Extratropical Cyclone
369,AL152021,ODETTE,EX,44.1,-41.4,35,2021-09-24 00:00:00,Extratropical Cyclone
369,AL152021,ODETTE,EX,44.1,-41.0,35,2021-09-24 06:00:00,Extratropical Cyclone
369,AL152021,ODETTE,EX,43.6,-40.5,35,2021-09-24 12:00:00,Extratropical Cyclone
369,AL152021,ODETTE,LO,42.7,-40.0,35,2021-09-24 18:00:00,Low (not tropical/subtropical/extratropical)
369,AL152021,ODETTE,LO,41.6,-39.4,35,2021-09-25 00:00:00,Low (not tropical/subtropical/extratropical)
369,AL152021,ODETTE,LO,40.3,-38.7,35,2021-09-25 06:00:00,Low (not tropical/subtropical/extratropical)
369,AL152021,ODETTE,LO,38.9,-38.0,35,2021-09-25 12:00:00,Low (not tropical/subtropical/extratropical)
369,AL152021,ODETTE,LO,37.3,-38.1,35,2021-09-25 18:00:00,Low (not tropical/subtropical/extratropical)
369,AL152021,ODETTE,LO,35.8,-38.6,35,2021-09-26 00:00:00,Low (not tropical/subtropical/extratropical)
369,AL162021,PETER,TS,16.8,-54.4,35,2021-09-19 06:00:00,Tropical Storm (34-63 knots)
369,AL162021,PETER,TS,17.3,-55.8,40,2021-09-19 12:00:00,Tropical Storm (34-63 knots)
369,AL162021,PETER,TS,17.9,-57.0,45,2021-09-19 18:00:00,Tropical Storm (34-63 knots)
369,AL162021,PETER,TS,18.4,-58.0,45,2021-09-20 00:00:00,Tropical Storm (34-63 knots)
369,AL162021,PETER,TS,18.8,-59.0,45,2021-09-20 06:00:00,Tropical Storm (34-63 knots)
369,AL162021,PETER,TS,19.2,-60.1,45,2021-09-20 12:00:00,Tropical Storm (34-63 knots)
369,AL162021,PETER,TS,19.5,-61.2,45,2021-09-20 18:00:00,Tropical Storm (34-63 knots)
369,AL162021,PETER,TS,19.6,-62.3,45,2021-09-21 00:00:00,Tropical Storm (34-63 knots)
369,AL162021,PETER,TS,19.6,-63.2,40,2021-09-21 06:00:00,Tropical Storm (34-63 knots)
369,AL162021,PETER,TS,19.8,-64.0,35,2021-09-21 12:00:00,Tropical Storm (34-63 knots)
369,AL172021,ROSE,TS,13.8,-29.4,35,2021-09-19 18:00:00,Tropical Storm (34-63 knots)
369,AL172021,ROSE,TS,14.7,-30.6,35,2021-09-20 00:00:00,Tropical Storm (34-63 knots)
369,AL172021,ROSE,TS,15.6,-31.8,35,2021-09-20 06:00:00,Tropical Storm (34-63 knots)
369,AL172021,ROSE,TS,16.7,-32.9,35,2021-09-20 12:00:00,Tropical Storm (34-63 knots)
369,AL172021,ROSE,TS,17.7,-34.1,40,2021-09-20 18:00:00,Tropical Storm (34-63 knots)
369,AL172021,ROSE,TS,18.8,-35.3,50,2021-09-21 00:00:00,Tropical Storm (34-63 knots)
369,AL172021,ROSE,TS,20.0,-36.1,40,2021-09-21 06:00:00,Tropical Storm (34-63 knots)
369,AL172021,ROSE,TS,21.1,-36.7,35,2021-09-21 12:00:00,Tropical Storm (34-63 knots)
369,AL172021,ROSE,TS,22.1,-37.3,35,2021-09-21 18:00:00,Tropical Storm (34-63 knots)
369,AL172021,ROSE,TS,22.7,-37.7,35,2021-09-22 00:00:00,Tropical Storm (34-63 knots)
369,AL182021,SAM,TS,10.4,-36.0,35,2021-09-23 06:00:00,Tropical Storm (34-63 knots)
369,AL182021,SAM,TS,10.7,-37.6,45,2021-09-23 12:00:00,Tropical Storm (34-63 knots)
369,AL182021,SAM,TS,10.9,-39.0,50,2021-09-23 18:00:00,Tropical Storm (34-63 knots)
369,AL182021,SAM,TS,11.1,-40.3,60,2021-09-24 00:00:00,Tropical Storm (34-63 knots)
369,AL182021,SAM,HU,11.4,-41.6,65,2021-09-24 06:00:00,Hurricane (>64 knots)
369,AL182021,SAM,HU,11.6,-43.0,65,2021-09-24 12:00:00,Hurricane (>64 knots)
369,AL182021,SAM,HU,11.9,-44.3,70,2021-09-24 18:00:00,Hurricane (>64 knots)
369,AL182021,SAM,HU,12.3,-45.4,85,2021-09-25 00:00:00,Hurricane (>64 knots)
369,AL182021,SAM,HU,12.6,-46.3,95,2021-09-25 06:00:00,Hurricane (>64 knots)
369,AL182021,SAM,HU,12.8,-47.2,105,2021-09-25 12:00:00,Hurricane (>64 knots)
369,AL182021,SAM,HU,13.1,-48.1,115,2021-09-25 18:00:00,Hurricane (>64 knots)
369,AL182021,SAM,HU,13.4,-48.8,130,2021-09-26 00:00:00,Hurricane (>64 knots)
369,AL182021,SAM,HU,13.6,-49.4,130,2021-09-26 06:00:00,Hurricane (>64 knots)
369,AL192021,TERESA,SS,32.8,-62.9,35,2021-09-24 12:00:00,Subtropical Storm (>34 knots)
369,AL192021,TERESA,SS,33.6,-64.1,40,2021-09-24 18:00:00,Subtropical Storm (>34 knots)
369,AL192021,TERESA,SS,34.1,-65.0,40,2021-09-25 00:00:00,Subtropical Storm (>34 knots)
369,AL192021,TERESA,SS,34.3,-65.5,35,2021-09-25 06:00:00,Subtropical Storm (>34 knots)
371,AL042024,DEBBY,HU,28.3,-84.1,70,2024-08-05 00:00:00,Hurricane (>64 knots)
371,AL042024,DEBBY,HU,29.1,-83.9,70,2024-08-05 06:00:00,Hurricane (>64 knots)
371,AL042024,DEBBY,HU,29.7,-83.5,70,2024-08-05 11:00:00,Hurricane (>64 knots)
371,AL042024,DEBBY,HU,29.9,-83.4,65,2024-08-05 12:00:00,Hurricane (>64 knots)
371,AL042024,DEBBY,TS,30.4,-83.0,50,2024-08-05 18:00:00,Tropical Storm (34-63 knots)
371,AL042024,DEBBY,TS,30.8,-82.3,45,2024-08-06 00:00:00,Tropical Storm (34-63 knots)
371,AL042024,DEBBY,TS,31.3,-81.8,45,2024-08-06 06:00:00,Tropical Storm (34-63 knots)
371,AL042024,DEBBY,TS,31.8,-81.4,40,2024-08-06 12:00:00,Tropical Storm (34-63 knots)
371,AL042024,DEBBY,TS,32.0,-81.1,40,2024-08-06 18:00:00,Tropical Storm (34-63 knots)
371,AL042024,DEBBY,SS,31.9,-80.4,40,2024-08-07 00:00:00,Subtropical Storm (>34 knots)
371,AL042024,DEBBY,SS,31.8,-79.7,45,2024-08-07 06:00:00,Subtropical Storm (>34 knots)
371,AL042024,DEBBY,SS,32.2,-79.3,50,2024-08-07 12:00:00,Subtropical Storm (>34 knots)
371,AL042024,DEBBY,SS,32.5,-79.2,50,2024-08-07 18:00:00,Subtropical Storm (>34 knots)
371,AL042024,DEBBY,SS,32.7,-79.4,45,2024-08-08 00:00:00,Subtropical Storm (>34 knots)
371,AL042024,DEBBY,SS,33.0,-79.6,40,2024-08-08 06:00:00,Subtropical Storm (>34 knots)
371,AL042024,DEBBY,SS,33.7,-80.0,40,2024-08-08 12:00:00,Subtropical Storm (>34 knots)
371,AL042024,DEBBY,SS,34.6,-80.3,40,2024-08-08 18:00:00,Subtropical Storm (>34 knots)
371,AL042024,DEBBY,EX,49.4,-64.7,35,2024-08-10 12:00:00,Extratropical Cyclone
371,AL042024,DEBBY,EX,50.0,-59.5,35,2024-08-10 18:00:00,Extratropical Cyclone
371,AL052024,ERNESTO,TS,15.9,-56.6,35,2024-08-12 18:00:00,Tropical Storm (34-63 knots)
371,AL052024,ERNESTO,TS,16.0,-58.6,35,2024-08-13 00:00:00,Tropical Storm (34-63 knots)
371,AL052024,ERNESTO,TS,16.1,-60.5,35,2024-08-13 06:00:00,Tropical Storm (34-63 knots)
371,AL052024,ERNESTO,TS,16.4,-61.4,35,2024-08-13 09:40:00,Tropical Storm (34-63 knots)
371,AL052024,ERNESTO,TS,16.6,-62.0,40,2024-08-13 12:00:00,Tropical Storm (34-63 knots)
371,AL052024,ERNESTO,TS,16.7,-62.2,40,2024-08-13 12:50:00,Tropical Storm (34-63 knots)
371,AL052024,ERNESTO,TS,17.6,-63.5,50,2024-08-13 18:00:00,Tropical Storm (34-63 knots)
371,AL052024,ERNESTO,TS,18.3,-64.7,55,2024-08-13 23:30:00,Tropical Storm (34-63 knots)
371,AL052024,ERNESTO,TS,18.4,-64.9,55,2024-08-14 00:00:00,Tropical Storm (34-63 knots)
371,AL052024,ERNESTO,TS,19.0,-66.0,60,2024-08-14 06:00:00,Tropical Storm (34-63 knots)
371,AL052024,ERNESTO,HU,19.9,-67.2,65,2024-08-14 12:00:00,Hurricane (>64 knots)
371,AL052024,ERNESTO,HU,21.1,-68.0,65,2024-08-14 18:00:00,Hurricane (>64 knots)
371,AL052024,ERNESTO,HU,22.3,-68.7,70,2024-08-15 00:00:00,Hurricane (>64 knots)
371,AL052024,ERNESTO,HU,23.4,-69.2,75,2024-08-15 06:00:00,Hurricane (>64 knots)
371,AL052024,ERNESTO,HU,24.5,-69.3,75,2024-08-15 12:00:00,Hurricane (>64 knots)
371,AL052024,ERNESTO,HU,25.6,-69.0,80,2024-08-15 18:00:00,Hurricane (>64 knots)
371,AL052024,ERNESTO,HU,26.6,-68.3,85,2024-08-16 00:00:00,Hurricane (>64 knots)
371,AL052024,ERNESTO,HU,27.7,-67.5,85,2024-08-16 06:00:00,Hurricane (>64 knots)
371,AL052024,ERNESTO,HU,28.9,-66.8,85,2024-08-16 12:00:00,Hurricane (>64 knots)
371,AL052024,ERNESTO,HU,30.0,-66.1,85,2024-08-16 18:00:00,Hurricane (>64 knots)
371,AL052024,ERNESTO,HU,31.0,-65.4,80,2024-08-17 00:00:00,Hurricane (>64 knots)
371,AL052024,ERNESTO,HU,31.9,-65.0,75,2024-08-17 06:00:00,Hurricane (>64 knots)
371,AL052024,ERNESTO,HU,32.3,-64.8,75,2024-08-17 08:30:00,Hurricane (>64 knots)
371,AL052024,ERNESTO,HU,32.6,-64.6,70,2024-08-17 12:00:00,Hurricane (>64 knots)
371,AL052024,ERNESTO,HU,33.0,-64.2,65,2024-08-17 18:00:00,Hurricane (>64 knots)
371,AL052024,ERNESTO,TS,33.5,-63.6,60,2024-08-18 00:00:00,Tropical Storm (34-63 knots)
371,AL052024,ERNESTO,TS,34.3,-63.2,60,2024-08-18 06:00:00,Tropical Storm (34-63 knots)
371,AL052024,ERNESTO,TS,35.4,-63.0,60,2024-08-18 12:00:00,Tropical Storm (34-63 knots)
371,AL052024,ERNESTO,HU,36.4,-62.6,65,2024-08-18 18:00:00,Hurricane (>64 knots)
371,AL052024,ERNESTO,HU,37.7,-62.0,70,2024-08-19 00:00:00,Hurricane (>64 knots)
371,AL052024,ERNESTO,HU,39.2,-61.2,75,2024-08-19 06:00:00,Hurricane (>64 knots)
371,AL052024,ERNESTO,HU,40.9,-59.8,85,2024-08-19 12:00:00,Hurricane (>64 knots)
371,AL052024,ERNESTO,HU,42.8,-58.1,80,2024-08-19 18:00:00,Hurricane (>64 knots)
371,AL052024,ERNESTO,HU,44.8,-55.0,75,2024-08-20 00:00:00,Hurricane (>64 knots)
371,AL052024,ERNESTO,HU,46.6,-51.4,65,2024-08-20 06:00:00,Hurricane (>64 knots)
371,AL052024,ERNESTO,EX,48.3,-47.2,60,2024-08-20 12:00:00,Extratropical Cyclone
371,AL052024,ERNESTO,EX,49.7,-41.9,55,2024-08-20 18:00:00,Extratropical Cyclone
376,AL202023,TAMMY,TS,12.9,-51.0,35,2023-10-18 18:00:00,Tropical Storm (34-63 knots)
376,AL202023,TAMMY,TS,13.0,-52.5,35,2023-10-19 00:00:00,Tropical Storm (34-63 knots)
376,AL202023,TAMMY,TS,13.2,-54.0,45,2023-10-19 06:00:00,Tropical Storm (34-63 knots)
376,AL202023,TAMMY,TS,13.4,-55.3,50,2023-10-19 12:00:00,Tropical Storm (34-63 knots)
376,AL202023,TAMMY,TS,13.5,-56.4,50,2023-10-19 18:00:00,Tropical Storm (34-63 knots)
376,AL202023,TAMMY,TS,13.6,-57.2,50,2023-10-20 00:00:00,Tropical Storm (34-63 knots)
376,AL202023,TAMMY,TS,13.7,-57.9,50,2023-10-20 06:00:00,Tropical Storm (34-63 knots)
376,AL202023,TAMMY,TS,13.9,-58.4,60,2023-10-20 12:00:00,Tropical Storm (34-63 knots)
376,AL202023,TAMMY,HU,14.1,-58.9,65,2023-10-20 18:00:00,Hurricane (>64 knots)
376,AL202023,TAMMY,HU,14.5,-59.6,70,2023-10-21 00:00:00,Hurricane (>64 knots)
376,AL202023,TAMMY,HU,14.9,-60.3,70,2023-10-21 06:00:00,Hurricane (>64 knots)
376,AL202023,TAMMY,HU,15.6,-60.6,75,2023-10-21 12:00:00,Hurricane (>64 knots)
376,AL202023,TAMMY,HU,16.6,-61.0,75,2023-10-21 18:00:00,Hurricane (>64 knots)
376,AL202023,TAMMY,HU,17.5,-61.7,80,2023-10-22 00:00:00,Hurricane (>64 knots)
376,AL202023,TAMMY,HU,17.6,-61.8,80,2023-10-22 01:15:00,Hurricane (>64 knots)
376,AL202023,TAMMY,HU,18.0,-62.2,75,2023-10-22 06:00:00,Hurricane (>64 knots)
376,AL202023,TAMMY,HU,18.7,-62.8,75,2023-10-22 12:00:00,Hurricane (>64 knots)
376,AL202023,TAMMY,HU,19.4,-63.4,75,2023-10-22 18:00:00,Hurricane (>64 knots)
376,AL202023,TAMMY,HU,20.2,-63.9,75,2023-10-23 00:00:00,Hurricane (>64 knots)
376,AL202023,TAMMY,HU,21.0,-64.0,70,2023-10-23 06:00:00,Hurricane (>64 knots)
376,AL202023,TAMMY,HU,21.6,-64.0,70,2023-10-23 12:00:00,Hurricane (>64 knots)
376,AL202023,TAMMY,HU,22.1,-63.8,65,2023-10-23 18:00:00,Hurricane (>64 knots)
376,AL202023,TAMMY,HU,22.6,-63.5,65,2023-10-24 00:00:00,Hurricane (>64 knots)
376,AL202023,TAMMY,HU,23.1,-63.1,65,2023-10-24 06:00:00,Hurricane (>64 knots)
376,AL202023,TAMMY,HU,23.6,-62.6,65,2023-10-24 12:00:00,Hurricane (>64 knots)
376,AL202023,TAMMY,HU,24.0,-62.0,65,2023-10-24 18:00:00,Hurricane (>64 knots)
376,AL202023,TAMMY,HU,24.5,-61.2,75,2023-10-25 00:00:00,Hurricane (>64 knots)
376,AL202023,TAMMY,HU,25.1,-60.4,85,2023-10-25 06:00:00,Hurricane (>64 knots)
376,AL202023,TAMMY,HU,26.1,-59.4,95,2023-10-25 12:00:00,Hurricane (>64 knots)
376,AL202023,TAMMY,HU,27.5,-58.3,85,2023-10-25 18:00:00,Hurricane (>64 knots)
376,AL202023,TAMMY,HU,29.1,-57.8,80,2023-10-26 00:00:00,Hurricane (>64 knots)
376,AL202023,TAMMY,HU,30.0,-58.3,75,2023-10-26 06:00:00,Hurricane (>64 knots)
376,AL202023,TAMMY,HU,30.5,-58.8,70,2023-10-26 12:00:00,Hurricane (>64 knots)
376,AL202023,TAMMY,HU,31.0,-59.5,65,2023-10-26 18:00:00,Hurricane (>64 knots)
376,AL202023,TAMMY,TS,31.5,-60.1,60,2023-10-27 00:00:00,Tropical Storm (34-63 knots)
376,AL202023,TAMMY,TS,31.8,-60.6,55,2023-10-27 06:00:00,Tropical Storm (34-63 knots)
376,AL202023,TAMMY,TS,32.0,-61.0,55,2023-10-27 12:00:00,Tropical Storm (34-63 knots)
376,AL202023,TAMMY,TS,32.3,-61.4,55,2023-10-27 18:00:00,Tropical Storm (34-63 knots)
376,AL202023,TAMMY,TS,32.6,-61.5,50,2023-10-28 00:00:00,Tropical Storm (34-63 knots)
376,AL202023,TAMMY,TS,32.9,-61.0,45,2023-10-28 06:00:00,Tropical Storm (34-63 knots)
376,AL202023,TAMMY,TS,33.1,-59.5,45,2023-10-28 12:00:00,Tropical Storm (34-63 knots)
376,AL202023,TAMMY,TS,33.3,-58.0,40,2023-10-28 18:00:00,Tropical Storm (34-63 knots)
376,AL202023,TAMMY,LO,32.8,-56.1,35,2023-10-29 00:00:00,Low (not tropical/subtropical/extratropical)
376,AL202023,TAMMY,LO,32.6,-54.3,35,2023-10-29 06:00:00,Low (not tropical/subtropical/extratropical)
376,AL202023,TAMMY,LO,31.8,-52.5,35,2023-10-29 12:00:00,Low (not tropical/subtropical/extratropical)
376,AL202023,TAMMY,LO,30.9,-50.9,35,2023-10-29 18:00:00,Low (not tropical/subtropical/extratropical)
378,AL022022,BONNIE,DB,8.3,-50.5,35,2022-06-27 18:00:00,Disturbance
378,AL022022,BONNIE,DB,8.7,-52.2,35,2022-06-28 00:00:00,Disturbance
378,AL022022,BONNIE,DB,9.1,-54.2,35,2022-06-28 06:00:00,Disturbance
378,AL022022,BONNIE,DB,9.6,-56.5,35,2022-06-28 12:00:00,Disturbance
378,AL022022,BONNIE,DB,10.2,-58.9,35,2022-06-28 18:00:00,Disturbance
378,AL022022,BONNIE,DB,10.7,-61.6,35,2022-06-29 00:00:00,Disturbance
378,AL022022,BONNIE,DB,11.1,-64.0,35,2022-06-29 06:00:00,Disturbance
378,AL022022,BONNIE,DB,11.4,-66.2,35,2022-06-29 12:00:00,Disturbance
378,AL022022,BONNIE,DB,11.7,-68.0,35,2022-06-29 18:00:00,Disturbance
378,AL022022,BONNIE,DB,11.9,-69.7,35,2022-06-30 00:00:00,Disturbance
378,AL022022,BONNIE,DB,12.0,-71.4,35,2022-06-30 06:00:00,Disturbance
378,AL022022,BONNIE,DB,12.0,-73.1,35,2022-06-30 12:00:00,Disturbance
378,AL022022,BONNIE,DB,12.0,-74.9,35,2022-06-30 18:00:00,Disturbance
378,AL022022,BONNIE,DB,11.9,-76.7,35,2022-07-01 00:00:00,Disturbance
378,AL022022,BONNIE,TS,11.6,-78.5,35,2022-07-01 06:00:00,Tropical Storm (34-63 knots)
378,AL022022,BONNIE,TS,11.3,-80.2,35,2022-07-01 12:00:00,Tropical Storm (34-63 knots)
378,AL022022,BONNIE,TS,11.2,-81.8,40,2022-07-01 18:00:00,Tropical Storm (34-63 knots)
378,AL022022,BONNIE,TS,10.9,-83.1,50,2022-07-02 00:00:00,Tropical Storm (34-63 knots)
378,AL022022,BONNIE,TS,11.0,-83.8,50,2022-07-02 03:00:00,Tropical Storm (34-63 knots)
378,AL022022,BONNIE,TS,11.1,-84.5,40,2022-07-02 06:00:00,Tropical Storm (34-63 knots)
378,AL022022,BONNIE,TS,11.2,-85.9,35,2022-07-02 12:00:00,Tropical Storm (34-63 knots)
378,AL022022,BONNIE,TS,11.2,-87.4,45,2022-07-02 18:00:00,Tropical Storm (34-63 knots)
378,AL022022,BONNIE,TS,11.2,-88.9,50,2022-07-03 00:00:00,Tropical Storm (34-63 knots)
378,AL022022,BONNIE,TS,11.5,-90.4,50,2022-07-03 06:00:00,Tropical Storm (34-63 knots)
378,AL022022,BONNIE,TS,11.8,-91.9,55,2022-07-03 12:00:00,Tropical Storm (34-63 knots)
378,AL022022,BONNIE,TS,12.2,-93.4,60,2022-07-03 18:00:00,Tropical Storm (34-63 knots)
378,AL022022,BONNIE,HU,12.9,-94.9,65,2022-07-04 00:00:00,Hurricane (>64 knots)
378,AL022022,BONNIE,HU,13.4,-96.6,70,2022-07-04 06:00:00,Hurricane (>64 knots)
378,AL022022,BONNIE,HU,13.6,-98.2,75,2022-07-04 12:00:00,Hurricane (>64 knots)
378,AL022022,BONNIE,HU,13.8,-99.6,85,2022-07-04 18:00:00,Hurricane (>64 knots)
378,AL022022,BONNIE,HU,14.4,-100.9,90,2022-07-05 00:00:00,Hurricane (>64 knots)
378,AL022022,BONNIE,HU,14.9,-102.4,95,2022-07-05 06:00:00,Hurricane (>64 knots)
378,AL022022,BONNIE,HU,15.1,-103.8,100,2022-07-05 12:00:00,Hurricane (>64 knots)
378,AL022022,BONNIE,HU,15.4,-105.1,95,2022-07-05 18:00:00,Hurricane (>64 knots)
378,AL022022,BONNIE,HU,15.6,-106.4,90,2022-07-06 00:00:00,Hurricane (>64 knots)
378,AL022022,BONNIE,HU,15.8,-107.6,85,2022-07-06 06:00:00,Hurricane (>64 knots)
378,AL022022,BONNIE,HU,16.0,-108.5,85,2022-07-06 12:00:00,Hurricane (>64 knots)
378,AL022022,BONNIE,HU,16.3,-109.5,85,2022-07-06 18:00:00,Hurricane (>64 knots)
378,AL022022,BONNIE,HU,16.6,-110.6,80,2022-07-07 00:00:00,Hurricane (>64 knots)
378,AL022022,BONNIE,HU,16.9,-111.8,80,2022-07-07 06:00:00,Hurricane (>64 knots)
378,AL022022,BONNIE,HU,17.2,-113.1,80,2022-07-07 12:00:00,Hurricane (>64 knots)
378,AL022022,BONNIE,HU,17.5,-114.5,85,2022-07-07 18:00:00,Hurricane (>64 knots)
378,AL022022,BONNIE,HU,17.8,-116.1,85,2022-07-08 00:00:00,Hurricane (>64 knots)
378,AL022022,BONNIE,HU,18.0,-117.7,75,2022-07-08 06:00:00,Hurricane (>64 knots)
378,AL022022,BONNIE,HU,18.2,-119.3,65,2022-07-08 12:00:00,Hurricane (>64 knots)
378,AL022022,BONNIE,TS,18.6,-121.0,55,2022-07-08 18:00:00,Tropical Storm (34-63 knots)
378,AL022022,BONNIE,TS,19.0,-122.8,50,2022-07-09 00:00:00,Tropical Storm (34-63 knots)
378,AL022022,BONNIE,TS,19.2,-124.7,45,2022-07-09 06:00:00,Tropical Storm (34-63 knots)
378,AL022022,BONNIE,TS,19.4,-126.6,40,2022-07-09 12:00:00,Tropical Storm (34-63 knots)
378,AL022022,BONNIE,LO,19.5,-128.6,40,2022-07-09 18:00:00,Low (not tropical/subtropical/extratropical)
378,AL022022,BONNIE,LO,19.6,-130.5,35,2022-07-10 00:00:00,Low (not tropical/subtropical/extratropical)
378,AL022022,BONNIE,LO,19.5,-132.3,35,2022-07-10 06:00:00,Low (not tropical/subtropical/extratropical)
378,AL032022,COLIN,TS,32.4,-80.5,35,2022-07-01 23:30:00,Tropical Storm (34-63 knots)
378,AL032022,COLIN,TS,32.5,-80.4,35,2022-07-02 00:00:00,Tropical Storm (34-63 knots)
378,AL032022,COLIN,TS,33.0,-79.9,35,2022-07-02 06:00:00,Tropical Storm (34-63 knots)
378,AL032022,COLIN,TS,33.4,-79.4,35,2022-07-02 12:00:00,Tropical Storm (34-63 knots)
380,AL032025,CHANTAL,TS,30.8,-79.0,35,2025-07-05 12:00:00,Tropical Storm (34-63 knots)
380,AL032025,CHANTAL,TS,31.6,-78.7,40,2025-07-05 18:00:00,Tropical Storm (34-63 knots)
380,AL032025,CHANTAL,TS,32.3,-78.7,40,2025-07-06 00:00:00,Tropical Storm (34-63 knots)
380,AL032025,CHANTAL,TS,33.3,-78.9,50,2025-07-06 06:00:00,Tropical Storm (34-63 knots)
380,AL032025,CHANTAL,TS,33.6,-79.1,45,2025-07-06 09:00:00,Tropical Storm (34-63 knots)
380,AL032025,CHANTAL,TS,34.0,-79.2,35,2025-07-06 12:00:00,Tropical Storm (34-63 knots)
381,AL202023,TAMMY,HU,23.1,-63.1,65,2023-10-24 06:00:00,Hurricane (>64 knots)
381,AL202023,TAMMY,HU,23.6,-62.6,65,2023-10-24 12:00:00,Hurricane (>64 knots)
381,AL202023,TAMMY,HU,24.0,-62.0,65,2023-10-24 18:00:00,Hurricane (>64 knots)
381,AL202023,TAMMY,HU,24.5,-61.2,75,2023-10-25 00:00:00,Hurricane (>64 knots)
381,AL202023,TAMMY,HU,25.1,-60.4,85,2023-10-25 06:00:00,Hurricane (>64 knots)
381,AL202023,TAMMY,HU,26.1,-59.4,95,2023-10-25 12:00:00,Hurricane (>64 knots)
381,AL202023,TAMMY,HU,27.5,-58.3,85,2023-10-25 18:00:00,Hurricane (>64 knots)
381,AL202023,TAMMY,HU,29.1,-57.8,80,2023-10-26 00:00:00,Hurricane (>64 knots)
381,AL202023,TAMMY,HU,30.0,-58.3,75,2023-10-26 06:00:00,Hurricane (>64 knots)
381,AL202023,TAMMY,HU,30.5,-58.8,70,2023-10-26 12:00:00,Hurricane (>64 knots)
381,AL202023,TAMMY,HU,31.0,-59.5,65,2023-10-26 18:00:00,Hurricane (>64 knots)
381,AL202023,TAMMY,TS,31.5,-60.1,60,2023-10-27 00:00:00,Tropical Storm (34-63 knots)
381,AL202023,TAMMY,TS,31.8,-60.6,55,2023-10-27 06:00:00,Tropical Storm (34-63 knots)
381,AL202023,TAMMY,TS,32.0,-61.0,55,2023-10-27 12:00:00,Tropical Storm (34-63 knots)
381,AL202023,TAMMY,TS,32.3,-61.4,55,2023-10-27 18:00:00,Tropical Storm (34-63 knots)
381,AL202023,TAMMY,TS,32.6,-61.5,50,2023-10-28 00:00:00,Tropical Storm (34-63 knots)
381,AL202023,TAMMY,TS,32.9,-61.0,45,2023-10-28 06:00:00,Tropical Storm (34-63 knots)
381,AL202023,TAMMY,TS,33.1,-59.5,45,2023-10-28 12:00:00,Tropical Storm (34-63 knots)
381,AL202023,TAMMY,TS,33.3,-58.0,40,2023-10-28 18:00:00,Tropical Storm (34-63 knots)
381,AL202023,TAMMY,LO,32.8,-56.1,35,2023-10-29 00:00:00,Low (not tropical/subtropical/extratropical)
381,AL202023,TAMMY,LO,32.6,-54.3,35,2023-10-29 06:00:00,Low (not tropical/subtropical/extratropical)
381,AL202023,TAMMY,LO,31.8,-52.5,35,2023-10-29 12:00:00,Low (not tropical/subtropical/extratropical)
381,AL202023,TAMMY,LO,30.9,-50.9,35,2023-10-29 18:00:00,Low (not tropical/subtropical/extratropical)
387,AL012025,ANDREA,LO,33.3,-55.1,35,2025-06-23 12:00:00,Low (not tropical/subtropical/extratropical)
387,AL012025,ANDREA,LO,33.9,-54.0,35,2025-06-23 18:00:00,Low (not tropical/subtropical/extratropical)
387,AL012025,ANDREA,LO,34.7,-53.0,35,2025-06-24 00:00:00,Low (not tropical/subtropical/extratropical)
387,AL012025,ANDREA,LO,35.4,-51.4,35,2025-06-24 06:00:00,Low (not tropical/subtropical/extratropical)
387,AL012025,ANDREA,TS,36.2,-49.7,35,2025-06-24 12:00:00,Tropical Storm (34-63 knots)
387,AL012025,ANDREA,TS,37.3,-48.1,35,2025-06-24 18:00:00,Tropical Storm (34-63 knots)
387,AL022025,BARRY,TS,20.1,-96.0,35,2025-06-29 12:00:00,Tropical Storm (34-63 knots)
387,AL022025,BARRY,TS,20.9,-96.7,40,2025-06-29 18:00:00,Tropical Storm (34-63 knots)
387,AL022025,BARRY,TS,21.7,-97.4,35,2025-06-30 00:00:00,Tropical Storm (34-63 knots)
389,AL032023,BRET,TS,11.1,-40.9,35,2023-06-19 18:00:00,Tropical Storm (34-63 knots)
389,AL032023,BRET,TS,11.3,-42.7,35,2023-06-20 00:00:00,Tropical Storm (34-63 knots)
389,AL032023,BRET,TS,11.5,-44.5,35,2023-06-20 06:00:00,Tropical Storm (34-63 knots)
389,AL032023,BRET,TS,11.7,-46.3,35,2023-06-20 12:00:00,Tropical Storm (34-63 knots)
389,AL032023,BRET,TS,12.0,-48.0,40,2023-06-20 18:00:00,Tropical Storm (34-63 knots)
389,AL032023,BRET,TS,12.4,-49.4,45,2023-06-21 00:00:00,Tropical Storm (34-63 knots)
389,AL032023,BRET,TS,12.7,-50.7,50,2023-06-21 06:00:00,Tropical Storm (34-63 knots)
389,AL032023,BRET,TS,13.0,-52.0,50,2023-06-21 12:00:00,Tropical Storm (34-63 knots)
389,AL032023,BRET,TS,13.3,-53.3,55,2023-06-21 18:00:00,Tropical Storm (34-63 knots)
389,AL032023,BRET,TS,13.4,-54.6,55,2023-06-22 00:00:00,Tropical Storm (34-63 knots)
389,AL032023,BRET,TS,13.5,-55.9,60,2023-06-22 06:00:00,Tropical Storm (34-63 knots)
389,AL032023,BRET,TS,13.5,-57.3,60,2023-06-22 12:00:00,Tropical Storm (34-63 knots)
389,AL032023,BRET,TS,13.4,-58.8,55,2023-06-22 18:00:00,Tropical Storm (34-63 knots)
389,AL032023,BRET,TS,13.3,-60.3,55,2023-06-23 00:00:00,Tropical Storm (34-63 knots)
389,AL032023,BRET,TS,13.3,-61.2,55,2023-06-23 03:15:00,Tropical Storm (34-63 knots)
389,AL032023,BRET,TS,13.3,-62.0,50,2023-06-23 06:00:00,Tropical Storm (34-63 knots)
389,AL032023,BRET,TS,13.2,-63.8,50,2023-06-23 12:00:00,Tropical Storm (34-63 knots)
389,AL032023,BRET,TS,13.1,-65.6,45,2023-06-23 18:00:00,Tropical Storm (34-63 knots)
389,AL032023,BRET,TS,13.0,-67.4,45,2023-06-24 00:00:00,Tropical Storm (34-63 knots)
389,AL032023,BRET,TS,13.0,-69.2,40,2023-06-24 06:00:00,Tropical Storm (34-63 knots)
389,AL032023,BRET,TS,13.0,-70.9,40,2023-06-24 12:00:00,Tropical Storm (34-63 knots)
389,AL042023,CINDY,TS,11.5,-44.8,35,2023-06-23 00:00:00,Tropical Storm (34-63 knots)
389,AL042023,CINDY,TS,11.8,-46.1,40,2023-06-23 06:00:00,Tropical Storm (34-63 knots)
389,AL042023,CINDY,TS,12.2,-47.5,45,2023-06-23 12:00:00,Tropical Storm (34-63 knots)
389,AL042023,CINDY,TS,12.8,-48.8,45,2023-06-23 18:00:00,Tropical Storm (34-63 knots)
389,AL042023,CINDY,TS,13.6,-50.0,45,2023-06-24 00:00:00,Tropical Storm (34-63 knots)
389,AL042023,CINDY,TS,14.6,-51.2,50,2023-06-24 06:00:00,Tropical Storm (34-63 knots)
389,AL042023,CINDY,TS,15.7,-52.5,50,2023-06-24 12:00:00,Tropical Storm (34-63 knots)
389,AL042023,CINDY,TS,16.8,-53.9,50,2023-06-24 18:00:00,Tropical Storm (34-63 knots)
389,AL042023,CINDY,TS,18.2,-55.2,45,2023-06-25 00:00:00,Tropical Storm (34-63 knots)
389,AL042023,CINDY,TS,19.4,-56.4,45,2023-06-25 06:00:00,Tropical Storm (34-63 knots)
389,AL042023,CINDY,TS,20.5,-57.6,40,2023-06-25 12:00:00,Tropical Storm (34-63 knots)
389,AL042023,CINDY,TS,21.6,-58.8,40,2023-06-25 18:00:00,Tropical Storm (34-63 knots)
389,AL042023,CINDY,TS,22.5,-59.9,35,2023-06-26 00:00:00,Tropical Storm (34-63 knots)
390,AL172022,NICOLE,HU,26.6,-78.2,65,2022-11-09 23:00:00,Hurricane (>64 knots)
390,AL172022,NICOLE,HU,26.7,-78.4,65,2022-11-10 00:00:00,Hurricane (>64 knots)
390,AL172022,NICOLE,HU,27.3,-79.8,65,2022-11-10 06:00:00,Hurricane (>64 knots)
390,AL172022,NICOLE,HU,27.6,-80.3,65,2022-11-10 07:45:00,Hurricane (>64 knots)
390,AL172022,NICOLE,TS,28.0,-81.6,55,2022-11-10 12:00:00,Tropical Storm (34-63 knots)
390,AL172022,NICOLE,TS,29.0,-82.8,40,2022-11-10 18:00:00,Tropical Storm (34-63 knots)
390,AL172022,NICOLE,TS,29.2,-83.0,40,2022-11-10 19:00:00,Tropical Storm (34-63 knots)
390,AL172022,NICOLE,TS,30.1,-84.0,35,2022-11-11 00:00:00,Tropical Storm (34-63 knots)
391,AL012024,ALBERTO,DB,19.9,-92.7,35,2024-06-17 18:00:00,Disturbance
391,AL012024,ALBERTO,DB,20.4,-92.7,35,2024-06-18 00:00:00,Disturbance
391,AL012024,ALBERTO,DB,20.9,-92.7,35,2024-06-18 06:00:00,Disturbance
391,AL012024,ALBERTO,DB,21.5,-92.6,35,2024-06-18 12:00:00,Disturbance
391,AL012024,ALBERTO,DB,22.0,-92.6,35,2024-06-18 18:00:00,Disturbance
391,AL012024,ALBERTO,DB,22.3,-92.8,35,2024-06-19 00:00:00,Disturbance
391,AL012024,ALBERTO,DB,22.4,-93.5,35,2024-06-19 06:00:00,Disturbance
391,AL012024,ALBERTO,TS,22.1,-94.2,35,2024-06-19 12:00:00,Tropical Storm (34-63 knots)
391,AL012024,ALBERTO,TS,21.8,-94.8,40,2024-06-19 18:00:00,Tropical Storm (34-63 knots)
391,AL012024,ALBERTO,TS,21.5,-95.5,45,2024-06-20 00:00:00,Tropical Storm (34-63 knots)
391,AL012024,ALBERTO,TS,22.0,-96.7,45,2024-06-20 06:00:00,Tropical Storm (34-63 knots)
391,AL012024,ALBERTO,TS,22.4,-97.8,45,2024-06-20 09:00:00,Tropical Storm (34-63 knots)
391,AL012024,ALBERTO,TS,22.4,-98.8,35,2024-06-20 12:00:00,Tropical Storm (34-63 knots)
392,AL212021,WANDA,TS,37.2,-38.4,40,2021-11-06 12:00:00,Tropical Storm (34-63 knots)
392,AL212021,WANDA,TS,37.1,-38.0,35,2021-11-06 18:00:00,Tropical Storm (34-63 knots)
392,AL212021,WANDA,TS,37.4,-37.4,35,2021-11-07 00:00:00,Tropical Storm (34-63 knots)
392,AL212021,WANDA,TS,38.1,-36.4,35,2021-11-07 06:00:00,Tropical Storm (34-63 knots)
392,AL212021,WANDA,LO,39.2,-34.9,35,2021-11-07 12:00:00,Low (not tropical/subtropical/extratropical)
392,AL212021,WANDA,LO,40.9,-32.8,40,2021-11-07 18:00:00,Low (not tropical/subtropical/extratropical)
392,AL212021,WANDA,LO,43.2,-29.7,40,2021-11-08 00:00:00,Low (not tropical/subtropical/extratropical)
393,AL022023,ARLENE,TS,27.3,-86.4,35,2023-06-02 06:00:00,Tropical Storm (34-63 knots)
393,AL022023,ARLENE,TS,27.0,-86.3,35,2023-06-02 12:00:00,Tropical Storm (34-63 knots)
393,AL022023,ARLENE,TS,26.7,-86.0,35,2023-06-02 18:00:00,Tropical Storm (34-63 knots)
393,AL022023,ARLENE,TS,25.9,-85.7,35,2023-06-03 00:00:00,Tropical Storm (34-63 knots)
396,AL152023,NIGEL,HU,40.0,-49.2,75,2023-09-21 06:00:00,Hurricane (>64 knots)
396,AL152023,NIGEL,HU,41.3,-46.3,75,2023-09-21 12:00:00,Hurricane (>64 knots)
396,AL152023,NIGEL,HU,42.8,-42.8,70,2023-09-21 18:00:00,Hurricane (>64 knots)
396,AL152023,NIGEL,HU,44.3,-38.7,65,2023-09-22 00:00:00,Hurricane (>64 knots)
396,AL152023,NIGEL,EX,45.4,-34.3,60,2023-09-22 06:00:00,Extratropical Cyclone
396,AL152023,NIGEL,EX,47.2,-30.2,55,2023-09-22 12:00:00,Extratropical Cyclone
396,AL152023,NIGEL,EX,48.9,-26.8,55,2023-09-22 18:00:00,Extratropical Cyclone
396,AL152023,NIGEL,EX,50.9,-24.0,55,2023-09-23 00:00:00,Extratropical Cyclone
396,AL152023,NIGEL,EX,53.3,-22.2,55,2023-09-23 06:00:00,Extratropical Cyclone
396,AL152023,NIGEL,EX,55.6,-22.7,55,2023-09-23 12:00:00,Extratropical Cyclone
396,AL152023,NIGEL,EX,57.7,-23.2,55,2023-09-23 18:00:00,Extratropical Cyclone
396,AL152023,NIGEL,EX,58.3,-25.6,50,2023-09-24 00:00:00,Extratropical Cyclone
396,AL152023,NIGEL,EX,57.4,-27.4,50,2023-09-24 06:00:00,Extratropical Cyclone
396,AL152023,NIGEL,EX,56.1,-26.7,45,2023-09-24 12:00:00,Extratropical Cyclone
396,AL152023,NIGEL,EX,56.4,-23.5,45,2023-09-24 18:00:00,Extratropical Cyclone
396,AL152023,NIGEL,EX,58.0,-20.9,40,2023-09-25 00:00:00,Extratropical Cyclone
396,AL152023,NIGEL,EX,60.1,-18.6,40,2023-09-25 06:00:00,Extratropical Cyclone
396,AL152023,NIGEL,EX,61.0,-18.5,40,2023-09-25 12:00:00,Extratropical Cyclone
396,AL152023,NIGEL,EX,61.5,-19.4,40,2023-09-25 18:00:00,Extratropical Cyclone
396,AL152023,NIGEL,EX,61.5,-20.9,40,2023-09-26 00:00:00,Extratropical Cyclone
396,AL152023,NIGEL,EX,61.5,-22.5,40,2023-09-26 06:00:00,Extratropical Cyclone
396,AL152023,NIGEL,EX,61.5,-23.3,40,2023-09-26 12:00:00,Extratropical Cyclone
396,AL162023,OPHELIA,EX,29.5,-75.3,35,2023-09-22 00:00:00,Extratropical Cyclone
396,AL162023,OPHELIA,EX,30.3,-75.1,40,2023-09-22 06:00:00,Extratropical Cyclone
396,AL162023,OPHELIA,EX,31.6,-75.5,50,2023-09-22 12:00:00,Extratropical Cyclone
396,AL162023,OPHELIA,TS,32.7,-76.1,60,2023-09-22 18:00:00,Tropical Storm (34-63 knots)
396,AL162023,OPHELIA,TS,33.3,-76.6,60,2023-09-23 00:00:00,Tropical Storm (34-63 knots)
396,AL162023,OPHELIA,TS,33.8,-77.1,60,2023-09-23 06:00:00,Tropical Storm (34-63 knots)
396,AL162023,OPHELIA,TS,34.7,-77.1,60,2023-09-23 10:15:00,Tropical Storm (34-63 knots)
396,AL162023,OPHELIA,TS,35.1,-77.1,50,2023-09-23 12:00:00,Tropical Storm (34-63 knots)
396,AL162023,OPHELIA,TS,36.3,-77.5,40,2023-09-23 18:00:00,Tropical Storm (34-63 knots)
396,AL172023,PHILIPPE,TS,15.7,-39.1,35,2023-09-23 18:00:00,Tropical Storm (34-63 knots)
396,AL172023,PHILIPPE,TS,15.8,-39.8,40,2023-09-24 00:00:00,Tropical Storm (34-63 knots)
396,AL172023,PHILIPPE,TS,16.0,-40.5,45,2023-09-24 06:00:00,Tropical Storm (34-63 knots)
396,AL172023,PHILIPPE,TS,16.3,-41.3,45,2023-09-24 12:00:00,Tropical Storm (34-63 knots)
396,AL172023,PHILIPPE,TS,16.6,-42.0,45,2023-09-24 18:00:00,Tropical Storm (34-63 knots)
396,AL172023,PHILIPPE,TS,16.9,-42.9,45,2023-09-25 00:00:00,Tropical Storm (34-63 knots)
396,AL172023,PHILIPPE,TS,17.1,-43.8,50,2023-09-25 06:00:00,Tropical Storm (34-63 knots)
396,AL172023,PHILIPPE,TS,17.1,-44.8,50,2023-09-25 12:00:00,Tropical Storm (34-63 knots)
396,AL172023,PHILIPPE,TS,17.1,-46.2,45,2023-09-25 18:00:00,Tropical Storm (34-63 knots)
396,AL172023,PHILIPPE,TS,17.4,-47.3,45,2023-09-26 00:00:00,Tropical Storm (34-63 knots)
396,AL172023,PHILIPPE,TS,17.5,-48.5,45,2023-09-26 06:00:00,Tropical Storm (34-63 knots)
396,AL172023,PHILIPPE,TS,17.4,-49.7,40,2023-09-26 12:00:00,Tropical Storm (34-63 knots)
396,AL172023,PHILIPPE,TS,17.1,-50.8,40,2023-09-26 18:00:00,Tropical Storm (34-63 knots)
396,AL172023,PHILIPPE,TS,17.2,-51.6,40,2023-09-27 00:00:00,Tropical Storm (34-63 knots)
396,AL172023,PHILIPPE,TS,17.4,-52.3,40,2023-09-27 06:00:00,Tropical Storm (34-63 knots)
396,AL172023,PHILIPPE,TS,17.5,-53.0,45,2023-09-27 12:00:00,Tropical Storm (34-63 knots)
396,AL172023,PHILIPPE,TS,17.8,-53.7,45,2023-09-27 18:00:00,Tropical Storm (34-63 knots)
396,AL172023,PHILIPPE,TS,18.1,-54.3,40,2023-09-28 00:00:00,Tropical Storm (34-63 knots)
396,AL172023,PHILIPPE,TS,18.5,-54.5,40,2023-09-28 06:00:00,Tropical Storm (34-63 knots)
396,AL172023,PHILIPPE,TS,18.7,-54.7,40,2023-09-28 12:00:00,Tropical Storm (34-63 knots)
396,AL172023,PHILIPPE,TS,18.6,-54.8,40,2023-09-28 18:00:00,Tropical Storm (34-63 knots)
396,AL172023,PHILIPPE,TS,18.5,-54.9,40,2023-09-29 00:00:00,Tropical Storm (34-63 knots)
396,AL172023,PHILIPPE,TS,18.4,-55.0,40,2023-09-29 06:00:00,Tropical Storm (34-63 knots)
396,AL172023,PHILIPPE,TS,18.2,-55.3,45,2023-09-29 12:00:00,Tropical Storm (34-63 knots)
396,AL172023,PHILIPPE,TS,18.0,-55.6,45,2023-09-29 18:00:00,Tropical Storm (34-63 knots)
396,AL172023,PHILIPPE,TS,17.6,-55.7,45,2023-09-30 00:00:00,Tropical Storm (34-63 knots)
396,AL172023,PHILIPPE,TS,17.2,-55.8,45,2023-09-30 06:00:00,Tropical Storm (34-63 knots)
396,AL172023,PHILIPPE,TS,16.8,-56.0,45,2023-09-30 12:00:00,Tropical Storm (34-63 knots)
396,AL172023,PHILIPPE,TS,16.4,-56.3,50,2023-09-30 18:00:00,Tropical Storm (34-63 knots)
396,AL172023,PHILIPPE,TS,16.1,-56.7,50,2023-10-01 00:00:00,Tropical Storm (34-63 knots)
396,AL172023,PHILIPPE,TS,16.0,-57.5,50,2023-10-01 06:00:00,Tropical Storm (34-63 knots)
396,AL172023,PHILIPPE,TS,16.0,-58.4,45,2023-10-01 12:00:00,Tropical Storm (34-63 knots)
396,AL172023,PHILIPPE,TS,16.2,-58.8,45,2023-10-01 18:00:00,Tropical Storm (34-63 knots)
396,AL172023,PHILIPPE,TS,16.5,-59.0,45,2023-10-02 00:00:00,Tropical Storm (34-63 knots)
396,AL172023,PHILIPPE,TS,16.8,-59.7,45,2023-10-02 06:00:00,Tropical Storm (34-63 knots)
396,AL172023,PHILIPPE,TS,16.9,-60.5,45,2023-10-02 12:00:00,Tropical Storm (34-63 knots)
396,AL172023,PHILIPPE,TS,17.3,-61.2,45,2023-10-02 18:00:00,Tropical Storm (34-63 knots)
396,AL172023,PHILIPPE,TS,17.6,-61.8,45,2023-10-02 22:45:00,Tropical Storm (34-63 knots)
396,AL172023,PHILIPPE,TS,17.6,-61.9,45,2023-10-03 00:00:00,Tropical Storm (34-63 knots)
396,AL172023,PHILIPPE,TS,18.1,-62.7,45,2023-10-03 06:00:00,Tropical Storm (34-63 knots)
396,AL172023,PHILIPPE,TS,18.6,-63.6,40,2023-10-03 12:00:00,Tropical Storm (34-63 knots)
396,AL172023,PHILIPPE,TS,19.1,-64.5,40,2023-10-03 18:00:00,Tropical Storm (34-63 knots)
396,AL172023,PHILIPPE,TS,19.5,-65.2,40,2023-10-04 00:00:00,Tropical Storm (34-63 knots)
396,AL172023,PHILIPPE,TS,20.2,-65.4,40,2023-10-04 06:00:00,Tropical Storm (34-63 knots)
396,AL172023,PHILIPPE,TS,21.2,-65.6,40,2023-10-04 12:00:00,Tropical Storm (34-63 knots)
396,AL172023,PHILIPPE,TS,22.2,-65.8,35,2023-10-04 18:00:00,Tropical Storm (34-63 knots)
396,AL172023,PHILIPPE,TS,23.1,-66.0,35,2023-10-05 00:00:00,Tropical Storm (34-63 knots)
396,AL172023,PHILIPPE,TS,24.0,-66.2,40,2023-10-05 06:00:00,Tropical Storm (34-63 knots)
396,AL172023,PHILIPPE,TS,25.1,-66.3,45,2023-10-05 12:00:00,Tropical Storm (34-63 knots)
396,AL172023,PHILIPPE,TS,26.4,-66.1,45,2023-10-05 18:00:00,Tropical Storm (34-63 knots)
396,AL172023,PHILIPPE,TS,27.6,-66.0,45,2023-10-06 00:00:00,Tropical Storm (34-63 knots)
396,AL172023,PHILIPPE,TS,28.7,-65.5,45,2023-10-06 06:00:00,Tropical Storm (34-63 knots)
396,AL182023,RINA,TS,15.6,-44.5,35,2023-09-28 06:00:00,Tropical Storm (34-63 knots)
396,AL182023,RINA,TS,16.9,-45.1,35,2023-09-28 12:00:00,Tropical Storm (34-63 knots)
396,AL182023,RINA,TS,17.7,-45.8,35,2023-09-28 18:00:00,Tropical Storm (34-63 knots)
396,AL182023,RINA,TS,18.2,-46.2,40,2023-09-29 00:00:00,Tropical Storm (34-63 knots)
396,AL182023,RINA,TS,18.6,-46.4,45,2023-09-29 06:00:00,Tropical Storm (34-63 knots)
396,AL182023,RINA,TS,19.1,-46.7,45,2023-09-29 12:00:00,Tropical Storm (34-63 knots)
396,AL182023,RINA,TS,19.8,-47.5,45,2023-09-29 18:00:00,Tropical Storm (34-63 knots)
396,AL182023,RINA,TS,20.2,-48.4,45,2023-09-30 00:00:00,Tropical Storm (34-63 knots)
396,AL182023,RINA,TS,20.5,-49.1,45,2023-09-30 06:00:00,Tropical Storm (34-63 knots)
396,AL182023,RINA,TS,21.0,-50.0,40,2023-09-30 12:00:00,Tropical Storm (34-63 knots)
396,AL182023,RINA,TS,22.1,-51.0,40,2023-09-30 18:00:00,Tropical Storm (34-63 knots)
396,AL182023,RINA,TS,23.0,-52.2,35,2023-10-01 00:00:00,Tropical Storm (34-63 knots)
396,AL182023,RINA,TS,23.8,-53.3,35,2023-10-01 06:00:00,Tropical Storm (34-63 knots)
396,AL182023,RINA,TS,24.8,-54.4,35,2023-10-01 12:00:00,Tropical Storm (34-63 knots)
396,AL192023,SEAN,TS,9.8,-31.4,35,2023-10-11 00:00:00,Tropical Storm (34-63 knots)
396,AL192023,SEAN,TS,10.1,-32.6,35,2023-10-11 06:00:00,Tropical Storm (34-63 knots)
396,AL192023,SEAN,TS,10.7,-33.7,35,2023-10-11 12:00:00,Tropical Storm (34-63 knots)
