from_port_name,from_port_uuid,from_port_unlocode,from_port_lon,from_port_lat,to_port_name,to_port_uuid,to_port_unlocode,to_port_lon,to_port_lat,route_index,lat,lon,total_dist_nm
BREMERHAVEN,6b921397-6fc7-c2f7-1c01-3a7b2196ff60,DEBRV,8.548876,53.55088,NEW YORK,8473f382-0a3d-a5ae-47d6-2faa7e549793,USNYC,-74.0829,40.6759,1,53.5589,8.5367,6391.7062
BREMERHAVEN,6b921397-6fc7-c2f7-1c01-3a7b2196ff60,DEBRV,8.548876,53.55088,NEW YORK,8473f382-0a3d-a5ae-47d6-2faa7e549793,USNYC,-74.0829,40.6759,2,53.9,8.25,6391.7062
BREMERHAVEN,6b921397-6fc7-c2f7-1c01-3a7b2196ff60,DEBRV,8.548876,53.55088,NEW YORK,8473f382-0a3d-a5ae-47d6-2faa7e549793,USNYC,-74.0829,40.6759,3,54.288,7.1488,6391.7062
BREMERHAVEN,6b921397-6fc7-c2f7-1c01-3a7b2196ff60,DEBRV,8.548876,53.55088,NEW YORK,8473f382-0a3d-a5ae-47d6-2faa7e549793,USNYC,-74.0829,40.6759,4,54.7649,5.7952999999999975,6391.7062
BREMERHAVEN,6b921397-6fc7-c2f7-1c01-3a7b2196ff60,DEBRV,8.548876,53.55088,NEW YORK,8473f382-0a3d-a5ae-47d6-2faa7e549793,USNYC,-74.0829,40.6759,5,54.9603,5.2407,6391.7062
BREMERHAVEN,6b921397-6fc7-c2f7-1c01-3a7b2196ff60,DEBRV,8.548876,53.55088,NEW YORK,8473f382-0a3d-a5ae-47d6-2faa7e549793,USNYC,-74.0829,40.6759,6,54.9609,5.239,6391.7062
BREMERHAVEN,6b921397-6fc7-c2f7-1c01-3a7b2196ff60,DEBRV,8.548876,53.55088,NEW YORK,8473f382-0a3d-a5ae-47d6-2faa7e549793,USNYC,-74.0829,40.6759,7,55.3049,4.2627,6391.7062
BREMERHAVEN,6b921397-6fc7-c2f7-1c01-3a7b2196ff60,DEBRV,8.548876,53.55088,NEW YORK,8473f382-0a3d-a5ae-47d6-2faa7e549793,USNYC,-74.0829,40.6759,8,55.4414,3.8752,6391.7062
BREMERHAVEN,6b921397-6fc7-c2f7-1c01-3a7b2196ff60,DEBRV,8.548876,53.55088,NEW YORK,8473f382-0a3d-a5ae-47d6-2faa7e549793,USNYC,-74.0829,40.6759,9,55.7068,3.1218,6391.7062
BREMERHAVEN,6b921397-6fc7-c2f7-1c01-3a7b2196ff60,DEBRV,8.548876,53.55088,NEW YORK,8473f382-0a3d-a5ae-47d6-2faa7e549793,USNYC,-74.0829,40.6759,10,55.8457,2.7276,6391.7062
BREMERHAVEN,6b921397-6fc7-c2f7-1c01-3a7b2196ff60,DEBRV,8.548876,53.55088,NEW YORK,8473f382-0a3d-a5ae-47d6-2faa7e549793,USNYC,-74.0829,40.6759,11,56.3304,1.352,6391.7062
BREMERHAVEN,6b921397-6fc7-c2f7-1c01-3a7b2196ff60,DEBRV,8.548876,53.55088,NEW YORK,8473f382-0a3d-a5ae-47d6-2faa7e549793,USNYC,-74.0829,40.6759,12,57.3,-1.4,6391.7062
BREMERHAVEN,6b921397-6fc7-c2f7-1c01-3a7b2196ff60,DEBRV,8.548876,53.55088,NEW YORK,8473f382-0a3d-a5ae-47d6-2faa7e549793,USNYC,-74.0829,40.6759,13,57.664,-1.746,6391.7062
BREMERHAVEN,6b921397-6fc7-c2f7-1c01-3a7b2196ff60,DEBRV,8.548876,53.55088,NEW YORK,8473f382-0a3d-a5ae-47d6-2faa7e549793,USNYC,-74.0829,40.6759,14,58.6042,-2.9081,6391.7062
BREMERHAVEN,6b921397-6fc7-c2f7-1c01-3a7b2196ff60,DEBRV,8.548876,53.55088,NEW YORK,8473f382-0a3d-a5ae-47d6-2faa7e549793,USNYC,-74.0829,40.6759,15,58.6044,-2.9083,6391.7062
BREMERHAVEN,6b921397-6fc7-c2f7-1c01-3a7b2196ff60,DEBRV,8.548876,53.55088,NEW YORK,8473f382-0a3d-a5ae-47d6-2faa7e549793,USNYC,-74.0829,40.6759,16,58.6045,-2.9088,6391.7062
BREMERHAVEN,6b921397-6fc7-c2f7-1c01-3a7b2196ff60,DEBRV,8.548876,53.55088,NEW YORK,8473f382-0a3d-a5ae-47d6-2faa7e549793,USNYC,-74.0829,40.6759,17,58.7,-3.3333,6391.7062
BREMERHAVEN,6b921397-6fc7-c2f7-1c01-3a7b2196ff60,DEBRV,8.548876,53.55088,NEW YORK,8473f382-0a3d-a5ae-47d6-2faa7e549793,USNYC,-74.0829,40.6759,18,58.7,-4.7995,6391.7062
BREMERHAVEN,6b921397-6fc7-c2f7-1c01-3a7b2196ff60,DEBRV,8.548876,53.55088,NEW YORK,8473f382-0a3d-a5ae-47d6-2faa7e549793,USNYC,-74.0829,40.6759,19,58.7,-5.2,6391.7062
BREMERHAVEN,6b921397-6fc7-c2f7-1c01-3a7b2196ff60,DEBRV,8.548876,53.55088,NEW YORK,8473f382-0a3d-a5ae-47d6-2faa7e549793,USNYC,-74.0829,40.6759,20,58.6762,-5.7205,6391.7062
BREMERHAVEN,6b921397-6fc7-c2f7-1c01-3a7b2196ff60,DEBRV,8.548876,53.55088,NEW YORK,8473f382-0a3d-a5ae-47d6-2faa7e549793,USNYC,-74.0829,40.6759,21,58.6761,-5.7229,6391.7062
BREMERHAVEN,6b921397-6fc7-c2f7-1c01-3a7b2196ff60,DEBRV,8.548876,53.55088,NEW YORK,8473f382-0a3d-a5ae-47d6-2faa7e549793,USNYC,-74.0829,40.6759,22,58.6761,-5.7232,6391.7062
BREMERHAVEN,6b921397-6fc7-c2f7-1c01-3a7b2196ff60,DEBRV,8.548876,53.55088,NEW YORK,8473f382-0a3d-a5ae-47d6-2faa7e549793,USNYC,-74.0829,40.6759,23,58.6411,-6.4895,6391.7062
BREMERHAVEN,6b921397-6fc7-c2f7-1c01-3a7b2196ff60,DEBRV,8.548876,53.55088,NEW YORK,8473f382-0a3d-a5ae-47d6-2faa7e549793,USNYC,-74.0829,40.6759,24,58.543,-8.637,6391.7062
BREMERHAVEN,6b921397-6fc7-c2f7-1c01-3a7b2196ff60,DEBRV,8.548876,53.55088,NEW YORK,8473f382-0a3d-a5ae-47d6-2faa7e549793,USNYC,-74.0829,40.6759,25,58.4746,-10.1362,6391.7062
BREMERHAVEN,6b921397-6fc7-c2f7-1c01-3a7b2196ff60,DEBRV,8.548876,53.55088,NEW YORK,8473f382-0a3d-a5ae-47d6-2faa7e549793,USNYC,-74.0829,40.6759,26,58.3967,-11.8419,6391.7062
BREMERHAVEN,6b921397-6fc7-c2f7-1c01-3a7b2196ff60,DEBRV,8.548876,53.55088,NEW YORK,8473f382-0a3d-a5ae-47d6-2faa7e549793,USNYC,-74.0829,40.6759,27,58.3925,-11.9323,6391.7062
BREMERHAVEN,6b921397-6fc7-c2f7-1c01-3a7b2196ff60,DEBRV,8.548876,53.55088,NEW YORK,8473f382-0a3d-a5ae-47d6-2faa7e549793,USNYC,-74.0829,40.6759,28,58.3696,-12.4344,6391.7062
BREMERHAVEN,6b921397-6fc7-c2f7-1c01-3a7b2196ff60,DEBRV,8.548876,53.55088,NEW YORK,8473f382-0a3d-a5ae-47d6-2faa7e549793,USNYC,-74.0829,40.6759,29,57.9468,-16.517,6391.7062
BREMERHAVEN,6b921397-6fc7-c2f7-1c01-3a7b2196ff60,DEBRV,8.548876,53.55088,NEW YORK,8473f382-0a3d-a5ae-47d6-2faa7e549793,USNYC,-74.0829,40.6759,30,57.8239,-17.7043,6391.7062
BREMERHAVEN,6b921397-6fc7-c2f7-1c01-3a7b2196ff60,DEBRV,8.548876,53.55088,NEW YORK,8473f382-0a3d-a5ae-47d6-2faa7e549793,USNYC,-74.0829,40.6759,31,57.6957,-18.9419,6391.7062
BREMERHAVEN,6b921397-6fc7-c2f7-1c01-3a7b2196ff60,DEBRV,8.548876,53.55088,NEW YORK,8473f382-0a3d-a5ae-47d6-2faa7e549793,USNYC,-74.0829,40.6759,32,57.6424,-19.4569,6391.7062
BREMERHAVEN,6b921397-6fc7-c2f7-1c01-3a7b2196ff60,DEBRV,8.548876,53.55088,NEW YORK,8473f382-0a3d-a5ae-47d6-2faa7e549793,USNYC,-74.0829,40.6759,33,57.5528,-20.0021,6391.7062
BREMERHAVEN,6b921397-6fc7-c2f7-1c01-3a7b2196ff60,DEBRV,8.548876,53.55088,NEW YORK,8473f382-0a3d-a5ae-47d6-2faa7e549793,USNYC,-74.0829,40.6759,34,56.9834,-23.4656,6391.7062
BREMERHAVEN,6b921397-6fc7-c2f7-1c01-3a7b2196ff60,DEBRV,8.548876,53.55088,NEW YORK,8473f382-0a3d-a5ae-47d6-2faa7e549793,USNYC,-74.0829,40.6759,35,56.5442,-26.1369,6391.7062
BREMERHAVEN,6b921397-6fc7-c2f7-1c01-3a7b2196ff60,DEBRV,8.548876,53.55088,NEW YORK,8473f382-0a3d-a5ae-47d6-2faa7e549793,USNYC,-74.0829,40.6759,36,56.4943,-26.3543,6391.7062
BREMERHAVEN,6b921397-6fc7-c2f7-1c01-3a7b2196ff60,DEBRV,8.548876,53.55088,NEW YORK,8473f382-0a3d-a5ae-47d6-2faa7e549793,USNYC,-74.0829,40.6759,37,55.657,-30.0037,6391.7062
BREMERHAVEN,6b921397-6fc7-c2f7-1c01-3a7b2196ff60,DEBRV,8.548876,53.55088,NEW YORK,8473f382-0a3d-a5ae-47d6-2faa7e549793,USNYC,-74.0829,40.6759,38,55.1102,-32.387,6391.7062
BREMERHAVEN,6b921397-6fc7-c2f7-1c01-3a7b2196ff60,DEBRV,8.548876,53.55088,NEW YORK,8473f382-0a3d-a5ae-47d6-2faa7e549793,USNYC,-74.0829,40.6759,39,54.5246,-34.3425,6391.7062
BREMERHAVEN,6b921397-6fc7-c2f7-1c01-3a7b2196ff60,DEBRV,8.548876,53.55088,NEW YORK,8473f382-0a3d-a5ae-47d6-2faa7e549793,USNYC,-74.0829,40.6759,40,53.8977,-36.4357,6391.7062
BREMERHAVEN,6b921397-6fc7-c2f7-1c01-3a7b2196ff60,DEBRV,8.548876,53.55088,NEW YORK,8473f382-0a3d-a5ae-47d6-2faa7e549793,USNYC,-74.0829,40.6759,41,53.8077,-36.736,6391.7062
BREMERHAVEN,6b921397-6fc7-c2f7-1c01-3a7b2196ff60,DEBRV,8.548876,53.55088,NEW YORK,8473f382-0a3d-a5ae-47d6-2faa7e549793,USNYC,-74.0829,40.6759,42,53.3802,-38.1634,6391.7062
BREMERHAVEN,6b921397-6fc7-c2f7-1c01-3a7b2196ff60,DEBRV,8.548876,53.55088,NEW YORK,8473f382-0a3d-a5ae-47d6-2faa7e549793,USNYC,-74.0829,40.6759,43,52.6905,-40.0023,6391.7062
BREMERHAVEN,6b921397-6fc7-c2f7-1c01-3a7b2196ff60,DEBRV,8.548876,53.55088,NEW YORK,8473f382-0a3d-a5ae-47d6-2faa7e549793,USNYC,-74.0829,40.6759,44,51.9793,-41.8983,6391.7062
BREMERHAVEN,6b921397-6fc7-c2f7-1c01-3a7b2196ff60,DEBRV,8.548876,53.55088,NEW YORK,8473f382-0a3d-a5ae-47d6-2faa7e549793,USNYC,-74.0829,40.6759,45,51.3939,-43.459,6391.7062
BREMERHAVEN,6b921397-6fc7-c2f7-1c01-3a7b2196ff60,DEBRV,8.548876,53.55088,NEW YORK,8473f382-0a3d-a5ae-47d6-2faa7e549793,USNYC,-74.0829,40.6759,46,50.0,-46.5152,6391.7062
BREMERHAVEN,6b921397-6fc7-c2f7-1c01-3a7b2196ff60,DEBRV,8.548876,53.55088,NEW YORK,8473f382-0a3d-a5ae-47d6-2faa7e549793,USNYC,-74.0829,40.6759,47,49.1892,-48.293,6391.7062
BREMERHAVEN,6b921397-6fc7-c2f7-1c01-3a7b2196ff60,DEBRV,8.548876,53.55088,NEW YORK,8473f382-0a3d-a5ae-47d6-2faa7e549793,USNYC,-74.0829,40.6759,48,48.8991,-48.8281,6391.7062
BREMERHAVEN,6b921397-6fc7-c2f7-1c01-3a7b2196ff60,DEBRV,8.548876,53.55088,NEW YORK,8473f382-0a3d-a5ae-47d6-2faa7e549793,USNYC,-74.0829,40.6759,49,48.2632,-50.001,6391.7062
BREMERHAVEN,6b921397-6fc7-c2f7-1c01-3a7b2196ff60,DEBRV,8.548876,53.55088,NEW YORK,8473f382-0a3d-a5ae-47d6-2faa7e549793,USNYC,-74.0829,40.6759,50,46.8,-52.7,6391.7062
BREMERHAVEN,6b921397-6fc7-c2f7-1c01-3a7b2196ff60,DEBRV,8.548876,53.55088,NEW YORK,8473f382-0a3d-a5ae-47d6-2faa7e549793,USNYC,-74.0829,40.6759,51,46.1,-54.0,6391.7062
BREMERHAVEN,6b921397-6fc7-c2f7-1c01-3a7b2196ff60,DEBRV,8.548876,53.55088,NEW YORK,8473f382-0a3d-a5ae-47d6-2faa7e549793,USNYC,-74.0829,40.6759,52,45.0,-55.0,6391.7062
BREMERHAVEN,6b921397-6fc7-c2f7-1c01-3a7b2196ff60,DEBRV,8.548876,53.55088,NEW YORK,8473f382-0a3d-a5ae-47d6-2faa7e549793,USNYC,-74.0829,40.6759,53,43.7421,-59.7029,6391.7062
BREMERHAVEN,6b921397-6fc7-c2f7-1c01-3a7b2196ff60,DEBRV,8.548876,53.55088,NEW YORK,8473f382-0a3d-a5ae-47d6-2faa7e549793,USNYC,-74.0829,40.6759,54,42.3,-64.2,6391.7062
BREMERHAVEN,6b921397-6fc7-c2f7-1c01-3a7b2196ff60,DEBRV,8.548876,53.55088,NEW YORK,8473f382-0a3d-a5ae-47d6-2faa7e549793,USNYC,-74.0829,40.6759,55,40.6244,-68.6402,6391.7062
BREMERHAVEN,6b921397-6fc7-c2f7-1c01-3a7b2196ff60,DEBRV,8.548876,53.55088,NEW YORK,8473f382-0a3d-a5ae-47d6-2faa7e549793,USNYC,-74.0829,40.6759,56,40.5541,-68.8267,6391.7062
BREMERHAVEN,6b921397-6fc7-c2f7-1c01-3a7b2196ff60,DEBRV,8.548876,53.55088,NEW YORK,8473f382-0a3d-a5ae-47d6-2faa7e549793,USNYC,-74.0829,40.6759,57,40.5413,-68.8606,6391.7062
BREMERHAVEN,6b921397-6fc7-c2f7-1c01-3a7b2196ff60,DEBRV,8.548876,53.55088,NEW YORK,8473f382-0a3d-a5ae-47d6-2faa7e549793,USNYC,-74.0829,40.6759,58,40.5226,-68.9101,6391.7062
BREMERHAVEN,6b921397-6fc7-c2f7-1c01-3a7b2196ff60,DEBRV,8.548876,53.55088,NEW YORK,8473f382-0a3d-a5ae-47d6-2faa7e549793,USNYC,-74.0829,40.6759,59,40.5004,-68.9689,6391.7062
BREMERHAVEN,6b921397-6fc7-c2f7-1c01-3a7b2196ff60,DEBRV,8.548876,53.55088,NEW YORK,8473f382-0a3d-a5ae-47d6-2faa7e549793,USNYC,-74.0829,40.6759,60,40.492,-69.468,6391.7062
BREMERHAVEN,6b921397-6fc7-c2f7-1c01-3a7b2196ff60,DEBRV,8.548876,53.55088,NEW YORK,8473f382-0a3d-a5ae-47d6-2faa7e549793,USNYC,-74.0829,40.6759,61,40.4844,-69.9192,6391.7062
BREMERHAVEN,6b921397-6fc7-c2f7-1c01-3a7b2196ff60,DEBRV,8.548876,53.55088,NEW YORK,8473f382-0a3d-a5ae-47d6-2faa7e549793,USNYC,-74.0829,40.6759,62,40.4612,-71.3012,6391.7062
BREMERHAVEN,6b921397-6fc7-c2f7-1c01-3a7b2196ff60,DEBRV,8.548876,53.55088,NEW YORK,8473f382-0a3d-a5ae-47d6-2faa7e549793,USNYC,-74.0829,40.6759,63,40.4569,-71.555,6391.7062
BREMERHAVEN,6b921397-6fc7-c2f7-1c01-3a7b2196ff60,DEBRV,8.548876,53.55088,NEW YORK,8473f382-0a3d-a5ae-47d6-2faa7e549793,USNYC,-74.0829,40.6759,64,40.4556,-71.6331,6391.7062
BREMERHAVEN,6b921397-6fc7-c2f7-1c01-3a7b2196ff60,DEBRV,8.548876,53.55088,NEW YORK,8473f382-0a3d-a5ae-47d6-2faa7e549793,USNYC,-74.0829,40.6759,65,40.4532,-71.7986,6391.7062
BREMERHAVEN,6b921397-6fc7-c2f7-1c01-3a7b2196ff60,DEBRV,8.548876,53.55088,NEW YORK,8473f382-0a3d-a5ae-47d6-2faa7e549793,USNYC,-74.0829,40.6759,66,40.5352,-73.0277,6391.7062
BREMERHAVEN,6b921397-6fc7-c2f7-1c01-3a7b2196ff60,DEBRV,8.548876,53.55088,NEW YORK,8473f382-0a3d-a5ae-47d6-2faa7e549793,USNYC,-74.0829,40.6759,67,40.6,-74.0,6391.7062
BREMERHAVEN,6b921397-6fc7-c2f7-1c01-3a7b2196ff60,DEBRV,8.548876,53.55088,NEW YORK,8473f382-0a3d-a5ae-47d6-2faa7e549793,USNYC,-74.0829,40.6759,68,40.6061,-74.0456,6391.7062
BREMERHAVEN,6b921397-6fc7-c2f7-1c01-3a7b2196ff60,DEBRV,8.548876,53.55088,NEW YORK,8473f382-0a3d-a5ae-47d6-2faa7e549793,USNYC,-74.0829,40.6759,69,40.6143,-74.0494,6391.7062
BREMERHAVEN,6b921397-6fc7-c2f7-1c01-3a7b2196ff60,DEBRV,8.548876,53.55088,NEW YORK,8473f382-0a3d-a5ae-47d6-2faa7e549793,USNYC,-74.0829,40.6759,70,40.6285,-74.0561,6391.7062
BREMERHAVEN,6b921397-6fc7-c2f7-1c01-3a7b2196ff60,DEBRV,8.548876,53.55088,NEW YORK,8473f382-0a3d-a5ae-47d6-2faa7e549793,USNYC,-74.0829,40.6759,71,40.6465,-74.0631,6391.7062
BREMERHAVEN,6b921397-6fc7-c2f7-1c01-3a7b2196ff60,DEBRV,8.548876,53.55088,NEW YORK,8473f382-0a3d-a5ae-47d6-2faa7e549793,USNYC,-74.0829,40.6759,72,40.6676,-74.0488,6391.7062
BREMERHAVEN,6b921397-6fc7-c2f7-1c01-3a7b2196ff60,DEBRV,8.548876,53.55088,NEW YORK,8473f382-0a3d-a5ae-47d6-2faa7e549793,USNYC,-74.0829,40.6759,73,40.6759,-74.0829,6391.7062
BREMERHAVEN,6b921397-6fc7-c2f7-1c01-3a7b2196ff60,DEBRV,8.548876,53.55088,BALTIMORE,7c9f6b30-134a-f7e5-bba0-3cd15a9de651,USBAL,-76.58681,39.254,0,53.55088,8.548876,6675.9321
BREMERHAVEN,6b921397-6fc7-c2f7-1c01-3a7b2196ff60,DEBRV,8.548876,53.55088,BALTIMORE,7c9f6b30-134a-f7e5-bba0-3cd15a9de651,USBAL,-76.58681,39.254,1,53.5589,8.5367,6675.9321
BREMERHAVEN,6b921397-6fc7-c2f7-1c01-3a7b2196ff60,DEBRV,8.548876,53.55088,BALTIMORE,7c9f6b30-134a-f7e5-bba0-3cd15a9de651,USBAL,-76.58681,39.254,2,53.9,8.25,6675.9321
BREMERHAVEN,6b921397-6fc7-c2f7-1c01-3a7b2196ff60,DEBRV,8.548876,53.55088,BALTIMORE,7c9f6b30-134a-f7e5-bba0-3cd15a9de651,USBAL,-76.58681,39.254,3,54.288,7.1488,6675.9321
BREMERHAVEN,6b921397-6fc7-c2f7-1c01-3a7b2196ff60,DEBRV,8.548876,53.55088,BALTIMORE,7c9f6b30-134a-f7e5-bba0-3cd15a9de651,USBAL,-76.58681,39.254,4,54.7649,5.7952999999999975,6675.9321
BREMERHAVEN,6b921397-6fc7-c2f7-1c01-3a7b2196ff60,DEBRV,8.548876,53.55088,BALTIMORE,7c9f6b30-134a-f7e5-bba0-3cd15a9de651,USBAL,-76.58681,39.254,5,54.9603,5.2407,6675.9321
BREMERHAVEN,6b921397-6fc7-c2f7-1c01-3a7b2196ff60,DEBRV,8.548876,53.55088,BALTIMORE,7c9f6b30-134a-f7e5-bba0-3cd15a9de651,USBAL,-76.58681,39.254,6,54.9609,5.239,6675.9321
BREMERHAVEN,6b921397-6fc7-c2f7-1c01-3a7b2196ff60,DEBRV,8.548876,53.55088,BALTIMORE,7c9f6b30-134a-f7e5-bba0-3cd15a9de651,USBAL,-76.58681,39.254,7,55.3049,4.2627,6675.9321
BREMERHAVEN,6b921397-6fc7-c2f7-1c01-3a7b2196ff60,DEBRV,8.548876,53.55088,BALTIMORE,7c9f6b30-134a-f7e5-bba0-3cd15a9de651,USBAL,-76.58681,39.254,8,55.4414,3.8752,6675.9321
BREMERHAVEN,6b921397-6fc7-c2f7-1c01-3a7b2196ff60,DEBRV,8.548876,53.55088,BALTIMORE,7c9f6b30-134a-f7e5-bba0-3cd15a9de651,USBAL,-76.58681,39.254,9,55.7068,3.1218,6675.9321
BREMERHAVEN,6b921397-6fc7-c2f7-1c01-3a7b2196ff60,DEBRV,8.548876,53.55088,BALTIMORE,7c9f6b30-134a-f7e5-bba0-3cd15a9de651,USBAL,-76.58681,39.254,10,55.8457,2.7276,6675.9321
BREMERHAVEN,6b921397-6fc7-c2f7-1c01-3a7b2196ff60,DEBRV,8.548876,53.55088,BALTIMORE,7c9f6b30-134a-f7e5-bba0-3cd15a9de651,USBAL,-76.58681,39.254,11,56.3304,1.352,6675.9321
BREMERHAVEN,6b921397-6fc7-c2f7-1c01-3a7b2196ff60,DEBRV,8.548876,53.55088,BALTIMORE,7c9f6b30-134a-f7e5-bba0-3cd15a9de651,USBAL,-76.58681,39.254,12,57.3,-1.4,6675.9321
BREMERHAVEN,6b921397-6fc7-c2f7-1c01-3a7b2196ff60,DEBRV,8.548876,53.55088,BALTIMORE,7c9f6b30-134a-f7e5-bba0-3cd15a9de651,USBAL,-76.58681,39.254,13,57.664,-1.746,6675.9321
BREMERHAVEN,6b921397-6fc7-c2f7-1c01-3a7b2196ff60,DEBRV,8.548876,53.55088,BALTIMORE,7c9f6b30-134a-f7e5-bba0-3cd15a9de651,USBAL,-76.58681,39.254,14,58.6042,-2.9081,6675.9321
BREMERHAVEN,6b921397-6fc7-c2f7-1c01-3a7b2196ff60,DEBRV,8.548876,53.55088,BALTIMORE,7c9f6b30-134a-f7e5-bba0-3cd15a9de651,USBAL,-76.58681,39.254,15,58.6044,-2.9083,6675.9321
BREMERHAVEN,6b921397-6fc7-c2f7-1c01-3a7b2196ff60,DEBRV,8.548876,53.55088,BALTIMORE,7c9f6b30-134a-f7e5-bba0-3cd15a9de651,USBAL,-76.58681,39.254,16,58.6045,-2.9088,6675.9321
BREMERHAVEN,6b921397-6fc7-c2f7-1c01-3a7b2196ff60,DEBRV,8.548876,53.55088,BALTIMORE,7c9f6b30-134a-f7e5-bba0-3cd15a9de651,USBAL,-76.58681,39.254,17,58.7,-3.3333,6675.9321
BREMERHAVEN,6b921397-6fc7-c2f7-1c01-3a7b2196ff60,DEBRV,8.548876,53.55088,BALTIMORE,7c9f6b30-134a-f7e5-bba0-3cd15a9de651,USBAL,-76.58681,39.254,18,58.7,-4.7995,6675.9321
BREMERHAVEN,6b921397-6fc7-c2f7-1c01-3a7b2196ff60,DEBRV,8.548876,53.55088,BALTIMORE,7c9f6b30-134a-f7e5-bba0-3cd15a9de651,USBAL,-76.58681,39.254,19,58.7,-5.2,6675.9321
BREMERHAVEN,6b921397-6fc7-c2f7-1c01-3a7b2196ff60,DEBRV,8.548876,53.55088,BALTIMORE,7c9f6b30-134a-f7e5-bba0-3cd15a9de651,USBAL,-76.58681,39.254,20,58.6762,-5.7205,6675.9321
BREMERHAVEN,6b921397-6fc7-c2f7-1c01-3a7b2196ff60,DEBRV,8.548876,53.55088,BALTIMORE,7c9f6b30-134a-f7e5-bba0-3cd15a9de651,USBAL,-76.58681,39.254,21,58.6761,-5.7229,6675.9321
BREMERHAVEN,6b921397-6fc7-c2f7-1c01-3a7b2196ff60,DEBRV,8.548876,53.55088,BALTIMORE,7c9f6b30-134a-f7e5-bba0-3cd15a9de651,USBAL,-76.58681,39.254,22,58.6761,-5.7232,6675.9321
BREMERHAVEN,6b921397-6fc7-c2f7-1c01-3a7b2196ff60,DEBRV,8.548876,53.55088,BALTIMORE,7c9f6b30-134a-f7e5-bba0-3cd15a9de651,USBAL,-76.58681,39.254,23,58.6411,-6.4895,6675.9321
BREMERHAVEN,6b921397-6fc7-c2f7-1c01-3a7b2196ff60,DEBRV,8.548876,53.55088,BALTIMORE,7c9f6b30-134a-f7e5-bba0-3cd15a9de651,USBAL,-76.58681,39.254,24,58.543,-8.637,6675.9321
BREMERHAVEN,6b921397-6fc7-c2f7-1c01-3a7b2196ff60,DEBRV,8.548876,53.55088,BALTIMORE,7c9f6b30-134a-f7e5-bba0-3cd15a9de651,USBAL,-76.58681,39.254,25,58.4746,-10.1362,6675.9321
BREMERHAVEN,6b921397-6fc7-c2f7-1c01-3a7b2196ff60,DEBRV,8.548876,53.55088,BALTIMORE,7c9f6b30-134a-f7e5-bba0-3cd15a9de651,USBAL,-76.58681,39.254,26,58.3967,-11.8419,6675.9321
BREMERHAVEN,6b921397-6fc7-c2f7-1c01-3a7b2196ff60,DEBRV,8.548876,53.55088,BALTIMORE,7c9f6b30-134a-f7e5-bba0-3cd15a9de651,USBAL,-76.58681,39.254,27,58.3925,-11.9323,6675.9321
BREMERHAVEN,6b921397-6fc7-c2f7-1c01-3a7b2196ff60,DEBRV,8.548876,53.55088,BALTIMORE,7c9f6b30-134a-f7e5-bba0-3cd15a9de651,USBAL,-76.58681,39.254,28,58.3696,-12.4344,6675.9321
BREMERHAVEN,6b921397-6fc7-c2f7-1c01-3a7b2196ff60,DEBRV,8.548876,53.55088,BALTIMORE,7c9f6b30-134a-f7e5-bba0-3cd15a9de651,USBAL,-76.58681,39.254,29,57.9468,-16.517,6675.9321
BREMERHAVEN,6b921397-6fc7-c2f7-1c01-3a7b2196ff60,DEBRV,8.548876,53.55088,BALTIMORE,7c9f6b30-134a-f7e5-bba0-3cd15a9de651,USBAL,-76.58681,39.254,30,57.8239,-17.7043,6675.9321
BREMERHAVEN,6b921397-6fc7-c2f7-1c01-3a7b2196ff60,DEBRV,8.548876,53.55088,BALTIMORE,7c9f6b30-134a-f7e5-bba0-3cd15a9de651,USBAL,-76.58681,39.254,31,57.6957,-18.9419,6675.9321
BREMERHAVEN,6b921397-6fc7-c2f7-1c01-3a7b2196ff60,DEBRV,8.548876,53.55088,BALTIMORE,7c9f6b30-134a-f7e5-bba0-3cd15a9de651,USBAL,-76.58681,39.254,32,57.6424,-19.4569,6675.9321
BREMERHAVEN,6b921397-6fc7-c2f7-1c01-3a7b2196ff60,DEBRV,8.548876,53.55088,BALTIMORE,7c9f6b30-134a-f7e5-bba0-3cd15a9de651,USBAL,-76.58681,39.254,33,57.5528,-20.0021,6675.9321
BREMERHAVEN,6b921397-6fc7-c2f7-1c01-3a7b2196ff60,DEBRV,8.548876,53.55088,BALTIMORE,7c9f6b30-134a-f7e5-bba0-3cd15a9de651,USBAL,-76.58681,39.254,34,56.9834,-23.4656,6675.9321
BREMERHAVEN,6b921397-6fc7-c2f7-1c01-3a7b2196ff60,DEBRV,8.548876,53.55088,BALTIMORE,7c9f6b30-134a-f7e5-bba0-3cd15a9de651,USBAL,-76.58681,39.254,35,56.5442,-26.1369,6675.9321
BREMERHAVEN,6b921397-6fc7-c2f7-1c01-3a7b2196ff60,DEBRV,8.548876,53.55088,BALTIMORE,7c9f6b30-134a-f7e5-bba0-3cd15a9de651,USBAL,-76.58681,39.254,36,56.4943,-26.3543,6675.9321
BREMERHAVEN,6b921397-6fc7-c2f7-1c01-3a7b2196ff60,DEBRV,8.548876,53.55088,BALTIMORE,7c9f6b30-134a-f7e5-bba0-3cd15a9de651,USBAL,-76.58681,39.254,37,55.657,-30.0037,6675.9321
BREMERHAVEN,6b921397-6fc7-c2f7-1c01-3a7b2196ff60,DEBRV,8.548876,53.55088,BALTIMORE,7c9f6b30-134a-f7e5-bba0-3cd15a9de651,USBAL,-76.58681,39.254,38,55.1102,-32.387,6675.9321
BREMERHAVEN,6b921397-6fc7-c2f7-1c01-3a7b2196ff60,DEBRV,8.548876,53.55088,BALTIMORE,7c9f6b30-134a-f7e5-bba0-3cd15a9de651,USBAL,-76.58681,39.254,39,54.5246,-34.3425,6675.9321
BREMERHAVEN,6b921397-6fc7-c2f7-1c01-3a7b2196ff60,DEBRV,8.548876,53.55088,BALTIMORE,7c9f6b30-134a-f7e5-bba0-3cd15a9de651,USBAL,-76.58681,39.254,40,53.8977,-36.4357,6675.9321
BREMERHAVEN,6b921397-6fc7-c2f7-1c01-3a7b2196ff60,DEBRV,8.548876,53.55088,BALTIMORE,7c9f6b30-134a-f7e5-bba0-3cd15a9de651,USBAL,-76.58681,39.254,41,53.8077,-36.736,6675.9321
BREMERHAVEN,6b921397-6fc7-c2f7-1c01-3a7b2196ff60,DEBRV,8.548876,53.55088,BALTIMORE,7c9f6b30-134a-f7e5-bba0-3cd15a9de651,USBAL,-76.58681,39.254,42,53.3802,-38.1634,6675.9321
BREMERHAVEN,6b921397-6fc7-c2f7-1c01-3a7b2196ff60,DEBRV,8.548876,53.55088,BALTIMORE,7c9f6b30-134a-f7e5-bba0-3cd15a9de651,USBAL,-76.58681,39.254,43,52.6905,-40.0023,6675.9321
BREMERHAVEN,6b921397-6fc7-c2f7-1c01-3a7b2196ff60,DEBRV,8.548876,53.55088,BALTIMORE,7c9f6b30-134a-f7e5-bba0-3cd15a9de651,USBAL,-76.58681,39.254,44,51.9793,-41.8983,6675.9321
BREMERHAVEN,6b921397-6fc7-c2f7-1c01-3a7b2196ff60,DEBRV,8.548876,53.55088,BALTIMORE,7c9f6b30-134a-f7e5-bba0-3cd15a9de651,USBAL,-76.58681,39.254,45,51.3939,-43.459,6675.9321
BREMERHAVEN,6b921397-6fc7-c2f7-1c01-3a7b2196ff60,DEBRV,8.548876,53.55088,BALTIMORE,7c9f6b30-134a-f7e5-bba0-3cd15a9de651,USBAL,-76.58681,39.254,46,50.0,-46.5152,6675.9321
BREMERHAVEN,6b921397-6fc7-c2f7-1c01-3a7b2196ff60,DEBRV,8.548876,53.55088,BALTIMORE,7c9f6b30-134a-f7e5-bba0-3cd15a9de651,USBAL,-76.58681,39.254,47,49.1892,-48.293,6675.9321
BREMERHAVEN,6b921397-6fc7-c2f7-1c01-3a7b2196ff60,DEBRV,8.548876,53.55088,BALTIMORE,7c9f6b30-134a-f7e5-bba0-3cd15a9de651,USBAL,-76.58681,39.254,48,48.8991,-48.8281,6675.9321
BREMERHAVEN,6b921397-6fc7-c2f7-1c01-3a7b2196ff60,DEBRV,8.548876,53.55088,BALTIMORE,7c9f6b30-134a-f7e5-bba0-3cd15a9de651,USBAL,-76.58681,39.254,49,48.2632,-50.001,6675.9321
BREMERHAVEN,6b921397-6fc7-c2f7-1c01-3a7b2196ff60,DEBRV,8.548876,53.55088,BALTIMORE,7c9f6b30-134a-f7e5-bba0-3cd15a9de651,USBAL,-76.58681,39.254,50,46.8,-52.7,6675.9321
BREMERHAVEN,6b921397-6fc7-c2f7-1c01-3a7b2196ff60,DEBRV,8.548876,53.55088,BALTIMORE,7c9f6b30-134a-f7e5-bba0-3cd15a9de651,USBAL,-76.58681,39.254,51,46.1,-54.0,6675.9321
BREMERHAVEN,6b921397-6fc7-c2f7-1c01-3a7b2196ff60,DEBRV,8.548876,53.55088,BALTIMORE,7c9f6b30-134a-f7e5-bba0-3cd15a9de651,USBAL,-76.58681,39.254,52,45.0,-55.0,6675.9321
BREMERHAVEN,6b921397-6fc7-c2f7-1c01-3a7b2196ff60,DEBRV,8.548876,53.55088,BALTIMORE,7c9f6b30-134a-f7e5-bba0-3cd15a9de651,USBAL,-76.58681,39.254,53,43.7421,-59.7029,6675.9321
BREMERHAVEN,6b921397-6fc7-c2f7-1c01-3a7b2196ff60,DEBRV,8.548876,53.55088,BALTIMORE,7c9f6b30-134a-f7e5-bba0-3cd15a9de651,USBAL,-76.58681,39.254,54,42.3,-64.2,6675.9321
BREMERHAVEN,6b921397-6fc7-c2f7-1c01-3a7b2196ff60,DEBRV,8.548876,53.55088,BALTIMORE,7c9f6b30-134a-f7e5-bba0-3cd15a9de651,USBAL,-76.58681,39.254,55,40.6244,-68.6402,6675.9321
BREMERHAVEN,6b921397-6fc7-c2f7-1c01-3a7b2196ff60,DEBRV,8.548876,53.55088,BALTIMORE,7c9f6b30-134a-f7e5-bba0-3cd15a9de651,USBAL,-76.58681,39.254,56,40.5541,-68.8267,6675.9321
BREMERHAVEN,6b921397-6fc7-c2f7-1c01-3a7b2196ff60,DEBRV,8.548876,53.55088,BALTIMORE,7c9f6b30-134a-f7e5-bba0-3cd15a9de651,USBAL,-76.58681,39.254,57,40.5413,-68.8606,6675.9321
BREMERHAVEN,6b921397-6fc7-c2f7-1c01-3a7b2196ff60,DEBRV,8.548876,53.55088,BALTIMORE,7c9f6b30-134a-f7e5-bba0-3cd15a9de651,USBAL,-76.58681,39.254,58,40.5226,-68.9101,6675.9321
BREMERHAVEN,6b921397-6fc7-c2f7-1c01-3a7b2196ff60,DEBRV,8.548876,53.55088,BALTIMORE,7c9f6b30-134a-f7e5-bba0-3cd15a9de651,USBAL,-76.58681,39.254,59,40.5004,-68.9689,6675.9321
BREMERHAVEN,6b921397-6fc7-c2f7-1c01-3a7b2196ff60,DEBRV,8.548876,53.55088,BALTIMORE,7c9f6b30-134a-f7e5-bba0-3cd15a9de651,USBAL,-76.58681,39.254,60,40.3,-69.5,6675.9321
BREMERHAVEN,6b921397-6fc7-c2f7-1c01-3a7b2196ff60,DEBRV,8.548876,53.55088,BALTIMORE,7c9f6b30-134a-f7e5-bba0-3cd15a9de651,USBAL,-76.58681,39.254,61,40.2853,-69.5271,6675.9321
BREMERHAVEN,6b921397-6fc7-c2f7-1c01-3a7b2196ff60,DEBRV,8.548876,53.55088,BALTIMORE,7c9f6b30-134a-f7e5-bba0-3cd15a9de651,USBAL,-76.58681,39.254,62,40.0,-70.4882,6675.9321
BREMERHAVEN,6b921397-6fc7-c2f7-1c01-3a7b2196ff60,DEBRV,8.548876,53.55088,BALTIMORE,7c9f6b30-134a-f7e5-bba0-3cd15a9de651,USBAL,-76.58681,39.254,63,39.813,-71.1183,6675.9321
BREMERHAVEN,6b921397-6fc7-c2f7-1c01-3a7b2196ff60,DEBRV,8.548876,53.55088,BALTIMORE,7c9f6b30-134a-f7e5-bba0-3cd15a9de651,USBAL,-76.58681,39.254,64,39.6518,-71.6611,6675.9321
BREMERHAVEN,6b921397-6fc7-c2f7-1c01-3a7b2196ff60,DEBRV,8.548876,53.55088,BALTIMORE,7c9f6b30-134a-f7e5-bba0-3cd15a9de651,USBAL,-76.58681,39.254,65,39.4191,-72.4449,6675.9321
BREMERHAVEN,6b921397-6fc7-c2f7-1c01-3a7b2196ff60,DEBRV,8.548876,53.55088,BALTIMORE,7c9f6b30-134a-f7e5-bba0-3cd15a9de651,USBAL,-76.58681,39.254,66,39.41,-72.4756,6675.9321
BREMERHAVEN,6b921397-6fc7-c2f7-1c01-3a7b2196ff60,DEBRV,8.548876,53.55088,BALTIMORE,7c9f6b30-134a-f7e5-bba0-3cd15a9de651,USBAL,-76.58681,39.254,67,39.3183,-72.7847,6675.9321
BREMERHAVEN,6b921397-6fc7-c2f7-1c01-3a7b2196ff60,DEBRV,8.548876,53.55088,BALTIMORE,7c9f6b30-134a-f7e5-bba0-3cd15a9de651,USBAL,-76.58681,39.254,68,39.2828,-72.9041,6675.9321
BREMERHAVEN,6b921397-6fc7-c2f7-1c01-3a7b2196ff60,DEBRV,8.548876,53.55088,BALTIMORE,7c9f6b30-134a-f7e5-bba0-3cd15a9de651,USBAL,-76.58681,39.254,69,39.2422,-73.0409,6675.9321
BREMERHAVEN,6b921397-6fc7-c2f7-1c01-3a7b2196ff60,DEBRV,8.548876,53.55088,BALTIMORE,7c9f6b30-134a-f7e5-bba0-3cd15a9de651,USBAL,-76.58681,39.254,70,39.0225,-73.781,6675.9321
BREMERHAVEN,6b921397-6fc7-c2f7-1c01-3a7b2196ff60,DEBRV,8.548876,53.55088,BALTIMORE,7c9f6b30-134a-f7e5-bba0-3cd15a9de651,USBAL,-76.58681,39.254,71,38.9356,-74.0737,6675.9321
BREMERHAVEN,6b921397-6fc7-c2f7-1c01-3a7b2196ff60,DEBRV,8.548876,53.55088,BALTIMORE,7c9f6b30-134a-f7e5-bba0-3cd15a9de651,USBAL,-76.58681,39.254,72,38.787,-74.5743,6675.9321
BREMERHAVEN,6b921397-6fc7-c2f7-1c01-3a7b2196ff60,DEBRV,8.548876,53.55088,BALTIMORE,7c9f6b30-134a-f7e5-bba0-3cd15a9de651,USBAL,-76.58681,39.254,73,38.7884,-74.7648,6675.9321
BREMERHAVEN,6b921397-6fc7-c2f7-1c01-3a7b2196ff60,DEBRV,8.548876,53.55088,BALTIMORE,7c9f6b30-134a-f7e5-bba0-3cd15a9de651,USBAL,-76.58681,39.254,74,38.79,-75.0095,6675.9321
BREMERHAVEN,6b921397-6fc7-c2f7-1c01-3a7b2196ff60,DEBRV,8.548876,53.55088,BALTIMORE,7c9f6b30-134a-f7e5-bba0-3cd15a9de651,USBAL,-76.58681,39.254,75,38.8498,-75.059,6675.9321
BREMERHAVEN,6b921397-6fc7-c2f7-1c01-3a7b2196ff60,DEBRV,8.548876,53.55088,BALTIMORE,7c9f6b30-134a-f7e5-bba0-3cd15a9de651,USBAL,-76.58681,39.254,76,38.9208,-75.0972,6675.9321
BREMERHAVEN,6b921397-6fc7-c2f7-1c01-3a7b2196ff60,DEBRV,8.548876,53.55088,BALTIMORE,7c9f6b30-134a-f7e5-bba0-3cd15a9de651,USBAL,-76.58681,39.254,77,38.9472,-75.1114,6675.9321
BREMERHAVEN,6b921397-6fc7-c2f7-1c01-3a7b2196ff60,DEBRV,8.548876,53.55088,BALTIMORE,7c9f6b30-134a-f7e5-bba0-3cd15a9de651,USBAL,-76.58681,39.254,78,38.9747,-75.1262,6675.9321
BREMERHAVEN,6b921397-6fc7-c2f7-1c01-3a7b2196ff60,DEBRV,8.548876,53.55088,BALTIMORE,7c9f6b30-134a-f7e5-bba0-3cd15a9de651,USBAL,-76.58681,39.254,79,39.0061,-75.1436,6675.9321
BREMERHAVEN,6b921397-6fc7-c2f7-1c01-3a7b2196ff60,DEBRV,8.548876,53.55088,BALTIMORE,7c9f6b30-134a-f7e5-bba0-3cd15a9de651,USBAL,-76.58681,39.254,80,39.0837,-75.1861,6675.9321
BREMERHAVEN,6b921397-6fc7-c2f7-1c01-3a7b2196ff60,DEBRV,8.548876,53.55088,BALTIMORE,7c9f6b30-134a-f7e5-bba0-3cd15a9de651,USBAL,-76.58681,39.254,81,39.1137,-75.2128,6675.9321
BREMERHAVEN,6b921397-6fc7-c2f7-1c01-3a7b2196ff60,DEBRV,8.548876,53.55088,BALTIMORE,7c9f6b30-134a-f7e5-bba0-3cd15a9de651,USBAL,-76.58681,39.254,82,39.142,-75.2383,6675.9321
BREMERHAVEN,6b921397-6fc7-c2f7-1c01-3a7b2196ff60,DEBRV,8.548876,53.55088,BALTIMORE,7c9f6b30-134a-f7e5-bba0-3cd15a9de651,USBAL,-76.58681,39.254,83,39.18,-75.2711,6675.9321
BREMERHAVEN,6b921397-6fc7-c2f7-1c01-3a7b2196ff60,DEBRV,8.548876,53.55088,BALTIMORE,7c9f6b30-134a-f7e5-bba0-3cd15a9de651,USBAL,-76.58681,39.254,84,39.207,-75.2867,6675.9321
BREMERHAVEN,6b921397-6fc7-c2f7-1c01-3a7b2196ff60,DEBRV,8.548876,53.55088,BALTIMORE,7c9f6b30-134a-f7e5-bba0-3cd15a9de651,USBAL,-76.58681,39.254,85,39.2314,-75.3016,6675.9321
BREMERHAVEN,6b921397-6fc7-c2f7-1c01-3a7b2196ff60,DEBRV,8.548876,53.55088,BALTIMORE,7c9f6b30-134a-f7e5-bba0-3cd15a9de651,USBAL,-76.58681,39.254,86,39.2494,-75.3218,6675.9321
BREMERHAVEN,6b921397-6fc7-c2f7-1c01-3a7b2196ff60,DEBRV,8.548876,53.55088,BALTIMORE,7c9f6b30-134a-f7e5-bba0-3cd15a9de651,USBAL,-76.58681,39.254,87,39.3111,-75.3936,6675.9321
BREMERHAVEN,6b921397-6fc7-c2f7-1c01-3a7b2196ff60,DEBRV,8.548876,53.55088,BALTIMORE,7c9f6b30-134a-f7e5-bba0-3cd15a9de651,USBAL,-76.58681,39.254,88,39.254,-76.58681,6675.9321
BREMERHAVEN,6b921397-6fc7-c2f7-1c01-3a7b2196ff60,DEBRV,8.548876,53.55088,SAVANNAH,9c1665fa-e0a3-88d0-288e-b8ea5254b52b,USSAV,-81.1017,32.10071,0,53.55088,8.548876,7453.1541
BREMERHAVEN,6b921397-6fc7-c2f7-1c01-3a7b2196ff60,DEBRV,8.548876,53.55088,SAVANNAH,9c1665fa-e0a3-88d0-288e-b8ea5254b52b,USSAV,-81.1017,32.10071,1,53.5589,8.5367,7453.1541
BREMERHAVEN,6b921397-6fc7-c2f7-1c01-3a7b2196ff60,DEBRV,8.548876,53.55088,SAVANNAH,9c1665fa-e0a3-88d0-288e-b8ea5254b52b,USSAV,-81.1017,32.10071,2,53.9,8.25,7453.1541
BREMERHAVEN,6b921397-6fc7-c2f7-1c01-3a7b2196ff60,DEBRV,8.548876,53.55088,SAVANNAH,9c1665fa-e0a3-88d0-288e-b8ea5254b52b,USSAV,-81.1017,32.10071,3,54.288,7.1488,7453.1541
BREMERHAVEN,6b921397-6fc7-c2f7-1c01-3a7b2196ff60,DEBRV,8.548876,53.55088,SAVANNAH,9c1665fa-e0a3-88d0-288e-b8ea5254b52b,USSAV,-81.1017,32.10071,4,54.7649,5.7952999999999975,7453.1541
BREMERHAVEN,6b921397-6fc7-c2f7-1c01-3a7b2196ff60,DEBRV,8.548876,53.55088,SAVANNAH,9c1665fa-e0a3-88d0-288e-b8ea5254b52b,USSAV,-81.1017,32.10071,5,54.9603,5.2407,7453.1541
BREMERHAVEN,6b921397-6fc7-c2f7-1c01-3a7b2196ff60,DEBRV,8.548876,53.55088,SAVANNAH,9c1665fa-e0a3-88d0-288e-b8ea5254b52b,USSAV,-81.1017,32.10071,6,54.9609,5.239,7453.1541
BREMERHAVEN,6b921397-6fc7-c2f7-1c01-3a7b2196ff60,DEBRV,8.548876,53.55088,SAVANNAH,9c1665fa-e0a3-88d0-288e-b8ea5254b52b,USSAV,-81.1017,32.10071,7,55.3049,4.2627,7453.1541
BREMERHAVEN,6b921397-6fc7-c2f7-1c01-3a7b2196ff60,DEBRV,8.548876,53.55088,SAVANNAH,9c1665fa-e0a3-88d0-288e-b8ea5254b52b,USSAV,-81.1017,32.10071,8,55.4414,3.8752,7453.1541
BREMERHAVEN,6b921397-6fc7-c2f7-1c01-3a7b2196ff60,DEBRV,8.548876,53.55088,SAVANNAH,9c1665fa-e0a3-88d0-288e-b8ea5254b52b,USSAV,-81.1017,32.10071,9,55.7068,3.1218,7453.1541
BREMERHAVEN,6b921397-6fc7-c2f7-1c01-3a7b2196ff60,DEBRV,8.548876,53.55088,SAVANNAH,9c1665fa-e0a3-88d0-288e-b8ea5254b52b,USSAV,-81.1017,32.10071,10,55.8457,2.7276,7453.1541
BREMERHAVEN,6b921397-6fc7-c2f7-1c01-3a7b2196ff60,DEBRV,8.548876,53.55088,SAVANNAH,9c1665fa-e0a3-88d0-288e-b8ea5254b52b,USSAV,-81.1017,32.10071,11,56.3304,1.352,7453.1541
BREMERHAVEN,6b921397-6fc7-c2f7-1c01-3a7b2196ff60,DEBRV,8.548876,53.55088,SAVANNAH,9c1665fa-e0a3-88d0-288e-b8ea5254b52b,USSAV,-81.1017,32.10071,12,57.3,-1.4,7453.1541
BREMERHAVEN,6b921397-6fc7-c2f7-1c01-3a7b2196ff60,DEBRV,8.548876,53.55088,SAVANNAH,9c1665fa-e0a3-88d0-288e-b8ea5254b52b,USSAV,-81.1017,32.10071,13,57.664,-1.746,7453.1541
BREMERHAVEN,6b921397-6fc7-c2f7-1c01-3a7b2196ff60,DEBRV,8.548876,53.55088,SAVANNAH,9c1665fa-e0a3-88d0-288e-b8ea5254b52b,USSAV,-81.1017,32.10071,14,58.6042,-2.9081,7453.1541
BREMERHAVEN,6b921397-6fc7-c2f7-1c01-3a7b2196ff60,DEBRV,8.548876,53.55088,SAVANNAH,9c1665fa-e0a3-88d0-288e-b8ea5254b52b,USSAV,-81.1017,32.10071,15,58.6044,-2.9083,7453.1541
BREMERHAVEN,6b921397-6fc7-c2f7-1c01-3a7b2196ff60,DEBRV,8.548876,53.55088,SAVANNAH,9c1665fa-e0a3-88d0-288e-b8ea5254b52b,USSAV,-81.1017,32.10071,16,58.6045,-2.9088,7453.1541
BREMERHAVEN,6b921397-6fc7-c2f7-1c01-3a7b2196ff60,DEBRV,8.548876,53.55088,SAVANNAH,9c1665fa-e0a3-88d0-288e-b8ea5254b52b,USSAV,-81.1017,32.10071,17,58.7,-3.3333,7453.1541
BREMERHAVEN,6b921397-6fc7-c2f7-1c01-3a7b2196ff60,DEBRV,8.548876,53.55088,SAVANNAH,9c1665fa-e0a3-88d0-288e-b8ea5254b52b,USSAV,-81.1017,32.10071,18,58.7,-4.7995,7453.1541
BREMERHAVEN,6b921397-6fc7-c2f7-1c01-3a7b2196ff60,DEBRV,8.548876,53.55088,SAVANNAH,9c1665fa-e0a3-88d0-288e-b8ea5254b52b,USSAV,-81.1017,32.10071,19,58.7,-5.2,7453.1541
BREMERHAVEN,6b921397-6fc7-c2f7-1c01-3a7b2196ff60,DEBRV,8.548876,53.55088,SAVANNAH,9c1665fa-e0a3-88d0-288e-b8ea5254b52b,USSAV,-81.1017,32.10071,20,58.6762,-5.7205,7453.1541
BREMERHAVEN,6b921397-6fc7-c2f7-1c01-3a7b2196ff60,DEBRV,8.548876,53.55088,SAVANNAH,9c1665fa-e0a3-88d0-288e-b8ea5254b52b,USSAV,-81.1017,32.10071,21,58.6761,-5.7229,7453.1541
BREMERHAVEN,6b921397-6fc7-c2f7-1c01-3a7b2196ff60,DEBRV,8.548876,53.55088,SAVANNAH,9c1665fa-e0a3-88d0-288e-b8ea5254b52b,USSAV,-81.1017,32.10071,22,58.6761,-5.7232,7453.1541
BREMERHAVEN,6b921397-6fc7-c2f7-1c01-3a7b2196ff60,DEBRV,8.548876,53.55088,SAVANNAH,9c1665fa-e0a3-88d0-288e-b8ea5254b52b,USSAV,-81.1017,32.10071,23,58.6411,-6.4895,7453.1541
BREMERHAVEN,6b921397-6fc7-c2f7-1c01-3a7b2196ff60,DEBRV,8.548876,53.55088,SAVANNAH,9c1665fa-e0a3-88d0-288e-b8ea5254b52b,USSAV,-81.1017,32.10071,24,58.543,-8.637,7453.1541
BREMERHAVEN,6b921397-6fc7-c2f7-1c01-3a7b2196ff60,DEBRV,8.548876,53.55088,SAVANNAH,9c1665fa-e0a3-88d0-288e-b8ea5254b52b,USSAV,-81.1017,32.10071,25,58.4746,-10.1362,7453.1541
BREMERHAVEN,6b921397-6fc7-c2f7-1c01-3a7b2196ff60,DEBRV,8.548876,53.55088,SAVANNAH,9c1665fa-e0a3-88d0-288e-b8ea5254b52b,USSAV,-81.1017,32.10071,26,58.3967,-11.8419,7453.1541
BREMERHAVEN,6b921397-6fc7-c2f7-1c01-3a7b2196ff60,DEBRV,8.548876,53.55088,SAVANNAH,9c1665fa-e0a3-88d0-288e-b8ea5254b52b,USSAV,-81.1017,32.10071,27,58.3925,-11.9323,7453.1541
BREMERHAVEN,6b921397-6fc7-c2f7-1c01-3a7b2196ff60,DEBRV,8.548876,53.55088,SAVANNAH,9c1665fa-e0a3-88d0-288e-b8ea5254b52b,USSAV,-81.1017,32.10071,28,58.3696,-12.4344,7453.1541
BREMERHAVEN,6b921397-6fc7-c2f7-1c01-3a7b2196ff60,DEBRV,8.548876,53.55088,SAVANNAH,9c1665fa-e0a3-88d0-288e-b8ea5254b52b,USSAV,-81.1017,32.10071,29,57.9468,-16.517,7453.1541
BREMERHAVEN,6b921397-6fc7-c2f7-1c01-3a7b2196ff60,DEBRV,8.548876,53.55088,SAVANNAH,9c1665fa-e0a3-88d0-288e-b8ea5254b52b,USSAV,-81.1017,32.10071,30,57.8239,-17.7043,7453.1541
BREMERHAVEN,6b921397-6fc7-c2f7-1c01-3a7b2196ff60,DEBRV,8.548876,53.55088,SAVANNAH,9c1665fa-e0a3-88d0-288e-b8ea5254b52b,USSAV,-81.1017,32.10071,31,57.6957,-18.9419,7453.1541
BREMERHAVEN,6b921397-6fc7-c2f7-1c01-3a7b2196ff60,DEBRV,8.548876,53.55088,SAVANNAH,9c1665fa-e0a3-88d0-288e-b8ea5254b52b,USSAV,-81.1017,32.10071,32,57.6424,-19.4569,7453.1541
BREMERHAVEN,6b921397-6fc7-c2f7-1c01-3a7b2196ff60,DEBRV,8.548876,53.55088,SAVANNAH,9c1665fa-e0a3-88d0-288e-b8ea5254b52b,USSAV,-81.1017,32.10071,33,57.5528,-20.0021,7453.1541
BREMERHAVEN,6b921397-6fc7-c2f7-1c01-3a7b2196ff60,DEBRV,8.548876,53.55088,SAVANNAH,9c1665fa-e0a3-88d0-288e-b8ea5254b52b,USSAV,-81.1017,32.10071,34,56.9834,-23.4656,7453.1541
BREMERHAVEN,6b921397-6fc7-c2f7-1c01-3a7b2196ff60,DEBRV,8.548876,53.55088,SAVANNAH,9c1665fa-e0a3-88d0-288e-b8ea5254b52b,USSAV,-81.1017,32.10071,35,56.5442,-26.1369,7453.1541
BREMERHAVEN,6b921397-6fc7-c2f7-1c01-3a7b2196ff60,DEBRV,8.548876,53.55088,SAVANNAH,9c1665fa-e0a3-88d0-288e-b8ea5254b52b,USSAV,-81.1017,32.10071,36,56.4943,-26.3543,7453.1541
BREMERHAVEN,6b921397-6fc7-c2f7-1c01-3a7b2196ff60,DEBRV,8.548876,53.55088,SAVANNAH,9c1665fa-e0a3-88d0-288e-b8ea5254b52b,USSAV,-81.1017,32.10071,37,55.657,-30.0037,7453.1541
BREMERHAVEN,6b921397-6fc7-c2f7-1c01-3a7b2196ff60,DEBRV,8.548876,53.55088,SAVANNAH,9c1665fa-e0a3-88d0-288e-b8ea5254b52b,USSAV,-81.1017,32.10071,38,55.1102,-32.387,7453.1541
BREMERHAVEN,6b921397-6fc7-c2f7-1c01-3a7b2196ff60,DEBRV,8.548876,53.55088,SAVANNAH,9c1665fa-e0a3-88d0-288e-b8ea5254b52b,USSAV,-81.1017,32.10071,39,54.5246,-34.3425,7453.1541
BREMERHAVEN,6b921397-6fc7-c2f7-1c01-3a7b2196ff60,DEBRV,8.548876,53.55088,SAVANNAH,9c1665fa-e0a3-88d0-288e-b8ea5254b52b,USSAV,-81.1017,32.10071,40,53.8977,-36.4357,7453.1541
BREMERHAVEN,6b921397-6fc7-c2f7-1c01-3a7b2196ff60,DEBRV,8.548876,53.55088,SAVANNAH,9c1665fa-e0a3-88d0-288e-b8ea5254b52b,USSAV,-81.1017,32.10071,41,53.8077,-36.736,7453.1541
BREMERHAVEN,6b921397-6fc7-c2f7-1c01-3a7b2196ff60,DEBRV,8.548876,53.55088,SAVANNAH,9c1665fa-e0a3-88d0-288e-b8ea5254b52b,USSAV,-81.1017,32.10071,42,53.3802,-38.1634,7453.1541
BREMERHAVEN,6b921397-6fc7-c2f7-1c01-3a7b2196ff60,DEBRV,8.548876,53.55088,SAVANNAH,9c1665fa-e0a3-88d0-288e-b8ea5254b52b,USSAV,-81.1017,32.10071,43,52.6905,-40.0023,7453.1541
BREMERHAVEN,6b921397-6fc7-c2f7-1c01-3a7b2196ff60,DEBRV,8.548876,53.55088,SAVANNAH,9c1665fa-e0a3-88d0-288e-b8ea5254b52b,USSAV,-81.1017,32.10071,44,51.9793,-41.8983,7453.1541
BREMERHAVEN,6b921397-6fc7-c2f7-1c01-3a7b2196ff60,DEBRV,8.548876,53.55088,SAVANNAH,9c1665fa-e0a3-88d0-288e-b8ea5254b52b,USSAV,-81.1017,32.10071,45,51.3939,-43.459,7453.1541
BREMERHAVEN,6b921397-6fc7-c2f7-1c01-3a7b2196ff60,DEBRV,8.548876,53.55088,SAVANNAH,9c1665fa-e0a3-88d0-288e-b8ea5254b52b,USSAV,-81.1017,32.10071,46,50.0,-46.5152,7453.1541
BREMERHAVEN,6b921397-6fc7-c2f7-1c01-3a7b2196ff60,DEBRV,8.548876,53.55088,SAVANNAH,9c1665fa-e0a3-88d0-288e-b8ea5254b52b,USSAV,-81.1017,32.10071,47,49.1892,-48.293,7453.1541
BREMERHAVEN,6b921397-6fc7-c2f7-1c01-3a7b2196ff60,DEBRV,8.548876,53.55088,SAVANNAH,9c1665fa-e0a3-88d0-288e-b8ea5254b52b,USSAV,-81.1017,32.10071,48,48.8991,-48.8281,7453.1541
BREMERHAVEN,6b921397-6fc7-c2f7-1c01-3a7b2196ff60,DEBRV,8.548876,53.55088,SAVANNAH,9c1665fa-e0a3-88d0-288e-b8ea5254b52b,USSAV,-81.1017,32.10071,49,48.2632,-50.001,7453.1541
BREMERHAVEN,6b921397-6fc7-c2f7-1c01-3a7b2196ff60,DEBRV,8.548876,53.55088,SAVANNAH,9c1665fa-e0a3-88d0-288e-b8ea5254b52b,USSAV,-81.1017,32.10071,50,46.8,-52.7,7453.1541
BREMERHAVEN,6b921397-6fc7-c2f7-1c01-3a7b2196ff60,DEBRV,8.548876,53.55088,SAVANNAH,9c1665fa-e0a3-88d0-288e-b8ea5254b52b,USSAV,-81.1017,32.10071,51,46.1,-54.0,7453.1541
BREMERHAVEN,6b921397-6fc7-c2f7-1c01-3a7b2196ff60,DEBRV,8.548876,53.55088,SAVANNAH,9c1665fa-e0a3-88d0-288e-b8ea5254b52b,USSAV,-81.1017,32.10071,52,45.0,-55.0,7453.1541
BREMERHAVEN,6b921397-6fc7-c2f7-1c01-3a7b2196ff60,DEBRV,8.548876,53.55088,SAVANNAH,9c1665fa-e0a3-88d0-288e-b8ea5254b52b,USSAV,-81.1017,32.10071,53,42.9936,-60.5618,7453.1541
BREMERHAVEN,6b921397-6fc7-c2f7-1c01-3a7b2196ff60,DEBRV,8.548876,53.55088,SAVANNAH,9c1665fa-e0a3-88d0-288e-b8ea5254b52b,USSAV,-81.1017,32.10071,54,41.8046,-63.2954,7453.1541
BREMERHAVEN,6b921397-6fc7-c2f7-1c01-3a7b2196ff60,DEBRV,8.548876,53.55088,SAVANNAH,9c1665fa-e0a3-88d0-288e-b8ea5254b52b,USSAV,-81.1017,32.10071,55,41.2228,-64.633,7453.1541
BREMERHAVEN,6b921397-6fc7-c2f7-1c01-3a7b2196ff60,DEBRV,8.548876,53.55088,SAVANNAH,9c1665fa-e0a3-88d0-288e-b8ea5254b52b,USSAV,-81.1017,32.10071,56,40.7356,-65.7532,7453.1541
BREMERHAVEN,6b921397-6fc7-c2f7-1c01-3a7b2196ff60,DEBRV,8.548876,53.55088,SAVANNAH,9c1665fa-e0a3-88d0-288e-b8ea5254b52b,USSAV,-81.1017,32.10071,57,40.268,-66.667,7453.1541
BREMERHAVEN,6b921397-6fc7-c2f7-1c01-3a7b2196ff60,DEBRV,8.548876,53.55088,SAVANNAH,9c1665fa-e0a3-88d0-288e-b8ea5254b52b,USSAV,-81.1017,32.10071,58,40.0,-67.1909,7453.1541
BREMERHAVEN,6b921397-6fc7-c2f7-1c01-3a7b2196ff60,DEBRV,8.548876,53.55088,SAVANNAH,9c1665fa-e0a3-88d0-288e-b8ea5254b52b,USSAV,-81.1017,32.10071,59,39.2697,-68.6184,7453.1541
BREMERHAVEN,6b921397-6fc7-c2f7-1c01-3a7b2196ff60,DEBRV,8.548876,53.55088,SAVANNAH,9c1665fa-e0a3-88d0-288e-b8ea5254b52b,USSAV,-81.1017,32.10071,60,39.1806,-68.7924,7453.1541
BREMERHAVEN,6b921397-6fc7-c2f7-1c01-3a7b2196ff60,DEBRV,8.548876,53.55088,SAVANNAH,9c1665fa-e0a3-88d0-288e-b8ea5254b52b,USSAV,-81.1017,32.10071,61,38.9509,-69.2414,7453.1541
BREMERHAVEN,6b921397-6fc7-c2f7-1c01-3a7b2196ff60,DEBRV,8.548876,53.55088,SAVANNAH,9c1665fa-e0a3-88d0-288e-b8ea5254b52b,USSAV,-81.1017,32.10071,62,38.8822,-69.3757,7453.1541
BREMERHAVEN,6b921397-6fc7-c2f7-1c01-3a7b2196ff60,DEBRV,8.548876,53.55088,SAVANNAH,9c1665fa-e0a3-88d0-288e-b8ea5254b52b,USSAV,-81.1017,32.10071,63,38.7809,-69.5737,7453.1541
BREMERHAVEN,6b921397-6fc7-c2f7-1c01-3a7b2196ff60,DEBRV,8.548876,53.55088,SAVANNAH,9c1665fa-e0a3-88d0-288e-b8ea5254b52b,USSAV,-81.1017,32.10071,64,38.2606,-70.5906,7453.1541
BREMERHAVEN,6b921397-6fc7-c2f7-1c01-3a7b2196ff60,DEBRV,8.548876,53.55088,SAVANNAH,9c1665fa-e0a3-88d0-288e-b8ea5254b52b,USSAV,-81.1017,32.10071,65,38.2153,-70.6674,7453.1541
BREMERHAVEN,6b921397-6fc7-c2f7-1c01-3a7b2196ff60,DEBRV,8.548876,53.55088,SAVANNAH,9c1665fa-e0a3-88d0-288e-b8ea5254b52b,USSAV,-81.1017,32.10071,66,38.0287,-70.9836,7453.1541
BREMERHAVEN,6b921397-6fc7-c2f7-1c01-3a7b2196ff60,DEBRV,8.548876,53.55088,SAVANNAH,9c1665fa-e0a3-88d0-288e-b8ea5254b52b,USSAV,-81.1017,32.10071,67,37.8712,-71.2506,7453.1541
BREMERHAVEN,6b921397-6fc7-c2f7-1c01-3a7b2196ff60,DEBRV,8.548876,53.55088,SAVANNAH,9c1665fa-e0a3-88d0-288e-b8ea5254b52b,USSAV,-81.1017,32.10071,68,37.6798,-71.575,7453.1541
BREMERHAVEN,6b921397-6fc7-c2f7-1c01-3a7b2196ff60,DEBRV,8.548876,53.55088,SAVANNAH,9c1665fa-e0a3-88d0-288e-b8ea5254b52b,USSAV,-81.1017,32.10071,69,37.5576,-71.7821,7453.1541
BREMERHAVEN,6b921397-6fc7-c2f7-1c01-3a7b2196ff60,DEBRV,8.548876,53.55088,SAVANNAH,9c1665fa-e0a3-88d0-288e-b8ea5254b52b,USSAV,-81.1017,32.10071,70,37.4735,-71.9247,7453.1541
BREMERHAVEN,6b921397-6fc7-c2f7-1c01-3a7b2196ff60,DEBRV,8.548876,53.55088,SAVANNAH,9c1665fa-e0a3-88d0-288e-b8ea5254b52b,USSAV,-81.1017,32.10071,71,37.4583,-71.9503,7453.1541
BREMERHAVEN,6b921397-6fc7-c2f7-1c01-3a7b2196ff60,DEBRV,8.548876,53.55088,SAVANNAH,9c1665fa-e0a3-88d0-288e-b8ea5254b52b,USSAV,-81.1017,32.10071,72,37.1,-72.5576,7453.1541
BREMERHAVEN,6b921397-6fc7-c2f7-1c01-3a7b2196ff60,DEBRV,8.548876,53.55088,SAVANNAH,9c1665fa-e0a3-88d0-288e-b8ea5254b52b,USSAV,-81.1017,32.10071,73,36.4771,-73.6135,7453.1541
BREMERHAVEN,6b921397-6fc7-c2f7-1c01-3a7b2196ff60,DEBRV,8.548876,53.55088,SAVANNAH,9c1665fa-e0a3-88d0-288e-b8ea5254b52b,USSAV,-81.1017,32.10071,74,36.3566,-73.8176,7453.1541
BREMERHAVEN,6b921397-6fc7-c2f7-1c01-3a7b2196ff60,DEBRV,8.548876,53.55088,SAVANNAH,9c1665fa-e0a3-88d0-288e-b8ea5254b52b,USSAV,-81.1017,32.10071,75,36.3359,-73.8528,7453.1541
BREMERHAVEN,6b921397-6fc7-c2f7-1c01-3a7b2196ff60,DEBRV,8.548876,53.55088,SAVANNAH,9c1665fa-e0a3-88d0-288e-b8ea5254b52b,USSAV,-81.1017,32.10071,76,35.8364,-74.4207,7453.1541
BREMERHAVEN,6b921397-6fc7-c2f7-1c01-3a7b2196ff60,DEBRV,8.548876,53.55088,SAVANNAH,9c1665fa-e0a3-88d0-288e-b8ea5254b52b,USSAV,-81.1017,32.10071,77,35.8202,-74.4391,7453.1541
BREMERHAVEN,6b921397-6fc7-c2f7-1c01-3a7b2196ff60,DEBRV,8.548876,53.55088,SAVANNAH,9c1665fa-e0a3-88d0-288e-b8ea5254b52b,USSAV,-81.1017,32.10071,78,35.7746,-74.4909,7453.1541
BREMERHAVEN,6b921397-6fc7-c2f7-1c01-3a7b2196ff60,DEBRV,8.548876,53.55088,SAVANNAH,9c1665fa-e0a3-88d0-288e-b8ea5254b52b,USSAV,-81.1017,32.10071,79,35.5844,-74.7072,7453.1541
BREMERHAVEN,6b921397-6fc7-c2f7-1c01-3a7b2196ff60,DEBRV,8.548876,53.55088,SAVANNAH,9c1665fa-e0a3-88d0-288e-b8ea5254b52b,USSAV,-81.1017,32.10071,80,35.5093,-74.7926,7453.1541
BREMERHAVEN,6b921397-6fc7-c2f7-1c01-3a7b2196ff60,DEBRV,8.548876,53.55088,SAVANNAH,9c1665fa-e0a3-88d0-288e-b8ea5254b52b,USSAV,-81.1017,32.10071,81,35.3997,-74.9172,7453.1541
BREMERHAVEN,6b921397-6fc7-c2f7-1c01-3a7b2196ff60,DEBRV,8.548876,53.55088,SAVANNAH,9c1665fa-e0a3-88d0-288e-b8ea5254b52b,USSAV,-81.1017,32.10071,82,35.2318,-75.1081,7453.1541
BREMERHAVEN,6b921397-6fc7-c2f7-1c01-3a7b2196ff60,DEBRV,8.548876,53.55088,SAVANNAH,9c1665fa-e0a3-88d0-288e-b8ea5254b52b,USSAV,-81.1017,32.10071,83,35.0851,-75.3771,7453.1541
BREMERHAVEN,6b921397-6fc7-c2f7-1c01-3a7b2196ff60,DEBRV,8.548876,53.55088,SAVANNAH,9c1665fa-e0a3-88d0-288e-b8ea5254b52b,USSAV,-81.1017,32.10071,84,35.0301,-75.478,7453.1541
BREMERHAVEN,6b921397-6fc7-c2f7-1c01-3a7b2196ff60,DEBRV,8.548876,53.55088,SAVANNAH,9c1665fa-e0a3-88d0-288e-b8ea5254b52b,USSAV,-81.1017,32.10071,85,34.794,-75.7745,7453.1541
BREMERHAVEN,6b921397-6fc7-c2f7-1c01-3a7b2196ff60,DEBRV,8.548876,53.55088,SAVANNAH,9c1665fa-e0a3-88d0-288e-b8ea5254b52b,USSAV,-81.1017,32.10071,86,34.63,-76.0644,7453.1541
BREMERHAVEN,6b921397-6fc7-c2f7-1c01-3a7b2196ff60,DEBRV,8.548876,53.55088,SAVANNAH,9c1665fa-e0a3-88d0-288e-b8ea5254b52b,USSAV,-81.1017,32.10071,87,34.2168,-76.264,7453.1541
BREMERHAVEN,6b921397-6fc7-c2f7-1c01-3a7b2196ff60,DEBRV,8.548876,53.55088,SAVANNAH,9c1665fa-e0a3-88d0-288e-b8ea5254b52b,USSAV,-81.1017,32.10071,88,33.7123,-77.0297,7453.1541
BREMERHAVEN,6b921397-6fc7-c2f7-1c01-3a7b2196ff60,DEBRV,8.548876,53.55088,SAVANNAH,9c1665fa-e0a3-88d0-288e-b8ea5254b52b,USSAV,-81.1017,32.10071,89,33.7089,-77.035,7453.1541
BREMERHAVEN,6b921397-6fc7-c2f7-1c01-3a7b2196ff60,DEBRV,8.548876,53.55088,SAVANNAH,9c1665fa-e0a3-88d0-288e-b8ea5254b52b,USSAV,-81.1017,32.10071,90,33.1436,-77.8929,7453.1541
BREMERHAVEN,6b921397-6fc7-c2f7-1c01-3a7b2196ff60,DEBRV,8.548876,53.55088,SAVANNAH,9c1665fa-e0a3-88d0-288e-b8ea5254b52b,USSAV,-81.1017,32.10071,91,32.9347,-78.1343,7453.1541
BREMERHAVEN,6b921397-6fc7-c2f7-1c01-3a7b2196ff60,DEBRV,8.548876,53.55088,SAVANNAH,9c1665fa-e0a3-88d0-288e-b8ea5254b52b,USSAV,-81.1017,32.10071,92,32.6892,-78.6433,7453.1541
BREMERHAVEN,6b921397-6fc7-c2f7-1c01-3a7b2196ff60,DEBRV,8.548876,53.55088,SAVANNAH,9c1665fa-e0a3-88d0-288e-b8ea5254b52b,USSAV,-81.1017,32.10071,93,32.5107,-78.8747,7453.1541
BREMERHAVEN,6b921397-6fc7-c2f7-1c01-3a7b2196ff60,DEBRV,8.548876,53.55088,SAVANNAH,9c1665fa-e0a3-88d0-288e-b8ea5254b52b,USSAV,-81.1017,32.10071,94,32.2439,-79.2207,7453.1541
BREMERHAVEN,6b921397-6fc7-c2f7-1c01-3a7b2196ff60,DEBRV,8.548876,53.55088,SAVANNAH,9c1665fa-e0a3-88d0-288e-b8ea5254b52b,USSAV,-81.1017,32.10071,95,31.9811,-79.79,7453.1541
BREMERHAVEN,6b921397-6fc7-c2f7-1c01-3a7b2196ff60,DEBRV,8.548876,53.55088,SAVANNAH,9c1665fa-e0a3-88d0-288e-b8ea5254b52b,USSAV,-81.1017,32.10071,96,31.7801,-79.9246,7453.1541
BREMERHAVEN,6b921397-6fc7-c2f7-1c01-3a7b2196ff60,DEBRV,8.548876,53.55088,SAVANNAH,9c1665fa-e0a3-88d0-288e-b8ea5254b52b,USSAV,-81.1017,32.10071,97,31.6806,-80.0292,7453.1541
BREMERHAVEN,6b921397-6fc7-c2f7-1c01-3a7b2196ff60,DEBRV,8.548876,53.55088,SAVANNAH,9c1665fa-e0a3-88d0-288e-b8ea5254b52b,USSAV,-81.1017,32.10071,98,32.10071,-81.1017,7453.1541
BREMERHAVEN,6b921397-6fc7-c2f7-1c01-3a7b2196ff60,DEBRV,8.548876,53.55088,GALVESTON,23b92724-0ffb-f4a4-9bb0-43600fd4af12,USGLS,-94.79931,29.31004,0,53.55088,8.548876,9564.7493
BREMERHAVEN,6b921397-6fc7-c2f7-1c01-3a7b2196ff60,DEBRV,8.548876,53.55088,GALVESTON,23b92724-0ffb-f4a4-9bb0-43600fd4af12,USGLS,-94.79931,29.31004,1,53.5589,8.5367,9564.7493
BREMERHAVEN,6b921397-6fc7-c2f7-1c01-3a7b2196ff60,DEBRV,8.548876,53.55088,GALVESTON,23b92724-0ffb-f4a4-9bb0-43600fd4af12,USGLS,-94.79931,29.31004,2,53.9,8.25,9564.7493
BREMERHAVEN,6b921397-6fc7-c2f7-1c01-3a7b2196ff60,DEBRV,8.548876,53.55088,GALVESTON,23b92724-0ffb-f4a4-9bb0-43600fd4af12,USGLS,-94.79931,29.31004,3,54.288,7.1488,9564.7493
BREMERHAVEN,6b921397-6fc7-c2f7-1c01-3a7b2196ff60,DEBRV,8.548876,53.55088,GALVESTON,23b92724-0ffb-f4a4-9bb0-43600fd4af12,USGLS,-94.79931,29.31004,4,54.7649,5.7952999999999975,9564.7493
BREMERHAVEN,6b921397-6fc7-c2f7-1c01-3a7b2196ff60,DEBRV,8.548876,53.55088,GALVESTON,23b92724-0ffb-f4a4-9bb0-43600fd4af12,USGLS,-94.79931,29.31004,5,54.9603,5.2407,9564.7493
BREMERHAVEN,6b921397-6fc7-c2f7-1c01-3a7b2196ff60,DEBRV,8.548876,53.55088,GALVESTON,23b92724-0ffb-f4a4-9bb0-43600fd4af12,USGLS,-94.79931,29.31004,6,54.9609,5.239,9564.7493
BREMERHAVEN,6b921397-6fc7-c2f7-1c01-3a7b2196ff60,DEBRV,8.548876,53.55088,GALVESTON,23b92724-0ffb-f4a4-9bb0-43600fd4af12,USGLS,-94.79931,29.31004,7,55.3049,4.2627,9564.7493
BREMERHAVEN,6b921397-6fc7-c2f7-1c01-3a7b2196ff60,DEBRV,8.548876,53.55088,GALVESTON,23b92724-0ffb-f4a4-9bb0-43600fd4af12,USGLS,-94.79931,29.31004,8,55.4414,3.8752,9564.7493
BREMERHAVEN,6b921397-6fc7-c2f7-1c01-3a7b2196ff60,DEBRV,8.548876,53.55088,GALVESTON,23b92724-0ffb-f4a4-9bb0-43600fd4af12,USGLS,-94.79931,29.31004,9,55.7068,3.1218,9564.7493
BREMERHAVEN,6b921397-6fc7-c2f7-1c01-3a7b2196ff60,DEBRV,8.548876,53.55088,GALVESTON,23b92724-0ffb-f4a4-9bb0-43600fd4af12,USGLS,-94.79931,29.31004,10,55.8457,2.7276,9564.7493
BREMERHAVEN,6b921397-6fc7-c2f7-1c01-3a7b2196ff60,DEBRV,8.548876,53.55088,GALVESTON,23b92724-0ffb-f4a4-9bb0-43600fd4af12,USGLS,-94.79931,29.31004,11,56.3304,1.352,9564.7493
BREMERHAVEN,6b921397-6fc7-c2f7-1c01-3a7b2196ff60,DEBRV,8.548876,53.55088,GALVESTON,23b92724-0ffb-f4a4-9bb0-43600fd4af12,USGLS,-94.79931,29.31004,12,57.3,-1.4,9564.7493
BREMERHAVEN,6b921397-6fc7-c2f7-1c01-3a7b2196ff60,DEBRV,8.548876,53.55088,GALVESTON,23b92724-0ffb-f4a4-9bb0-43600fd4af12,USGLS,-94.79931,29.31004,13,57.664,-1.746,9564.7493
BREMERHAVEN,6b921397-6fc7-c2f7-1c01-3a7b2196ff60,DEBRV,8.548876,53.55088,GALVESTON,23b92724-0ffb-f4a4-9bb0-43600fd4af12,USGLS,-94.79931,29.31004,14,58.6042,-2.9081,9564.7493
BREMERHAVEN,6b921397-6fc7-c2f7-1c01-3a7b2196ff60,DEBRV,8.548876,53.55088,GALVESTON,23b92724-0ffb-f4a4-9bb0-43600fd4af12,USGLS,-94.79931,29.31004,15,58.6044,-2.9083,9564.7493
BREMERHAVEN,6b921397-6fc7-c2f7-1c01-3a7b2196ff60,DEBRV,8.548876,53.55088,GALVESTON,23b92724-0ffb-f4a4-9bb0-43600fd4af12,USGLS,-94.79931,29.31004,16,58.6045,-2.9088,9564.7493
BREMERHAVEN,6b921397-6fc7-c2f7-1c01-3a7b2196ff60,DEBRV,8.548876,53.55088,GALVESTON,23b92724-0ffb-f4a4-9bb0-43600fd4af12,USGLS,-94.79931,29.31004,17,58.7,-3.3333,9564.7493
BREMERHAVEN,6b921397-6fc7-c2f7-1c01-3a7b2196ff60,DEBRV,8.548876,53.55088,GALVESTON,23b92724-0ffb-f4a4-9bb0-43600fd4af12,USGLS,-94.79931,29.31004,18,58.7,-4.7995,9564.7493
BREMERHAVEN,6b921397-6fc7-c2f7-1c01-3a7b2196ff60,DEBRV,8.548876,53.55088,GALVESTON,23b92724-0ffb-f4a4-9bb0-43600fd4af12,USGLS,-94.79931,29.31004,19,58.7,-5.2,9564.7493
BREMERHAVEN,6b921397-6fc7-c2f7-1c01-3a7b2196ff60,DEBRV,8.548876,53.55088,GALVESTON,23b92724-0ffb-f4a4-9bb0-43600fd4af12,USGLS,-94.79931,29.31004,20,58.6762,-5.7205,9564.7493
BREMERHAVEN,6b921397-6fc7-c2f7-1c01-3a7b2196ff60,DEBRV,8.548876,53.55088,GALVESTON,23b92724-0ffb-f4a4-9bb0-43600fd4af12,USGLS,-94.79931,29.31004,21,58.6761,-5.7229,9564.7493
BREMERHAVEN,6b921397-6fc7-c2f7-1c01-3a7b2196ff60,DEBRV,8.548876,53.55088,GALVESTON,23b92724-0ffb-f4a4-9bb0-43600fd4af12,USGLS,-94.79931,29.31004,22,58.6761,-5.7232,9564.7493
BREMERHAVEN,6b921397-6fc7-c2f7-1c01-3a7b2196ff60,DEBRV,8.548876,53.55088,GALVESTON,23b92724-0ffb-f4a4-9bb0-43600fd4af12,USGLS,-94.79931,29.31004,23,58.6411,-6.4895,9564.7493
BREMERHAVEN,6b921397-6fc7-c2f7-1c01-3a7b2196ff60,DEBRV,8.548876,53.55088,GALVESTON,23b92724-0ffb-f4a4-9bb0-43600fd4af12,USGLS,-94.79931,29.31004,24,58.543,-8.637,9564.7493
BREMERHAVEN,6b921397-6fc7-c2f7-1c01-3a7b2196ff60,DEBRV,8.548876,53.55088,GALVESTON,23b92724-0ffb-f4a4-9bb0-43600fd4af12,USGLS,-94.79931,29.31004,25,58.4746,-10.1362,9564.7493
BREMERHAVEN,6b921397-6fc7-c2f7-1c01-3a7b2196ff60,DEBRV,8.548876,53.55088,GALVESTON,23b92724-0ffb-f4a4-9bb0-43600fd4af12,USGLS,-94.79931,29.31004,26,58.3967,-11.8419,9564.7493
BREMERHAVEN,6b921397-6fc7-c2f7-1c01-3a7b2196ff60,DEBRV,8.548876,53.55088,GALVESTON,23b92724-0ffb-f4a4-9bb0-43600fd4af12,USGLS,-94.79931,29.31004,27,58.3925,-11.9323,9564.7493
BREMERHAVEN,6b921397-6fc7-c2f7-1c01-3a7b2196ff60,DEBRV,8.548876,53.55088,GALVESTON,23b92724-0ffb-f4a4-9bb0-43600fd4af12,USGLS,-94.79931,29.31004,28,58.3696,-12.4344,9564.7493
BREMERHAVEN,6b921397-6fc7-c2f7-1c01-3a7b2196ff60,DEBRV,8.548876,53.55088,GALVESTON,23b92724-0ffb-f4a4-9bb0-43600fd4af12,USGLS,-94.79931,29.31004,29,57.9468,-16.517,9564.7493
BREMERHAVEN,6b921397-6fc7-c2f7-1c01-3a7b2196ff60,DEBRV,8.548876,53.55088,GALVESTON,23b92724-0ffb-f4a4-9bb0-43600fd4af12,USGLS,-94.79931,29.31004,30,57.8239,-17.7043,9564.7493
BREMERHAVEN,6b921397-6fc7-c2f7-1c01-3a7b2196ff60,DEBRV,8.548876,53.55088,GALVESTON,23b92724-0ffb-f4a4-9bb0-43600fd4af12,USGLS,-94.79931,29.31004,31,57.6957,-18.9419,9564.7493
BREMERHAVEN,6b921397-6fc7-c2f7-1c01-3a7b2196ff60,DEBRV,8.548876,53.55088,GALVESTON,23b92724-0ffb-f4a4-9bb0-43600fd4af12,USGLS,-94.79931,29.31004,32,57.6424,-19.4569,9564.7493
BREMERHAVEN,6b921397-6fc7-c2f7-1c01-3a7b2196ff60,DEBRV,8.548876,53.55088,GALVESTON,23b92724-0ffb-f4a4-9bb0-43600fd4af12,USGLS,-94.79931,29.31004,33,57.5528,-20.0021,9564.7493
BREMERHAVEN,6b921397-6fc7-c2f7-1c01-3a7b2196ff60,DEBRV,8.548876,53.55088,GALVESTON,23b92724-0ffb-f4a4-9bb0-43600fd4af12,USGLS,-94.79931,29.31004,34,56.9834,-23.4656,9564.7493
BREMERHAVEN,6b921397-6fc7-c2f7-1c01-3a7b2196ff60,DEBRV,8.548876,53.55088,GALVESTON,23b92724-0ffb-f4a4-9bb0-43600fd4af12,USGLS,-94.79931,29.31004,35,56.5442,-26.1369,9564.7493
BREMERHAVEN,6b921397-6fc7-c2f7-1c01-3a7b2196ff60,DEBRV,8.548876,53.55088,GALVESTON,23b92724-0ffb-f4a4-9bb0-43600fd4af12,USGLS,-94.79931,29.31004,36,56.4943,-26.3543,9564.7493
BREMERHAVEN,6b921397-6fc7-c2f7-1c01-3a7b2196ff60,DEBRV,8.548876,53.55088,GALVESTON,23b92724-0ffb-f4a4-9bb0-43600fd4af12,USGLS,-94.79931,29.31004,37,55.657,-30.0037,9564.7493
BREMERHAVEN,6b921397-6fc7-c2f7-1c01-3a7b2196ff60,DEBRV,8.548876,53.55088,GALVESTON,23b92724-0ffb-f4a4-9bb0-43600fd4af12,USGLS,-94.79931,29.31004,38,55.1102,-32.387,9564.7493
BREMERHAVEN,6b921397-6fc7-c2f7-1c01-3a7b2196ff60,DEBRV,8.548876,53.55088,GALVESTON,23b92724-0ffb-f4a4-9bb0-43600fd4af12,USGLS,-94.79931,29.31004,39,54.5246,-34.3425,9564.7493
BREMERHAVEN,6b921397-6fc7-c2f7-1c01-3a7b2196ff60,DEBRV,8.548876,53.55088,GALVESTON,23b92724-0ffb-f4a4-9bb0-43600fd4af12,USGLS,-94.79931,29.31004,40,53.8977,-36.4357,9564.7493
BREMERHAVEN,6b921397-6fc7-c2f7-1c01-3a7b2196ff60,DEBRV,8.548876,53.55088,GALVESTON,23b92724-0ffb-f4a4-9bb0-43600fd4af12,USGLS,-94.79931,29.31004,41,53.8077,-36.736,9564.7493
BREMERHAVEN,6b921397-6fc7-c2f7-1c01-3a7b2196ff60,DEBRV,8.548876,53.55088,GALVESTON,23b92724-0ffb-f4a4-9bb0-43600fd4af12,USGLS,-94.79931,29.31004,42,53.3802,-38.1634,9564.7493
BREMERHAVEN,6b921397-6fc7-c2f7-1c01-3a7b2196ff60,DEBRV,8.548876,53.55088,GALVESTON,23b92724-0ffb-f4a4-9bb0-43600fd4af12,USGLS,-94.79931,29.31004,43,52.6905,-40.0023,9564.7493
BREMERHAVEN,6b921397-6fc7-c2f7-1c01-3a7b2196ff60,DEBRV,8.548876,53.55088,GALVESTON,23b92724-0ffb-f4a4-9bb0-43600fd4af12,USGLS,-94.79931,29.31004,44,51.9793,-41.8983,9564.7493
BREMERHAVEN,6b921397-6fc7-c2f7-1c01-3a7b2196ff60,DEBRV,8.548876,53.55088,GALVESTON,23b92724-0ffb-f4a4-9bb0-43600fd4af12,USGLS,-94.79931,29.31004,45,51.3939,-43.459,9564.7493
BREMERHAVEN,6b921397-6fc7-c2f7-1c01-3a7b2196ff60,DEBRV,8.548876,53.55088,GALVESTON,23b92724-0ffb-f4a4-9bb0-43600fd4af12,USGLS,-94.79931,29.31004,46,50.0,-46.5152,9564.7493
BREMERHAVEN,6b921397-6fc7-c2f7-1c01-3a7b2196ff60,DEBRV,8.548876,53.55088,GALVESTON,23b92724-0ffb-f4a4-9bb0-43600fd4af12,USGLS,-94.79931,29.31004,47,49.1892,-48.293,9564.7493
BREMERHAVEN,6b921397-6fc7-c2f7-1c01-3a7b2196ff60,DEBRV,8.548876,53.55088,GALVESTON,23b92724-0ffb-f4a4-9bb0-43600fd4af12,USGLS,-94.79931,29.31004,48,48.8991,-48.8281,9564.7493
BREMERHAVEN,6b921397-6fc7-c2f7-1c01-3a7b2196ff60,DEBRV,8.548876,53.55088,GALVESTON,23b92724-0ffb-f4a4-9bb0-43600fd4af12,USGLS,-94.79931,29.31004,49,48.2632,-50.001,9564.7493
BREMERHAVEN,6b921397-6fc7-c2f7-1c01-3a7b2196ff60,DEBRV,8.548876,53.55088,GALVESTON,23b92724-0ffb-f4a4-9bb0-43600fd4af12,USGLS,-94.79931,29.31004,50,46.8,-52.7,9564.7493
BREMERHAVEN,6b921397-6fc7-c2f7-1c01-3a7b2196ff60,DEBRV,8.548876,53.55088,GALVESTON,23b92724-0ffb-f4a4-9bb0-43600fd4af12,USGLS,-94.79931,29.31004,51,46.1,-54.0,9564.7493
BREMERHAVEN,6b921397-6fc7-c2f7-1c01-3a7b2196ff60,DEBRV,8.548876,53.55088,GALVESTON,23b92724-0ffb-f4a4-9bb0-43600fd4af12,USGLS,-94.79931,29.31004,52,45.0,-55.0,9564.7493
BREMERHAVEN,6b921397-6fc7-c2f7-1c01-3a7b2196ff60,DEBRV,8.548876,53.55088,GALVESTON,23b92724-0ffb-f4a4-9bb0-43600fd4af12,USGLS,-94.79931,29.31004,53,42.9936,-60.5618,9564.7493
BREMERHAVEN,6b921397-6fc7-c2f7-1c01-3a7b2196ff60,DEBRV,8.548876,53.55088,GALVESTON,23b92724-0ffb-f4a4-9bb0-43600fd4af12,USGLS,-94.79931,29.31004,54,41.8046,-63.2954,9564.7493
BREMERHAVEN,6b921397-6fc7-c2f7-1c01-3a7b2196ff60,DEBRV,8.548876,53.55088,GALVESTON,23b92724-0ffb-f4a4-9bb0-43600fd4af12,USGLS,-94.79931,29.31004,55,41.2228,-64.633,9564.7493
BREMERHAVEN,6b921397-6fc7-c2f7-1c01-3a7b2196ff60,DEBRV,8.548876,53.55088,GALVESTON,23b92724-0ffb-f4a4-9bb0-43600fd4af12,USGLS,-94.79931,29.31004,56,40.7356,-65.7532,9564.7493
BREMERHAVEN,6b921397-6fc7-c2f7-1c01-3a7b2196ff60,DEBRV,8.548876,53.55088,GALVESTON,23b92724-0ffb-f4a4-9bb0-43600fd4af12,USGLS,-94.79931,29.31004,57,40.268,-66.667,9564.7493
BREMERHAVEN,6b921397-6fc7-c2f7-1c01-3a7b2196ff60,DEBRV,8.548876,53.55088,GALVESTON,23b92724-0ffb-f4a4-9bb0-43600fd4af12,USGLS,-94.79931,29.31004,58,40.0,-67.1909,9564.7493
BREMERHAVEN,6b921397-6fc7-c2f7-1c01-3a7b2196ff60,DEBRV,8.548876,53.55088,GALVESTON,23b92724-0ffb-f4a4-9bb0-43600fd4af12,USGLS,-94.79931,29.31004,59,39.2697,-68.6184,9564.7493
BREMERHAVEN,6b921397-6fc7-c2f7-1c01-3a7b2196ff60,DEBRV,8.548876,53.55088,GALVESTON,23b92724-0ffb-f4a4-9bb0-43600fd4af12,USGLS,-94.79931,29.31004,60,39.1806,-68.7924,9564.7493
BREMERHAVEN,6b921397-6fc7-c2f7-1c01-3a7b2196ff60,DEBRV,8.548876,53.55088,GALVESTON,23b92724-0ffb-f4a4-9bb0-43600fd4af12,USGLS,-94.79931,29.31004,61,38.9509,-69.2414,9564.7493
BREMERHAVEN,6b921397-6fc7-c2f7-1c01-3a7b2196ff60,DEBRV,8.548876,53.55088,GALVESTON,23b92724-0ffb-f4a4-9bb0-43600fd4af12,USGLS,-94.79931,29.31004,62,38.8822,-69.3757,9564.7493
BREMERHAVEN,6b921397-6fc7-c2f7-1c01-3a7b2196ff60,DEBRV,8.548876,53.55088,GALVESTON,23b92724-0ffb-f4a4-9bb0-43600fd4af12,USGLS,-94.79931,29.31004,63,38.7809,-69.5737,9564.7493
BREMERHAVEN,6b921397-6fc7-c2f7-1c01-3a7b2196ff60,DEBRV,8.548876,53.55088,GALVESTON,23b92724-0ffb-f4a4-9bb0-43600fd4af12,USGLS,-94.79931,29.31004,64,38.2606,-70.5906,9564.7493
BREMERHAVEN,6b921397-6fc7-c2f7-1c01-3a7b2196ff60,DEBRV,8.548876,53.55088,GALVESTON,23b92724-0ffb-f4a4-9bb0-43600fd4af12,USGLS,-94.79931,29.31004,65,38.2153,-70.6674,9564.7493
BREMERHAVEN,6b921397-6fc7-c2f7-1c01-3a7b2196ff60,DEBRV,8.548876,53.55088,GALVESTON,23b92724-0ffb-f4a4-9bb0-43600fd4af12,USGLS,-94.79931,29.31004,66,38.0287,-70.9836,9564.7493
BREMERHAVEN,6b921397-6fc7-c2f7-1c01-3a7b2196ff60,DEBRV,8.548876,53.55088,GALVESTON,23b92724-0ffb-f4a4-9bb0-43600fd4af12,USGLS,-94.79931,29.31004,67,37.8712,-71.2506,9564.7493
BREMERHAVEN,6b921397-6fc7-c2f7-1c01-3a7b2196ff60,DEBRV,8.548876,53.55088,GALVESTON,23b92724-0ffb-f4a4-9bb0-43600fd4af12,USGLS,-94.79931,29.31004,68,37.6798,-71.575,9564.7493
BREMERHAVEN,6b921397-6fc7-c2f7-1c01-3a7b2196ff60,DEBRV,8.548876,53.55088,GALVESTON,23b92724-0ffb-f4a4-9bb0-43600fd4af12,USGLS,-94.79931,29.31004,69,37.5576,-71.7821,9564.7493
BREMERHAVEN,6b921397-6fc7-c2f7-1c01-3a7b2196ff60,DEBRV,8.548876,53.55088,GALVESTON,23b92724-0ffb-f4a4-9bb0-43600fd4af12,USGLS,-94.79931,29.31004,70,37.4735,-71.9247,9564.7493
BREMERHAVEN,6b921397-6fc7-c2f7-1c01-3a7b2196ff60,DEBRV,8.548876,53.55088,GALVESTON,23b92724-0ffb-f4a4-9bb0-43600fd4af12,USGLS,-94.79931,29.31004,71,37.4409,-71.9526,9564.7493
BREMERHAVEN,6b921397-6fc7-c2f7-1c01-3a7b2196ff60,DEBRV,8.548876,53.55088,GALVESTON,23b92724-0ffb-f4a4-9bb0-43600fd4af12,USGLS,-94.79931,29.31004,72,36.9131,-72.4054,9564.7493
BREMERHAVEN,6b921397-6fc7-c2f7-1c01-3a7b2196ff60,DEBRV,8.548876,53.55088,GALVESTON,23b92724-0ffb-f4a4-9bb0-43600fd4af12,USGLS,-94.79931,29.31004,73,36.6966,-72.572,9564.7493
BREMERHAVEN,6b921397-6fc7-c2f7-1c01-3a7b2196ff60,DEBRV,8.548876,53.55088,GALVESTON,23b92724-0ffb-f4a4-9bb0-43600fd4af12,USGLS,-94.79931,29.31004,74,36.3546,-72.835,9564.7493
BREMERHAVEN,6b921397-6fc7-c2f7-1c01-3a7b2196ff60,DEBRV,8.548876,53.55088,GALVESTON,23b92724-0ffb-f4a4-9bb0-43600fd4af12,USGLS,-94.79931,29.31004,75,36.2195,-72.939,9564.7493
BREMERHAVEN,6b921397-6fc7-c2f7-1c01-3a7b2196ff60,DEBRV,8.548876,53.55088,GALVESTON,23b92724-0ffb-f4a4-9bb0-43600fd4af12,USGLS,-94.79931,29.31004,76,35.7903,-73.2692,9564.7493
BREMERHAVEN,6b921397-6fc7-c2f7-1c01-3a7b2196ff60,DEBRV,8.548876,53.55088,GALVESTON,23b92724-0ffb-f4a4-9bb0-43600fd4af12,USGLS,-94.79931,29.31004,77,35.1951,-73.7271,9564.7493
BREMERHAVEN,6b921397-6fc7-c2f7-1c01-3a7b2196ff60,DEBRV,8.548876,53.55088,GALVESTON,23b92724-0ffb-f4a4-9bb0-43600fd4af12,USGLS,-94.79931,29.31004,78,35.0546,-73.8352,9564.7493
BREMERHAVEN,6b921397-6fc7-c2f7-1c01-3a7b2196ff60,DEBRV,8.548876,53.55088,GALVESTON,23b92724-0ffb-f4a4-9bb0-43600fd4af12,USGLS,-94.79931,29.31004,79,34.6513,-74.1455,9564.7493
BREMERHAVEN,6b921397-6fc7-c2f7-1c01-3a7b2196ff60,DEBRV,8.548876,53.55088,GALVESTON,23b92724-0ffb-f4a4-9bb0-43600fd4af12,USGLS,-94.79931,29.31004,80,34.5987,-74.186,9564.7493
BREMERHAVEN,6b921397-6fc7-c2f7-1c01-3a7b2196ff60,DEBRV,8.548876,53.55088,GALVESTON,23b92724-0ffb-f4a4-9bb0-43600fd4af12,USGLS,-94.79931,29.31004,81,34.3785,-74.3554,9564.7493
BREMERHAVEN,6b921397-6fc7-c2f7-1c01-3a7b2196ff60,DEBRV,8.548876,53.55088,GALVESTON,23b92724-0ffb-f4a4-9bb0-43600fd4af12,USGLS,-94.79931,29.31004,82,33.601,-74.9535,9564.7493
BREMERHAVEN,6b921397-6fc7-c2f7-1c01-3a7b2196ff60,DEBRV,8.548876,53.55088,GALVESTON,23b92724-0ffb-f4a4-9bb0-43600fd4af12,USGLS,-94.79931,29.31004,83,33.4596,-75.0623,9564.7493
BREMERHAVEN,6b921397-6fc7-c2f7-1c01-3a7b2196ff60,DEBRV,8.548876,53.55088,GALVESTON,23b92724-0ffb-f4a4-9bb0-43600fd4af12,USGLS,-94.79931,29.31004,84,32.9141,-75.4437,9564.7493
BREMERHAVEN,6b921397-6fc7-c2f7-1c01-3a7b2196ff60,DEBRV,8.548876,53.55088,GALVESTON,23b92724-0ffb-f4a4-9bb0-43600fd4af12,USGLS,-94.79931,29.31004,85,32.9002,-75.4534,9564.7493
BREMERHAVEN,6b921397-6fc7-c2f7-1c01-3a7b2196ff60,DEBRV,8.548876,53.55088,GALVESTON,23b92724-0ffb-f4a4-9bb0-43600fd4af12,USGLS,-94.79931,29.31004,86,31.821,-76.208,9564.7493
BREMERHAVEN,6b921397-6fc7-c2f7-1c01-3a7b2196ff60,DEBRV,8.548876,53.55088,GALVESTON,23b92724-0ffb-f4a4-9bb0-43600fd4af12,USGLS,-94.79931,29.31004,87,31.5182,-76.4197,9564.7493
BREMERHAVEN,6b921397-6fc7-c2f7-1c01-3a7b2196ff60,DEBRV,8.548876,53.55088,GALVESTON,23b92724-0ffb-f4a4-9bb0-43600fd4af12,USGLS,-94.79931,29.31004,88,30.6352,-77.0371,9564.7493
BREMERHAVEN,6b921397-6fc7-c2f7-1c01-3a7b2196ff60,DEBRV,8.548876,53.55088,GALVESTON,23b92724-0ffb-f4a4-9bb0-43600fd4af12,USGLS,-94.79931,29.31004,89,30.3878,-77.2101,9564.7493
BREMERHAVEN,6b921397-6fc7-c2f7-1c01-3a7b2196ff60,DEBRV,8.548876,53.55088,GALVESTON,23b92724-0ffb-f4a4-9bb0-43600fd4af12,USGLS,-94.79931,29.31004,90,30.3466,-77.2389,9564.7493
BREMERHAVEN,6b921397-6fc7-c2f7-1c01-3a7b2196ff60,DEBRV,8.548876,53.55088,GALVESTON,23b92724-0ffb-f4a4-9bb0-43600fd4af12,USGLS,-94.79931,29.31004,91,30.0,-77.4813,9564.7493
BREMERHAVEN,6b921397-6fc7-c2f7-1c01-3a7b2196ff60,DEBRV,8.548876,53.55088,GALVESTON,23b92724-0ffb-f4a4-9bb0-43600fd4af12,USGLS,-94.79931,29.31004,92,29.9519,-77.5149,9564.7493
BREMERHAVEN,6b921397-6fc7-c2f7-1c01-3a7b2196ff60,DEBRV,8.548876,53.55088,GALVESTON,23b92724-0ffb-f4a4-9bb0-43600fd4af12,USGLS,-94.79931,29.31004,93,29.3427,-77.8594,9564.7493
BREMERHAVEN,6b921397-6fc7-c2f7-1c01-3a7b2196ff60,DEBRV,8.548876,53.55088,GALVESTON,23b92724-0ffb-f4a4-9bb0-43600fd4af12,USGLS,-94.79931,29.31004,94,28.7747,-78.1806,9564.7493
BREMERHAVEN,6b921397-6fc7-c2f7-1c01-3a7b2196ff60,DEBRV,8.548876,53.55088,GALVESTON,23b92724-0ffb-f4a4-9bb0-43600fd4af12,USGLS,-94.79931,29.31004,95,28.0696,-78.5793,9564.7493
BREMERHAVEN,6b921397-6fc7-c2f7-1c01-3a7b2196ff60,DEBRV,8.548876,53.55088,GALVESTON,23b92724-0ffb-f4a4-9bb0-43600fd4af12,USGLS,-94.79931,29.31004,96,27.9295,-78.6586,9564.7493
BREMERHAVEN,6b921397-6fc7-c2f7-1c01-3a7b2196ff60,DEBRV,8.548876,53.55088,GALVESTON,23b92724-0ffb-f4a4-9bb0-43600fd4af12,USGLS,-94.79931,29.31004,97,26.7372,-79.3328,9564.7493
BREMERHAVEN,6b921397-6fc7-c2f7-1c01-3a7b2196ff60,DEBRV,8.548876,53.55088,GALVESTON,23b92724-0ffb-f4a4-9bb0-43600fd4af12,USGLS,-94.79931,29.31004,98,26.0942,-79.5356,9564.7493
BREMERHAVEN,6b921397-6fc7-c2f7-1c01-3a7b2196ff60,DEBRV,8.548876,53.55088,GALVESTON,23b92724-0ffb-f4a4-9bb0-43600fd4af12,USGLS,-94.79931,29.31004,99,25.7903,-79.815,9564.7493
BREMERHAVEN,6b921397-6fc7-c2f7-1c01-3a7b2196ff60,DEBRV,8.548876,53.55088,GALVESTON,23b92724-0ffb-f4a4-9bb0-43600fd4af12,USGLS,-94.79931,29.31004,100,25.3329,-79.9482,9564.7493
BREMERHAVEN,6b921397-6fc7-c2f7-1c01-3a7b2196ff60,DEBRV,8.548876,53.55088,GALVESTON,23b92724-0ffb-f4a4-9bb0-43600fd4af12,USGLS,-94.79931,29.31004,101,25.1157,-80.0286,9564.7493
BREMERHAVEN,6b921397-6fc7-c2f7-1c01-3a7b2196ff60,DEBRV,8.548876,53.55088,GALVESTON,23b92724-0ffb-f4a4-9bb0-43600fd4af12,USGLS,-94.79931,29.31004,102,25.1148,-80.0294,9564.7493
BREMERHAVEN,6b921397-6fc7-c2f7-1c01-3a7b2196ff60,DEBRV,8.548876,53.55088,GALVESTON,23b92724-0ffb-f4a4-9bb0-43600fd4af12,USGLS,-94.79931,29.31004,103,24.7537,-80.3533,9564.7493
BREMERHAVEN,6b921397-6fc7-c2f7-1c01-3a7b2196ff60,DEBRV,8.548876,53.55088,GALVESTON,23b92724-0ffb-f4a4-9bb0-43600fd4af12,USGLS,-94.79931,29.31004,104,24.5133,-80.7971,9564.7493
BREMERHAVEN,6b921397-6fc7-c2f7-1c01-3a7b2196ff60,DEBRV,8.548876,53.55088,GALVESTON,23b92724-0ffb-f4a4-9bb0-43600fd4af12,USGLS,-94.79931,29.31004,105,24.504,-80.8143,9564.7493
BREMERHAVEN,6b921397-6fc7-c2f7-1c01-3a7b2196ff60,DEBRV,8.548876,53.55088,GALVESTON,23b92724-0ffb-f4a4-9bb0-43600fd4af12,USGLS,-94.79931,29.31004,106,24.2187,-81.825,9564.7493
BREMERHAVEN,6b921397-6fc7-c2f7-1c01-3a7b2196ff60,DEBRV,8.548876,53.55088,GALVESTON,23b92724-0ffb-f4a4-9bb0-43600fd4af12,USGLS,-94.79931,29.31004,107,24.3,-82.7,9564.7493
BREMERHAVEN,6b921397-6fc7-c2f7-1c01-3a7b2196ff60,DEBRV,8.548876,53.55088,GALVESTON,23b92724-0ffb-f4a4-9bb0-43600fd4af12,USGLS,-94.79931,29.31004,108,25.1603,-84.4316,9564.7493
BREMERHAVEN,6b921397-6fc7-c2f7-1c01-3a7b2196ff60,DEBRV,8.548876,53.55088,GALVESTON,23b92724-0ffb-f4a4-9bb0-43600fd4af12,USGLS,-94.79931,29.31004,109,25.8745,-85.8688,9564.7493
BREMERHAVEN,6b921397-6fc7-c2f7-1c01-3a7b2196ff60,DEBRV,8.548876,53.55088,GALVESTON,23b92724-0ffb-f4a4-9bb0-43600fd4af12,USGLS,-94.79931,29.31004,110,26.2803,-86.6856,9564.7493
BREMERHAVEN,6b921397-6fc7-c2f7-1c01-3a7b2196ff60,DEBRV,8.548876,53.55088,GALVESTON,23b92724-0ffb-f4a4-9bb0-43600fd4af12,USGLS,-94.79931,29.31004,111,26.3671,-86.8603,9564.7493
BREMERHAVEN,6b921397-6fc7-c2f7-1c01-3a7b2196ff60,DEBRV,8.548876,53.55088,GALVESTON,23b92724-0ffb-f4a4-9bb0-43600fd4af12,USGLS,-94.79931,29.31004,112,26.6179,-87.3651,9564.7493
BREMERHAVEN,6b921397-6fc7-c2f7-1c01-3a7b2196ff60,DEBRV,8.548876,53.55088,GALVESTON,23b92724-0ffb-f4a4-9bb0-43600fd4af12,USGLS,-94.79931,29.31004,113,27.0297,-88.194,9564.7493
BREMERHAVEN,6b921397-6fc7-c2f7-1c01-3a7b2196ff60,DEBRV,8.548876,53.55088,GALVESTON,23b92724-0ffb-f4a4-9bb0-43600fd4af12,USGLS,-94.79931,29.31004,114,27.0444,-88.2235,9564.7493
BREMERHAVEN,6b921397-6fc7-c2f7-1c01-3a7b2196ff60,DEBRV,8.548876,53.55088,GALVESTON,23b92724-0ffb-f4a4-9bb0-43600fd4af12,USGLS,-94.79931,29.31004,115,27.2281,-88.6387,9564.7493
BREMERHAVEN,6b921397-6fc7-c2f7-1c01-3a7b2196ff60,DEBRV,8.548876,53.55088,GALVESTON,23b92724-0ffb-f4a4-9bb0-43600fd4af12,USGLS,-94.79931,29.31004,116,27.727,-89.7664,9564.7493
BREMERHAVEN,6b921397-6fc7-c2f7-1c01-3a7b2196ff60,DEBRV,8.548876,53.55088,GALVESTON,23b92724-0ffb-f4a4-9bb0-43600fd4af12,USGLS,-94.79931,29.31004,117,27.783,-89.893,9564.7493
BREMERHAVEN,6b921397-6fc7-c2f7-1c01-3a7b2196ff60,DEBRV,8.548876,53.55088,GALVESTON,23b92724-0ffb-f4a4-9bb0-43600fd4af12,USGLS,-94.79931,29.31004,118,27.9988,-90.3808,9564.7493
BREMERHAVEN,6b921397-6fc7-c2f7-1c01-3a7b2196ff60,DEBRV,8.548876,53.55088,GALVESTON,23b92724-0ffb-f4a4-9bb0-43600fd4af12,USGLS,-94.79931,29.31004,119,28.4094,-91.3089,9564.7493
BREMERHAVEN,6b921397-6fc7-c2f7-1c01-3a7b2196ff60,DEBRV,8.548876,53.55088,GALVESTON,23b92724-0ffb-f4a4-9bb0-43600fd4af12,USGLS,-94.79931,29.31004,120,28.5158,-91.5493,9564.7493
BREMERHAVEN,6b921397-6fc7-c2f7-1c01-3a7b2196ff60,DEBRV,8.548876,53.55088,GALVESTON,23b92724-0ffb-f4a4-9bb0-43600fd4af12,USGLS,-94.79931,29.31004,121,28.6457,-91.8429,9564.7493
BREMERHAVEN,6b921397-6fc7-c2f7-1c01-3a7b2196ff60,DEBRV,8.548876,53.55088,GALVESTON,23b92724-0ffb-f4a4-9bb0-43600fd4af12,USGLS,-94.79931,29.31004,122,28.7823,-92.1518,9564.7493
BREMERHAVEN,6b921397-6fc7-c2f7-1c01-3a7b2196ff60,DEBRV,8.548876,53.55088,GALVESTON,23b92724-0ffb-f4a4-9bb0-43600fd4af12,USGLS,-94.79931,29.31004,123,28.8674,-92.4116,9564.7493
BREMERHAVEN,6b921397-6fc7-c2f7-1c01-3a7b2196ff60,DEBRV,8.548876,53.55088,GALVESTON,23b92724-0ffb-f4a4-9bb0-43600fd4af12,USGLS,-94.79931,29.31004,124,29.13,-93.214,9564.7493
BREMERHAVEN,6b921397-6fc7-c2f7-1c01-3a7b2196ff60,DEBRV,8.548876,53.55088,GALVESTON,23b92724-0ffb-f4a4-9bb0-43600fd4af12,USGLS,-94.79931,29.31004,125,29.1321,-93.6685,9564.7493
BREMERHAVEN,6b921397-6fc7-c2f7-1c01-3a7b2196ff60,DEBRV,8.548876,53.55088,GALVESTON,23b92724-0ffb-f4a4-9bb0-43600fd4af12,USGLS,-94.79931,29.31004,126,29.1479,-94.3779,9564.7493
BREMERHAVEN,6b921397-6fc7-c2f7-1c01-3a7b2196ff60,DEBRV,8.548876,53.55088,GALVESTON,23b92724-0ffb-f4a4-9bb0-43600fd4af12,USGLS,-94.79931,29.31004,127,29.3068,-94.6251,9564.7493
BREMERHAVEN,6b921397-6fc7-c2f7-1c01-3a7b2196ff60,DEBRV,8.548876,53.55088,GALVESTON,23b92724-0ffb-f4a4-9bb0-43600fd4af12,USGLS,-94.79931,29.31004,128,29.3379,-94.6878,9564.7493
BREMERHAVEN,6b921397-6fc7-c2f7-1c01-3a7b2196ff60,DEBRV,8.548876,53.55088,GALVESTON,23b92724-0ffb-f4a4-9bb0-43600fd4af12,USGLS,-94.79931,29.31004,129,29.3444,-94.7159,9564.7493
BREMERHAVEN,6b921397-6fc7-c2f7-1c01-3a7b2196ff60,DEBRV,8.548876,53.55088,GALVESTON,23b92724-0ffb-f4a4-9bb0-43600fd4af12,USGLS,-94.79931,29.31004,130,29.3423,-94.7696,9564.7493
BREMERHAVEN,6b921397-6fc7-c2f7-1c01-3a7b2196ff60,DEBRV,8.548876,53.55088,GALVESTON,23b92724-0ffb-f4a4-9bb0-43600fd4af12,USGLS,-94.79931,29.31004,131,29.31004,-94.79931,9564.7493
BREMERHAVEN,6b921397-6fc7-c2f7-1c01-3a7b2196ff60,DEBRV,8.548876,53.55088,BRUNSWICK,77155a1d-02cb-a925-cc09-c50a414545e1,USSSI,-81.53851,31.12824,0,53.55088,8.548876,7642.7524
BREMERHAVEN,6b921397-6fc7-c2f7-1c01-3a7b2196ff60,DEBRV,8.548876,53.55088,BRUNSWICK,77155a1d-02cb-a925-cc09-c50a414545e1,USSSI,-81.53851,31.12824,1,53.5589,8.5367,7642.7524
BREMERHAVEN,6b921397-6fc7-c2f7-1c01-3a7b2196ff60,DEBRV,8.548876,53.55088,BRUNSWICK,77155a1d-02cb-a925-cc09-c50a414545e1,USSSI,-81.53851,31.12824,2,53.9,8.25,7642.7524
BREMERHAVEN,6b921397-6fc7-c2f7-1c01-3a7b2196ff60,DEBRV,8.548876,53.55088,BRUNSWICK,77155a1d-02cb-a925-cc09-c50a414545e1,USSSI,-81.53851,31.12824,3,54.288,7.1488,7642.7524
BREMERHAVEN,6b921397-6fc7-c2f7-1c01-3a7b2196ff60,DEBRV,8.548876,53.55088,BRUNSWICK,77155a1d-02cb-a925-cc09-c50a414545e1,USSSI,-81.53851,31.12824,4,54.7649,5.7952999999999975,7642.7524
BREMERHAVEN,6b921397-6fc7-c2f7-1c01-3a7b2196ff60,DEBRV,8.548876,53.55088,BRUNSWICK,77155a1d-02cb-a925-cc09-c50a414545e1,USSSI,-81.53851,31.12824,5,54.9603,5.2407,7642.7524
BREMERHAVEN,6b921397-6fc7-c2f7-1c01-3a7b2196ff60,DEBRV,8.548876,53.55088,BRUNSWICK,77155a1d-02cb-a925-cc09-c50a414545e1,USSSI,-81.53851,31.12824,6,54.9609,5.239,7642.7524
BREMERHAVEN,6b921397-6fc7-c2f7-1c01-3a7b2196ff60,DEBRV,8.548876,53.55088,BRUNSWICK,77155a1d-02cb-a925-cc09-c50a414545e1,USSSI,-81.53851,31.12824,7,55.3049,4.2627,7642.7524
BREMERHAVEN,6b921397-6fc7-c2f7-1c01-3a7b2196ff60,DEBRV,8.548876,53.55088,BRUNSWICK,77155a1d-02cb-a925-cc09-c50a414545e1,USSSI,-81.53851,31.12824,8,55.4414,3.8752,7642.7524
BREMERHAVEN,6b921397-6fc7-c2f7-1c01-3a7b2196ff60,DEBRV,8.548876,53.55088,BRUNSWICK,77155a1d-02cb-a925-cc09-c50a414545e1,USSSI,-81.53851,31.12824,9,55.7068,3.1218,7642.7524
BREMERHAVEN,6b921397-6fc7-c2f7-1c01-3a7b2196ff60,DEBRV,8.548876,53.55088,BRUNSWICK,77155a1d-02cb-a925-cc09-c50a414545e1,USSSI,-81.53851,31.12824,10,55.8457,2.7276,7642.7524
BREMERHAVEN,6b921397-6fc7-c2f7-1c01-3a7b2196ff60,DEBRV,8.548876,53.55088,BRUNSWICK,77155a1d-02cb-a925-cc09-c50a414545e1,USSSI,-81.53851,31.12824,11,56.3304,1.352,7642.7524
BREMERHAVEN,6b921397-6fc7-c2f7-1c01-3a7b2196ff60,DEBRV,8.548876,53.55088,BRUNSWICK,77155a1d-02cb-a925-cc09-c50a414545e1,USSSI,-81.53851,31.12824,12,57.3,-1.4,7642.7524
BREMERHAVEN,6b921397-6fc7-c2f7-1c01-3a7b2196ff60,DEBRV,8.548876,53.55088,BRUNSWICK,77155a1d-02cb-a925-cc09-c50a414545e1,USSSI,-81.53851,31.12824,13,57.664,-1.746,7642.7524
BREMERHAVEN,6b921397-6fc7-c2f7-1c01-3a7b2196ff60,DEBRV,8.548876,53.55088,BRUNSWICK,77155a1d-02cb-a925-cc09-c50a414545e1,USSSI,-81.53851,31.12824,14,58.6042,-2.9081,7642.7524
BREMERHAVEN,6b921397-6fc7-c2f7-1c01-3a7b2196ff60,DEBRV,8.548876,53.55088,BRUNSWICK,77155a1d-02cb-a925-cc09-c50a414545e1,USSSI,-81.53851,31.12824,15,58.6044,-2.9083,7642.7524
BREMERHAVEN,6b921397-6fc7-c2f7-1c01-3a7b2196ff60,DEBRV,8.548876,53.55088,BRUNSWICK,77155a1d-02cb-a925-cc09-c50a414545e1,USSSI,-81.53851,31.12824,16,58.6045,-2.9088,7642.7524
BREMERHAVEN,6b921397-6fc7-c2f7-1c01-3a7b2196ff60,DEBRV,8.548876,53.55088,BRUNSWICK,77155a1d-02cb-a925-cc09-c50a414545e1,USSSI,-81.53851,31.12824,17,58.7,-3.3333,7642.7524
BREMERHAVEN,6b921397-6fc7-c2f7-1c01-3a7b2196ff60,DEBRV,8.548876,53.55088,BRUNSWICK,77155a1d-02cb-a925-cc09-c50a414545e1,USSSI,-81.53851,31.12824,18,58.7,-4.7995,7642.7524
BREMERHAVEN,6b921397-6fc7-c2f7-1c01-3a7b2196ff60,DEBRV,8.548876,53.55088,BRUNSWICK,77155a1d-02cb-a925-cc09-c50a414545e1,USSSI,-81.53851,31.12824,19,58.7,-5.2,7642.7524
BREMERHAVEN,6b921397-6fc7-c2f7-1c01-3a7b2196ff60,DEBRV,8.548876,53.55088,BRUNSWICK,77155a1d-02cb-a925-cc09-c50a414545e1,USSSI,-81.53851,31.12824,20,58.6762,-5.7205,7642.7524
BREMERHAVEN,6b921397-6fc7-c2f7-1c01-3a7b2196ff60,DEBRV,8.548876,53.55088,BRUNSWICK,77155a1d-02cb-a925-cc09-c50a414545e1,USSSI,-81.53851,31.12824,21,58.6761,-5.7229,7642.7524
BREMERHAVEN,6b921397-6fc7-c2f7-1c01-3a7b2196ff60,DEBRV,8.548876,53.55088,BRUNSWICK,77155a1d-02cb-a925-cc09-c50a414545e1,USSSI,-81.53851,31.12824,22,58.6761,-5.7232,7642.7524
BREMERHAVEN,6b921397-6fc7-c2f7-1c01-3a7b2196ff60,DEBRV,8.548876,53.55088,BRUNSWICK,77155a1d-02cb-a925-cc09-c50a414545e1,USSSI,-81.53851,31.12824,23,58.6411,-6.4895,7642.7524
BREMERHAVEN,6b921397-6fc7-c2f7-1c01-3a7b2196ff60,DEBRV,8.548876,53.55088,BRUNSWICK,77155a1d-02cb-a925-cc09-c50a414545e1,USSSI,-81.53851,31.12824,24,58.543,-8.637,7642.7524
BREMERHAVEN,6b921397-6fc7-c2f7-1c01-3a7b2196ff60,DEBRV,8.548876,53.55088,BRUNSWICK,77155a1d-02cb-a925-cc09-c50a414545e1,USSSI,-81.53851,31.12824,25,58.4746,-10.1362,7642.7524
BREMERHAVEN,6b921397-6fc7-c2f7-1c01-3a7b2196ff60,DEBRV,8.548876,53.55088,BRUNSWICK,77155a1d-02cb-a925-cc09-c50a414545e1,USSSI,-81.53851,31.12824,26,58.3967,-11.8419,7642.7524
BREMERHAVEN,6b921397-6fc7-c2f7-1c01-3a7b2196ff60,DEBRV,8.548876,53.55088,BRUNSWICK,77155a1d-02cb-a925-cc09-c50a414545e1,USSSI,-81.53851,31.12824,27,58.3925,-11.9323,7642.7524
BREMERHAVEN,6b921397-6fc7-c2f7-1c01-3a7b2196ff60,DEBRV,8.548876,53.55088,BRUNSWICK,77155a1d-02cb-a925-cc09-c50a414545e1,USSSI,-81.53851,31.12824,28,58.3696,-12.4344,7642.7524
BREMERHAVEN,6b921397-6fc7-c2f7-1c01-3a7b2196ff60,DEBRV,8.548876,53.55088,BRUNSWICK,77155a1d-02cb-a925-cc09-c50a414545e1,USSSI,-81.53851,31.12824,29,57.9468,-16.517,7642.7524
BREMERHAVEN,6b921397-6fc7-c2f7-1c01-3a7b2196ff60,DEBRV,8.548876,53.55088,BRUNSWICK,77155a1d-02cb-a925-cc09-c50a414545e1,USSSI,-81.53851,31.12824,30,57.8239,-17.7043,7642.7524
BREMERHAVEN,6b921397-6fc7-c2f7-1c01-3a7b2196ff60,DEBRV,8.548876,53.55088,BRUNSWICK,77155a1d-02cb-a925-cc09-c50a414545e1,USSSI,-81.53851,31.12824,31,57.6957,-18.9419,7642.7524
BREMERHAVEN,6b921397-6fc7-c2f7-1c01-3a7b2196ff60,DEBRV,8.548876,53.55088,BRUNSWICK,77155a1d-02cb-a925-cc09-c50a414545e1,USSSI,-81.53851,31.12824,32,57.6424,-19.4569,7642.7524
BREMERHAVEN,6b921397-6fc7-c2f7-1c01-3a7b2196ff60,DEBRV,8.548876,53.55088,BRUNSWICK,77155a1d-02cb-a925-cc09-c50a414545e1,USSSI,-81.53851,31.12824,33,57.5528,-20.0021,7642.7524
BREMERHAVEN,6b921397-6fc7-c2f7-1c01-3a7b2196ff60,DEBRV,8.548876,53.55088,BRUNSWICK,77155a1d-02cb-a925-cc09-c50a414545e1,USSSI,-81.53851,31.12824,34,56.9834,-23.4656,7642.7524
BREMERHAVEN,6b921397-6fc7-c2f7-1c01-3a7b2196ff60,DEBRV,8.548876,53.55088,BRUNSWICK,77155a1d-02cb-a925-cc09-c50a414545e1,USSSI,-81.53851,31.12824,35,56.5442,-26.1369,7642.7524
BREMERHAVEN,6b921397-6fc7-c2f7-1c01-3a7b2196ff60,DEBRV,8.548876,53.55088,BRUNSWICK,77155a1d-02cb-a925-cc09-c50a414545e1,USSSI,-81.53851,31.12824,36,56.4943,-26.3543,7642.7524
BREMERHAVEN,6b921397-6fc7-c2f7-1c01-3a7b2196ff60,DEBRV,8.548876,53.55088,BRUNSWICK,77155a1d-02cb-a925-cc09-c50a414545e1,USSSI,-81.53851,31.12824,37,55.657,-30.0037,7642.7524
BREMERHAVEN,6b921397-6fc7-c2f7-1c01-3a7b2196ff60,DEBRV,8.548876,53.55088,BRUNSWICK,77155a1d-02cb-a925-cc09-c50a414545e1,USSSI,-81.53851,31.12824,38,55.1102,-32.387,7642.7524
BREMERHAVEN,6b921397-6fc7-c2f7-1c01-3a7b2196ff60,DEBRV,8.548876,53.55088,BRUNSWICK,77155a1d-02cb-a925-cc09-c50a414545e1,USSSI,-81.53851,31.12824,39,54.5246,-34.3425,7642.7524
BREMERHAVEN,6b921397-6fc7-c2f7-1c01-3a7b2196ff60,DEBRV,8.548876,53.55088,BRUNSWICK,77155a1d-02cb-a925-cc09-c50a414545e1,USSSI,-81.53851,31.12824,40,53.8977,-36.4357,7642.7524
BREMERHAVEN,6b921397-6fc7-c2f7-1c01-3a7b2196ff60,DEBRV,8.548876,53.55088,BRUNSWICK,77155a1d-02cb-a925-cc09-c50a414545e1,USSSI,-81.53851,31.12824,41,53.8077,-36.736,7642.7524
BREMERHAVEN,6b921397-6fc7-c2f7-1c01-3a7b2196ff60,DEBRV,8.548876,53.55088,BRUNSWICK,77155a1d-02cb-a925-cc09-c50a414545e1,USSSI,-81.53851,31.12824,42,53.3802,-38.1634,7642.7524
BREMERHAVEN,6b921397-6fc7-c2f7-1c01-3a7b2196ff60,DEBRV,8.548876,53.55088,BRUNSWICK,77155a1d-02cb-a925-cc09-c50a414545e1,USSSI,-81.53851,31.12824,43,52.6905,-40.0023,7642.7524
BREMERHAVEN,6b921397-6fc7-c2f7-1c01-3a7b2196ff60,DEBRV,8.548876,53.55088,BRUNSWICK,77155a1d-02cb-a925-cc09-c50a414545e1,USSSI,-81.53851,31.12824,44,51.9793,-41.8983,7642.7524
BREMERHAVEN,6b921397-6fc7-c2f7-1c01-3a7b2196ff60,DEBRV,8.548876,53.55088,BRUNSWICK,77155a1d-02cb-a925-cc09-c50a414545e1,USSSI,-81.53851,31.12824,45,51.3939,-43.459,7642.7524
BREMERHAVEN,6b921397-6fc7-c2f7-1c01-3a7b2196ff60,DEBRV,8.548876,53.55088,BRUNSWICK,77155a1d-02cb-a925-cc09-c50a414545e1,USSSI,-81.53851,31.12824,46,50.0,-46.5152,7642.7524
BREMERHAVEN,6b921397-6fc7-c2f7-1c01-3a7b2196ff60,DEBRV,8.548876,53.55088,BRUNSWICK,77155a1d-02cb-a925-cc09-c50a414545e1,USSSI,-81.53851,31.12824,47,49.1892,-48.293,7642.7524
BREMERHAVEN,6b921397-6fc7-c2f7-1c01-3a7b2196ff60,DEBRV,8.548876,53.55088,BRUNSWICK,77155a1d-02cb-a925-cc09-c50a414545e1,USSSI,-81.53851,31.12824,48,48.8991,-48.8281,7642.7524
BREMERHAVEN,6b921397-6fc7-c2f7-1c01-3a7b2196ff60,DEBRV,8.548876,53.55088,BRUNSWICK,77155a1d-02cb-a925-cc09-c50a414545e1,USSSI,-81.53851,31.12824,49,48.2632,-50.001,7642.7524
BREMERHAVEN,6b921397-6fc7-c2f7-1c01-3a7b2196ff60,DEBRV,8.548876,53.55088,BRUNSWICK,77155a1d-02cb-a925-cc09-c50a414545e1,USSSI,-81.53851,31.12824,50,46.8,-52.7,7642.7524
BREMERHAVEN,6b921397-6fc7-c2f7-1c01-3a7b2196ff60,DEBRV,8.548876,53.55088,BRUNSWICK,77155a1d-02cb-a925-cc09-c50a414545e1,USSSI,-81.53851,31.12824,51,46.1,-54.0,7642.7524
BREMERHAVEN,6b921397-6fc7-c2f7-1c01-3a7b2196ff60,DEBRV,8.548876,53.55088,BRUNSWICK,77155a1d-02cb-a925-cc09-c50a414545e1,USSSI,-81.53851,31.12824,52,45.0,-55.0,7642.7524
BREMERHAVEN,6b921397-6fc7-c2f7-1c01-3a7b2196ff60,DEBRV,8.548876,53.55088,BRUNSWICK,77155a1d-02cb-a925-cc09-c50a414545e1,USSSI,-81.53851,31.12824,53,42.9936,-60.5618,7642.7524
BREMERHAVEN,6b921397-6fc7-c2f7-1c01-3a7b2196ff60,DEBRV,8.548876,53.55088,BRUNSWICK,77155a1d-02cb-a925-cc09-c50a414545e1,USSSI,-81.53851,31.12824,54,41.8046,-63.2954,7642.7524
BREMERHAVEN,6b921397-6fc7-c2f7-1c01-3a7b2196ff60,DEBRV,8.548876,53.55088,BRUNSWICK,77155a1d-02cb-a925-cc09-c50a414545e1,USSSI,-81.53851,31.12824,55,41.2228,-64.633,7642.7524
BREMERHAVEN,6b921397-6fc7-c2f7-1c01-3a7b2196ff60,DEBRV,8.548876,53.55088,BRUNSWICK,77155a1d-02cb-a925-cc09-c50a414545e1,USSSI,-81.53851,31.12824,56,40.7356,-65.7532,7642.7524
BREMERHAVEN,6b921397-6fc7-c2f7-1c01-3a7b2196ff60,DEBRV,8.548876,53.55088,BRUNSWICK,77155a1d-02cb-a925-cc09-c50a414545e1,USSSI,-81.53851,31.12824,57,40.268,-66.667,7642.7524
BREMERHAVEN,6b921397-6fc7-c2f7-1c01-3a7b2196ff60,DEBRV,8.548876,53.55088,BRUNSWICK,77155a1d-02cb-a925-cc09-c50a414545e1,USSSI,-81.53851,31.12824,58,40.0,-67.1909,7642.7524
BREMERHAVEN,6b921397-6fc7-c2f7-1c01-3a7b2196ff60,DEBRV,8.548876,53.55088,BRUNSWICK,77155a1d-02cb-a925-cc09-c50a414545e1,USSSI,-81.53851,31.12824,59,39.2697,-68.6184,7642.7524
BREMERHAVEN,6b921397-6fc7-c2f7-1c01-3a7b2196ff60,DEBRV,8.548876,53.55088,BRUNSWICK,77155a1d-02cb-a925-cc09-c50a414545e1,USSSI,-81.53851,31.12824,60,39.1806,-68.7924,7642.7524
BREMERHAVEN,6b921397-6fc7-c2f7-1c01-3a7b2196ff60,DEBRV,8.548876,53.55088,BRUNSWICK,77155a1d-02cb-a925-cc09-c50a414545e1,USSSI,-81.53851,31.12824,61,38.9509,-69.2414,7642.7524
BREMERHAVEN,6b921397-6fc7-c2f7-1c01-3a7b2196ff60,DEBRV,8.548876,53.55088,BRUNSWICK,77155a1d-02cb-a925-cc09-c50a414545e1,USSSI,-81.53851,31.12824,62,38.8822,-69.3757,7642.7524
BREMERHAVEN,6b921397-6fc7-c2f7-1c01-3a7b2196ff60,DEBRV,8.548876,53.55088,BRUNSWICK,77155a1d-02cb-a925-cc09-c50a414545e1,USSSI,-81.53851,31.12824,63,38.7809,-69.5737,7642.7524
BREMERHAVEN,6b921397-6fc7-c2f7-1c01-3a7b2196ff60,DEBRV,8.548876,53.55088,BRUNSWICK,77155a1d-02cb-a925-cc09-c50a414545e1,USSSI,-81.53851,31.12824,64,38.2606,-70.5906,7642.7524
BREMERHAVEN,6b921397-6fc7-c2f7-1c01-3a7b2196ff60,DEBRV,8.548876,53.55088,BRUNSWICK,77155a1d-02cb-a925-cc09-c50a414545e1,USSSI,-81.53851,31.12824,65,38.2153,-70.6674,7642.7524
BREMERHAVEN,6b921397-6fc7-c2f7-1c01-3a7b2196ff60,DEBRV,8.548876,53.55088,BRUNSWICK,77155a1d-02cb-a925-cc09-c50a414545e1,USSSI,-81.53851,31.12824,66,38.0287,-70.9836,7642.7524
BREMERHAVEN,6b921397-6fc7-c2f7-1c01-3a7b2196ff60,DEBRV,8.548876,53.55088,BRUNSWICK,77155a1d-02cb-a925-cc09-c50a414545e1,USSSI,-81.53851,31.12824,67,37.8712,-71.2506,7642.7524
BREMERHAVEN,6b921397-6fc7-c2f7-1c01-3a7b2196ff60,DEBRV,8.548876,53.55088,BRUNSWICK,77155a1d-02cb-a925-cc09-c50a414545e1,USSSI,-81.53851,31.12824,68,37.6798,-71.575,7642.7524
BREMERHAVEN,6b921397-6fc7-c2f7-1c01-3a7b2196ff60,DEBRV,8.548876,53.55088,BRUNSWICK,77155a1d-02cb-a925-cc09-c50a414545e1,USSSI,-81.53851,31.12824,69,37.5576,-71.7821,7642.7524
BREMERHAVEN,6b921397-6fc7-c2f7-1c01-3a7b2196ff60,DEBRV,8.548876,53.55088,BRUNSWICK,77155a1d-02cb-a925-cc09-c50a414545e1,USSSI,-81.53851,31.12824,70,37.4735,-71.9247,7642.7524
BREMERHAVEN,6b921397-6fc7-c2f7-1c01-3a7b2196ff60,DEBRV,8.548876,53.55088,BRUNSWICK,77155a1d-02cb-a925-cc09-c50a414545e1,USSSI,-81.53851,31.12824,71,37.4583,-71.9503,7642.7524
BREMERHAVEN,6b921397-6fc7-c2f7-1c01-3a7b2196ff60,DEBRV,8.548876,53.55088,BRUNSWICK,77155a1d-02cb-a925-cc09-c50a414545e1,USSSI,-81.53851,31.12824,72,37.1,-72.5576,7642.7524
BREMERHAVEN,6b921397-6fc7-c2f7-1c01-3a7b2196ff60,DEBRV,8.548876,53.55088,BRUNSWICK,77155a1d-02cb-a925-cc09-c50a414545e1,USSSI,-81.53851,31.12824,73,36.4771,-73.6135,7642.7524
BREMERHAVEN,6b921397-6fc7-c2f7-1c01-3a7b2196ff60,DEBRV,8.548876,53.55088,BRUNSWICK,77155a1d-02cb-a925-cc09-c50a414545e1,USSSI,-81.53851,31.12824,74,36.3566,-73.8176,7642.7524
BREMERHAVEN,6b921397-6fc7-c2f7-1c01-3a7b2196ff60,DEBRV,8.548876,53.55088,BRUNSWICK,77155a1d-02cb-a925-cc09-c50a414545e1,USSSI,-81.53851,31.12824,75,36.3359,-73.8528,7642.7524
BREMERHAVEN,6b921397-6fc7-c2f7-1c01-3a7b2196ff60,DEBRV,8.548876,53.55088,BRUNSWICK,77155a1d-02cb-a925-cc09-c50a414545e1,USSSI,-81.53851,31.12824,76,35.8364,-74.4207,7642.7524
BREMERHAVEN,6b921397-6fc7-c2f7-1c01-3a7b2196ff60,DEBRV,8.548876,53.55088,BRUNSWICK,77155a1d-02cb-a925-cc09-c50a414545e1,USSSI,-81.53851,31.12824,77,35.8202,-74.4391,7642.7524
BREMERHAVEN,6b921397-6fc7-c2f7-1c01-3a7b2196ff60,DEBRV,8.548876,53.55088,BRUNSWICK,77155a1d-02cb-a925-cc09-c50a414545e1,USSSI,-81.53851,31.12824,78,35.7746,-74.4909,7642.7524
BREMERHAVEN,6b921397-6fc7-c2f7-1c01-3a7b2196ff60,DEBRV,8.548876,53.55088,BRUNSWICK,77155a1d-02cb-a925-cc09-c50a414545e1,USSSI,-81.53851,31.12824,79,35.5844,-74.7072,7642.7524
BREMERHAVEN,6b921397-6fc7-c2f7-1c01-3a7b2196ff60,DEBRV,8.548876,53.55088,BRUNSWICK,77155a1d-02cb-a925-cc09-c50a414545e1,USSSI,-81.53851,31.12824,80,35.5093,-74.7926,7642.7524
BREMERHAVEN,6b921397-6fc7-c2f7-1c01-3a7b2196ff60,DEBRV,8.548876,53.55088,BRUNSWICK,77155a1d-02cb-a925-cc09-c50a414545e1,USSSI,-81.53851,31.12824,81,35.3997,-74.9172,7642.7524
BREMERHAVEN,6b921397-6fc7-c2f7-1c01-3a7b2196ff60,DEBRV,8.548876,53.55088,BRUNSWICK,77155a1d-02cb-a925-cc09-c50a414545e1,USSSI,-81.53851,31.12824,82,35.2318,-75.1081,7642.7524
BREMERHAVEN,6b921397-6fc7-c2f7-1c01-3a7b2196ff60,DEBRV,8.548876,53.55088,BRUNSWICK,77155a1d-02cb-a925-cc09-c50a414545e1,USSSI,-81.53851,31.12824,83,35.0851,-75.3771,7642.7524
BREMERHAVEN,6b921397-6fc7-c2f7-1c01-3a7b2196ff60,DEBRV,8.548876,53.55088,BRUNSWICK,77155a1d-02cb-a925-cc09-c50a414545e1,USSSI,-81.53851,31.12824,84,35.0301,-75.478,7642.7524
BREMERHAVEN,6b921397-6fc7-c2f7-1c01-3a7b2196ff60,DEBRV,8.548876,53.55088,BRUNSWICK,77155a1d-02cb-a925-cc09-c50a414545e1,USSSI,-81.53851,31.12824,85,34.794,-75.7745,7642.7524
BREMERHAVEN,6b921397-6fc7-c2f7-1c01-3a7b2196ff60,DEBRV,8.548876,53.55088,BRUNSWICK,77155a1d-02cb-a925-cc09-c50a414545e1,USSSI,-81.53851,31.12824,86,34.63,-76.0644,7642.7524
BREMERHAVEN,6b921397-6fc7-c2f7-1c01-3a7b2196ff60,DEBRV,8.548876,53.55088,BRUNSWICK,77155a1d-02cb-a925-cc09-c50a414545e1,USSSI,-81.53851,31.12824,87,34.2168,-76.264,7642.7524
BREMERHAVEN,6b921397-6fc7-c2f7-1c01-3a7b2196ff60,DEBRV,8.548876,53.55088,BRUNSWICK,77155a1d-02cb-a925-cc09-c50a414545e1,USSSI,-81.53851,31.12824,88,33.7123,-77.0297,7642.7524
BREMERHAVEN,6b921397-6fc7-c2f7-1c01-3a7b2196ff60,DEBRV,8.548876,53.55088,BRUNSWICK,77155a1d-02cb-a925-cc09-c50a414545e1,USSSI,-81.53851,31.12824,89,33.7089,-77.035,7642.7524
BREMERHAVEN,6b921397-6fc7-c2f7-1c01-3a7b2196ff60,DEBRV,8.548876,53.55088,BRUNSWICK,77155a1d-02cb-a925-cc09-c50a414545e1,USSSI,-81.53851,31.12824,90,33.1436,-77.8929,7642.7524
BREMERHAVEN,6b921397-6fc7-c2f7-1c01-3a7b2196ff60,DEBRV,8.548876,53.55088,BRUNSWICK,77155a1d-02cb-a925-cc09-c50a414545e1,USSSI,-81.53851,31.12824,91,32.9347,-78.1343,7642.7524
BREMERHAVEN,6b921397-6fc7-c2f7-1c01-3a7b2196ff60,DEBRV,8.548876,53.55088,BRUNSWICK,77155a1d-02cb-a925-cc09-c50a414545e1,USSSI,-81.53851,31.12824,92,32.6892,-78.6433,7642.7524
BREMERHAVEN,6b921397-6fc7-c2f7-1c01-3a7b2196ff60,DEBRV,8.548876,53.55088,BRUNSWICK,77155a1d-02cb-a925-cc09-c50a414545e1,USSSI,-81.53851,31.12824,93,32.5107,-78.8747,7642.7524
BREMERHAVEN,6b921397-6fc7-c2f7-1c01-3a7b2196ff60,DEBRV,8.548876,53.55088,BRUNSWICK,77155a1d-02cb-a925-cc09-c50a414545e1,USSSI,-81.53851,31.12824,94,32.2439,-79.2207,7642.7524
BREMERHAVEN,6b921397-6fc7-c2f7-1c01-3a7b2196ff60,DEBRV,8.548876,53.55088,BRUNSWICK,77155a1d-02cb-a925-cc09-c50a414545e1,USSSI,-81.53851,31.12824,95,31.9811,-79.79,7642.7524
BREMERHAVEN,6b921397-6fc7-c2f7-1c01-3a7b2196ff60,DEBRV,8.548876,53.55088,BRUNSWICK,77155a1d-02cb-a925-cc09-c50a414545e1,USSSI,-81.53851,31.12824,96,31.7801,-79.9246,7642.7524
BREMERHAVEN,6b921397-6fc7-c2f7-1c01-3a7b2196ff60,DEBRV,8.548876,53.55088,BRUNSWICK,77155a1d-02cb-a925-cc09-c50a414545e1,USSSI,-81.53851,31.12824,97,31.6806,-80.0292,7642.7524
BREMERHAVEN,6b921397-6fc7-c2f7-1c01-3a7b2196ff60,DEBRV,8.548876,53.55088,BRUNSWICK,77155a1d-02cb-a925-cc09-c50a414545e1,USSSI,-81.53851,31.12824,98,31.2087,-80.055,7642.7524
BREMERHAVEN,6b921397-6fc7-c2f7-1c01-3a7b2196ff60,DEBRV,8.548876,53.55088,BRUNSWICK,77155a1d-02cb-a925-cc09-c50a414545e1,USSSI,-81.53851,31.12824,99,30.8186,-80.066,7642.7524
BREMERHAVEN,6b921397-6fc7-c2f7-1c01-3a7b2196ff60,DEBRV,8.548876,53.55088,BRUNSWICK,77155a1d-02cb-a925-cc09-c50a414545e1,USSSI,-81.53851,31.12824,100,30.3972,-80.1228,7642.7524
BREMERHAVEN,6b921397-6fc7-c2f7-1c01-3a7b2196ff60,DEBRV,8.548876,53.55088,BRUNSWICK,77155a1d-02cb-a925-cc09-c50a414545e1,USSSI,-81.53851,31.12824,101,31.0472,-81.3213,7642.7524
BREMERHAVEN,6b921397-6fc7-c2f7-1c01-3a7b2196ff60,DEBRV,8.548876,53.55088,BRUNSWICK,77155a1d-02cb-a925-cc09-c50a414545e1,USSSI,-81.53851,31.12824,102,31.12824,-81.53851,7642.7524
BREMERHAVEN,6b921397-6fc7-c2f7-1c01-3a7b2196ff60,DEBRV,8.548876,53.55088,DAVISVILLE,6b060f00-63e7-5ec0-171e-469432f6934a,USDVV,-71.40961,41.61316,0,53.55088,8.548876,6172.3698
BREMERHAVEN,6b921397-6fc7-c2f7-1c01-3a7b2196ff60,DEBRV,8.548876,53.55088,DAVISVILLE,6b060f00-63e7-5ec0-171e-469432f6934a,USDVV,-71.40961,41.61316,1,53.5589,8.5367,6172.3698
BREMERHAVEN,6b921397-6fc7-c2f7-1c01-3a7b2196ff60,DEBRV,8.548876,53.55088,DAVISVILLE,6b060f00-63e7-5ec0-171e-469432f6934a,USDVV,-71.40961,41.61316,2,53.9,8.25,6172.3698
BREMERHAVEN,6b921397-6fc7-c2f7-1c01-3a7b2196ff60,DEBRV,8.548876,53.55088,DAVISVILLE,6b060f00-63e7-5ec0-171e-469432f6934a,USDVV,-71.40961,41.61316,3,54.288,7.1488,6172.3698
BREMERHAVEN,6b921397-6fc7-c2f7-1c01-3a7b2196ff60,DEBRV,8.548876,53.55088,DAVISVILLE,6b060f00-63e7-5ec0-171e-469432f6934a,USDVV,-71.40961,41.61316,4,54.7649,5.7952999999999975,6172.3698
BREMERHAVEN,6b921397-6fc7-c2f7-1c01-3a7b2196ff60,DEBRV,8.548876,53.55088,DAVISVILLE,6b060f00-63e7-5ec0-171e-469432f6934a,USDVV,-71.40961,41.61316,5,54.9603,5.2407,6172.3698
BREMERHAVEN,6b921397-6fc7-c2f7-1c01-3a7b2196ff60,DEBRV,8.548876,53.55088,DAVISVILLE,6b060f00-63e7-5ec0-171e-469432f6934a,USDVV,-71.40961,41.61316,6,54.9609,5.239,6172.3698
BREMERHAVEN,6b921397-6fc7-c2f7-1c01-3a7b2196ff60,DEBRV,8.548876,53.55088,DAVISVILLE,6b060f00-63e7-5ec0-171e-469432f6934a,USDVV,-71.40961,41.61316,7,55.3049,4.2627,6172.3698
BREMERHAVEN,6b921397-6fc7-c2f7-1c01-3a7b2196ff60,DEBRV,8.548876,53.55088,DAVISVILLE,6b060f00-63e7-5ec0-171e-469432f6934a,USDVV,-71.40961,41.61316,8,55.4414,3.8752,6172.3698
BREMERHAVEN,6b921397-6fc7-c2f7-1c01-3a7b2196ff60,DEBRV,8.548876,53.55088,DAVISVILLE,6b060f00-63e7-5ec0-171e-469432f6934a,USDVV,-71.40961,41.61316,9,55.7068,3.1218,6172.3698
BREMERHAVEN,6b921397-6fc7-c2f7-1c01-3a7b2196ff60,DEBRV,8.548876,53.55088,DAVISVILLE,6b060f00-63e7-5ec0-171e-469432f6934a,USDVV,-71.40961,41.61316,10,55.8457,2.7276,6172.3698
BREMERHAVEN,6b921397-6fc7-c2f7-1c01-3a7b2196ff60,DEBRV,8.548876,53.55088,DAVISVILLE,6b060f00-63e7-5ec0-171e-469432f6934a,USDVV,-71.40961,41.61316,11,56.3304,1.352,6172.3698
BREMERHAVEN,6b921397-6fc7-c2f7-1c01-3a7b2196ff60,DEBRV,8.548876,53.55088,DAVISVILLE,6b060f00-63e7-5ec0-171e-469432f6934a,USDVV,-71.40961,41.61316,12,57.3,-1.4,6172.3698
BREMERHAVEN,6b921397-6fc7-c2f7-1c01-3a7b2196ff60,DEBRV,8.548876,53.55088,DAVISVILLE,6b060f00-63e7-5ec0-171e-469432f6934a,USDVV,-71.40961,41.61316,13,57.664,-1.746,6172.3698
BREMERHAVEN,6b921397-6fc7-c2f7-1c01-3a7b2196ff60,DEBRV,8.548876,53.55088,DAVISVILLE,6b060f00-63e7-5ec0-171e-469432f6934a,USDVV,-71.40961,41.61316,14,58.6042,-2.9081,6172.3698
BREMERHAVEN,6b921397-6fc7-c2f7-1c01-3a7b2196ff60,DEBRV,8.548876,53.55088,DAVISVILLE,6b060f00-63e7-5ec0-171e-469432f6934a,USDVV,-71.40961,41.61316,15,58.6044,-2.9083,6172.3698
BREMERHAVEN,6b921397-6fc7-c2f7-1c01-3a7b2196ff60,DEBRV,8.548876,53.55088,DAVISVILLE,6b060f00-63e7-5ec0-171e-469432f6934a,USDVV,-71.40961,41.61316,16,58.6045,-2.9088,6172.3698
BREMERHAVEN,6b921397-6fc7-c2f7-1c01-3a7b2196ff60,DEBRV,8.548876,53.55088,DAVISVILLE,6b060f00-63e7-5ec0-171e-469432f6934a,USDVV,-71.40961,41.61316,17,58.7,-3.3333,6172.3698
BREMERHAVEN,6b921397-6fc7-c2f7-1c01-3a7b2196ff60,DEBRV,8.548876,53.55088,DAVISVILLE,6b060f00-63e7-5ec0-171e-469432f6934a,USDVV,-71.40961,41.61316,18,58.7,-4.7995,6172.3698
BREMERHAVEN,6b921397-6fc7-c2f7-1c01-3a7b2196ff60,DEBRV,8.548876,53.55088,DAVISVILLE,6b060f00-63e7-5ec0-171e-469432f6934a,USDVV,-71.40961,41.61316,19,58.7,-5.2,6172.3698
BREMERHAVEN,6b921397-6fc7-c2f7-1c01-3a7b2196ff60,DEBRV,8.548876,53.55088,DAVISVILLE,6b060f00-63e7-5ec0-171e-469432f6934a,USDVV,-71.40961,41.61316,20,58.6762,-5.7205,6172.3698
BREMERHAVEN,6b921397-6fc7-c2f7-1c01-3a7b2196ff60,DEBRV,8.548876,53.55088,DAVISVILLE,6b060f00-63e7-5ec0-171e-469432f6934a,USDVV,-71.40961,41.61316,21,58.6761,-5.7229,6172.3698
BREMERHAVEN,6b921397-6fc7-c2f7-1c01-3a7b2196ff60,DEBRV,8.548876,53.55088,DAVISVILLE,6b060f00-63e7-5ec0-171e-469432f6934a,USDVV,-71.40961,41.61316,22,58.6761,-5.7232,6172.3698
BREMERHAVEN,6b921397-6fc7-c2f7-1c01-3a7b2196ff60,DEBRV,8.548876,53.55088,DAVISVILLE,6b060f00-63e7-5ec0-171e-469432f6934a,USDVV,-71.40961,41.61316,23,58.6411,-6.4895,6172.3698
BREMERHAVEN,6b921397-6fc7-c2f7-1c01-3a7b2196ff60,DEBRV,8.548876,53.55088,DAVISVILLE,6b060f00-63e7-5ec0-171e-469432f6934a,USDVV,-71.40961,41.61316,24,58.543,-8.637,6172.3698
BREMERHAVEN,6b921397-6fc7-c2f7-1c01-3a7b2196ff60,DEBRV,8.548876,53.55088,DAVISVILLE,6b060f00-63e7-5ec0-171e-469432f6934a,USDVV,-71.40961,41.61316,25,58.4746,-10.1362,6172.3698
BREMERHAVEN,6b921397-6fc7-c2f7-1c01-3a7b2196ff60,DEBRV,8.548876,53.55088,DAVISVILLE,6b060f00-63e7-5ec0-171e-469432f6934a,USDVV,-71.40961,41.61316,26,58.3967,-11.8419,6172.3698
BREMERHAVEN,6b921397-6fc7-c2f7-1c01-3a7b2196ff60,DEBRV,8.548876,53.55088,DAVISVILLE,6b060f00-63e7-5ec0-171e-469432f6934a,USDVV,-71.40961,41.61316,27,58.3925,-11.9323,6172.3698
BREMERHAVEN,6b921397-6fc7-c2f7-1c01-3a7b2196ff60,DEBRV,8.548876,53.55088,DAVISVILLE,6b060f00-63e7-5ec0-171e-469432f6934a,USDVV,-71.40961,41.61316,28,58.3696,-12.4344,6172.3698
BREMERHAVEN,6b921397-6fc7-c2f7-1c01-3a7b2196ff60,DEBRV,8.548876,53.55088,DAVISVILLE,6b060f00-63e7-5ec0-171e-469432f6934a,USDVV,-71.40961,41.61316,29,57.9468,-16.517,6172.3698
BREMERHAVEN,6b921397-6fc7-c2f7-1c01-3a7b2196ff60,DEBRV,8.548876,53.55088,DAVISVILLE,6b060f00-63e7-5ec0-171e-469432f6934a,USDVV,-71.40961,41.61316,30,57.8239,-17.7043,6172.3698
BREMERHAVEN,6b921397-6fc7-c2f7-1c01-3a7b2196ff60,DEBRV,8.548876,53.55088,DAVISVILLE,6b060f00-63e7-5ec0-171e-469432f6934a,USDVV,-71.40961,41.61316,31,57.6957,-18.9419,6172.3698
BREMERHAVEN,6b921397-6fc7-c2f7-1c01-3a7b2196ff60,DEBRV,8.548876,53.55088,DAVISVILLE,6b060f00-63e7-5ec0-171e-469432f6934a,USDVV,-71.40961,41.61316,32,57.6424,-19.4569,6172.3698
BREMERHAVEN,6b921397-6fc7-c2f7-1c01-3a7b2196ff60,DEBRV,8.548876,53.55088,DAVISVILLE,6b060f00-63e7-5ec0-171e-469432f6934a,USDVV,-71.40961,41.61316,33,57.5528,-20.0021,6172.3698
BREMERHAVEN,6b921397-6fc7-c2f7-1c01-3a7b2196ff60,DEBRV,8.548876,53.55088,DAVISVILLE,6b060f00-63e7-5ec0-171e-469432f6934a,USDVV,-71.40961,41.61316,34,56.9834,-23.4656,6172.3698
BREMERHAVEN,6b921397-6fc7-c2f7-1c01-3a7b2196ff60,DEBRV,8.548876,53.55088,DAVISVILLE,6b060f00-63e7-5ec0-171e-469432f6934a,USDVV,-71.40961,41.61316,35,56.5442,-26.1369,6172.3698
BREMERHAVEN,6b921397-6fc7-c2f7-1c01-3a7b2196ff60,DEBRV,8.548876,53.55088,DAVISVILLE,6b060f00-63e7-5ec0-171e-469432f6934a,USDVV,-71.40961,41.61316,36,56.4943,-26.3543,6172.3698
BREMERHAVEN,6b921397-6fc7-c2f7-1c01-3a7b2196ff60,DEBRV,8.548876,53.55088,DAVISVILLE,6b060f00-63e7-5ec0-171e-469432f6934a,USDVV,-71.40961,41.61316,37,55.657,-30.0037,6172.3698
BREMERHAVEN,6b921397-6fc7-c2f7-1c01-3a7b2196ff60,DEBRV,8.548876,53.55088,DAVISVILLE,6b060f00-63e7-5ec0-171e-469432f6934a,USDVV,-71.40961,41.61316,38,55.1102,-32.387,6172.3698
BREMERHAVEN,6b921397-6fc7-c2f7-1c01-3a7b2196ff60,DEBRV,8.548876,53.55088,DAVISVILLE,6b060f00-63e7-5ec0-171e-469432f6934a,USDVV,-71.40961,41.61316,39,54.5246,-34.3425,6172.3698
BREMERHAVEN,6b921397-6fc7-c2f7-1c01-3a7b2196ff60,DEBRV,8.548876,53.55088,DAVISVILLE,6b060f00-63e7-5ec0-171e-469432f6934a,USDVV,-71.40961,41.61316,40,53.8977,-36.4357,6172.3698
BREMERHAVEN,6b921397-6fc7-c2f7-1c01-3a7b2196ff60,DEBRV,8.548876,53.55088,DAVISVILLE,6b060f00-63e7-5ec0-171e-469432f6934a,USDVV,-71.40961,41.61316,41,53.8077,-36.736,6172.3698
BREMERHAVEN,6b921397-6fc7-c2f7-1c01-3a7b2196ff60,DEBRV,8.548876,53.55088,DAVISVILLE,6b060f00-63e7-5ec0-171e-469432f6934a,USDVV,-71.40961,41.61316,42,53.3802,-38.1634,6172.3698
BREMERHAVEN,6b921397-6fc7-c2f7-1c01-3a7b2196ff60,DEBRV,8.548876,53.55088,DAVISVILLE,6b060f00-63e7-5ec0-171e-469432f6934a,USDVV,-71.40961,41.61316,43,52.6905,-40.0023,6172.3698
BREMERHAVEN,6b921397-6fc7-c2f7-1c01-3a7b2196ff60,DEBRV,8.548876,53.55088,DAVISVILLE,6b060f00-63e7-5ec0-171e-469432f6934a,USDVV,-71.40961,41.61316,44,51.9793,-41.8983,6172.3698
BREMERHAVEN,6b921397-6fc7-c2f7-1c01-3a7b2196ff60,DEBRV,8.548876,53.55088,DAVISVILLE,6b060f00-63e7-5ec0-171e-469432f6934a,USDVV,-71.40961,41.61316,45,51.3939,-43.459,6172.3698
BREMERHAVEN,6b921397-6fc7-c2f7-1c01-3a7b2196ff60,DEBRV,8.548876,53.55088,DAVISVILLE,6b060f00-63e7-5ec0-171e-469432f6934a,USDVV,-71.40961,41.61316,46,50.0,-46.5152,6172.3698
BREMERHAVEN,6b921397-6fc7-c2f7-1c01-3a7b2196ff60,DEBRV,8.548876,53.55088,DAVISVILLE,6b060f00-63e7-5ec0-171e-469432f6934a,USDVV,-71.40961,41.61316,47,49.1892,-48.293,6172.3698
BREMERHAVEN,6b921397-6fc7-c2f7-1c01-3a7b2196ff60,DEBRV,8.548876,53.55088,DAVISVILLE,6b060f00-63e7-5ec0-171e-469432f6934a,USDVV,-71.40961,41.61316,48,48.8991,-48.8281,6172.3698
BREMERHAVEN,6b921397-6fc7-c2f7-1c01-3a7b2196ff60,DEBRV,8.548876,53.55088,DAVISVILLE,6b060f00-63e7-5ec0-171e-469432f6934a,USDVV,-71.40961,41.61316,49,48.2632,-50.001,6172.3698
BREMERHAVEN,6b921397-6fc7-c2f7-1c01-3a7b2196ff60,DEBRV,8.548876,53.55088,DAVISVILLE,6b060f00-63e7-5ec0-171e-469432f6934a,USDVV,-71.40961,41.61316,50,46.8,-52.7,6172.3698
BREMERHAVEN,6b921397-6fc7-c2f7-1c01-3a7b2196ff60,DEBRV,8.548876,53.55088,DAVISVILLE,6b060f00-63e7-5ec0-171e-469432f6934a,USDVV,-71.40961,41.61316,51,46.1,-54.0,6172.3698
BREMERHAVEN,6b921397-6fc7-c2f7-1c01-3a7b2196ff60,DEBRV,8.548876,53.55088,DAVISVILLE,6b060f00-63e7-5ec0-171e-469432f6934a,USDVV,-71.40961,41.61316,52,45.0,-55.0,6172.3698
BREMERHAVEN,6b921397-6fc7-c2f7-1c01-3a7b2196ff60,DEBRV,8.548876,53.55088,DAVISVILLE,6b060f00-63e7-5ec0-171e-469432f6934a,USDVV,-71.40961,41.61316,53,44.5016,-62.1839,6172.3698
BREMERHAVEN,6b921397-6fc7-c2f7-1c01-3a7b2196ff60,DEBRV,8.548876,53.55088,DAVISVILLE,6b060f00-63e7-5ec0-171e-469432f6934a,USDVV,-71.40961,41.61316,54,43.2,-65.4,6172.3698
BREMERHAVEN,6b921397-6fc7-c2f7-1c01-3a7b2196ff60,DEBRV,8.548876,53.55088,DAVISVILLE,6b060f00-63e7-5ec0-171e-469432f6934a,USDVV,-71.40961,41.61316,55,42.1198,-68.3705,6172.3698
BREMERHAVEN,6b921397-6fc7-c2f7-1c01-3a7b2196ff60,DEBRV,8.548876,53.55088,DAVISVILLE,6b060f00-63e7-5ec0-171e-469432f6934a,USDVV,-71.40961,41.61316,56,41.8,-69.25,6172.3698
BREMERHAVEN,6b921397-6fc7-c2f7-1c01-3a7b2196ff60,DEBRV,8.548876,53.55088,DAVISVILLE,6b060f00-63e7-5ec0-171e-469432f6934a,USDVV,-71.40961,41.61316,57,41.5917,-69.5275,6172.3698
BREMERHAVEN,6b921397-6fc7-c2f7-1c01-3a7b2196ff60,DEBRV,8.548876,53.55088,DAVISVILLE,6b060f00-63e7-5ec0-171e-469432f6934a,USDVV,-71.40961,41.61316,58,41.4882,-69.4593,6172.3698
BREMERHAVEN,6b921397-6fc7-c2f7-1c01-3a7b2196ff60,DEBRV,8.548876,53.55088,DAVISVILLE,6b060f00-63e7-5ec0-171e-469432f6934a,USDVV,-71.40961,41.61316,59,41.4823,-70.0641,6172.3698
BREMERHAVEN,6b921397-6fc7-c2f7-1c01-3a7b2196ff60,DEBRV,8.548876,53.55088,DAVISVILLE,6b060f00-63e7-5ec0-171e-469432f6934a,USDVV,-71.40961,41.61316,60,41.4515,-70.1995,6172.3698
BREMERHAVEN,6b921397-6fc7-c2f7-1c01-3a7b2196ff60,DEBRV,8.548876,53.55088,DAVISVILLE,6b060f00-63e7-5ec0-171e-469432f6934a,USDVV,-71.40961,41.61316,61,41.4442,-70.2305,6172.3698
BREMERHAVEN,6b921397-6fc7-c2f7-1c01-3a7b2196ff60,DEBRV,8.548876,53.55088,DAVISVILLE,6b060f00-63e7-5ec0-171e-469432f6934a,USDVV,-71.40961,41.61316,62,41.4528,-70.2864,6172.3698
BREMERHAVEN,6b921397-6fc7-c2f7-1c01-3a7b2196ff60,DEBRV,8.548876,53.55088,DAVISVILLE,6b060f00-63e7-5ec0-171e-469432f6934a,USDVV,-71.40961,41.61316,63,41.4589,-70.3501,6172.3698
BREMERHAVEN,6b921397-6fc7-c2f7-1c01-3a7b2196ff60,DEBRV,8.548876,53.55088,DAVISVILLE,6b060f00-63e7-5ec0-171e-469432f6934a,USDVV,-71.40961,41.61316,64,41.4794,-70.5527,6172.3698
BREMERHAVEN,6b921397-6fc7-c2f7-1c01-3a7b2196ff60,DEBRV,8.548876,53.55088,DAVISVILLE,6b060f00-63e7-5ec0-171e-469432f6934a,USDVV,-71.40961,41.61316,65,41.5038,-70.6342,6172.3698
BREMERHAVEN,6b921397-6fc7-c2f7-1c01-3a7b2196ff60,DEBRV,8.548876,53.55088,DAVISVILLE,6b060f00-63e7-5ec0-171e-469432f6934a,USDVV,-71.40961,41.61316,66,41.4908,-70.6704,6172.3698
BREMERHAVEN,6b921397-6fc7-c2f7-1c01-3a7b2196ff60,DEBRV,8.548876,53.55088,DAVISVILLE,6b060f00-63e7-5ec0-171e-469432f6934a,USDVV,-71.40961,41.61316,67,41.52,-70.6799,6172.3698
BREMERHAVEN,6b921397-6fc7-c2f7-1c01-3a7b2196ff60,DEBRV,8.548876,53.55088,DAVISVILLE,6b060f00-63e7-5ec0-171e-469432f6934a,USDVV,-71.40961,41.61316,68,41.5191,-70.685,6172.3698
BREMERHAVEN,6b921397-6fc7-c2f7-1c01-3a7b2196ff60,DEBRV,8.548876,53.55088,DAVISVILLE,6b060f00-63e7-5ec0-171e-469432f6934a,USDVV,-71.40961,41.61316,69,41.5202,-70.6908,6172.3698
BREMERHAVEN,6b921397-6fc7-c2f7-1c01-3a7b2196ff60,DEBRV,8.548876,53.55088,DAVISVILLE,6b060f00-63e7-5ec0-171e-469432f6934a,USDVV,-71.40961,41.61316,70,41.5269,-70.6983,6172.3698
BREMERHAVEN,6b921397-6fc7-c2f7-1c01-3a7b2196ff60,DEBRV,8.548876,53.55088,DAVISVILLE,6b060f00-63e7-5ec0-171e-469432f6934a,USDVV,-71.40961,41.61316,71,41.5963,-70.7415,6172.3698
BREMERHAVEN,6b921397-6fc7-c2f7-1c01-3a7b2196ff60,DEBRV,8.548876,53.55088,DAVISVILLE,6b060f00-63e7-5ec0-171e-469432f6934a,USDVV,-71.40961,41.61316,72,41.5197,-70.8421,6172.3698
BREMERHAVEN,6b921397-6fc7-c2f7-1c01-3a7b2196ff60,DEBRV,8.548876,53.55088,DAVISVILLE,6b060f00-63e7-5ec0-171e-469432f6934a,USDVV,-71.40961,41.61316,73,41.4761,-70.9421,6172.3698
BREMERHAVEN,6b921397-6fc7-c2f7-1c01-3a7b2196ff60,DEBRV,8.548876,53.55088,DAVISVILLE,6b060f00-63e7-5ec0-171e-469432f6934a,USDVV,-71.40961,41.61316,74,41.4535,-71.0037,6172.3698
BREMERHAVEN,6b921397-6fc7-c2f7-1c01-3a7b2196ff60,DEBRV,8.548876,53.55088,DAVISVILLE,6b060f00-63e7-5ec0-171e-469432f6934a,USDVV,-71.40961,41.61316,75,41.417,-71.1957,6172.3698
BREMERHAVEN,6b921397-6fc7-c2f7-1c01-3a7b2196ff60,DEBRV,8.548876,53.55088,DAVISVILLE,6b060f00-63e7-5ec0-171e-469432f6934a,USDVV,-71.40961,41.61316,76,41.417,-71.3336,6172.3698
BREMERHAVEN,6b921397-6fc7-c2f7-1c01-3a7b2196ff60,DEBRV,8.548876,53.55088,DAVISVILLE,6b060f00-63e7-5ec0-171e-469432f6934a,USDVV,-71.40961,41.61316,77,41.5,-71.25,6172.3698
BREMERHAVEN,6b921397-6fc7-c2f7-1c01-3a7b2196ff60,DEBRV,8.548876,53.55088,DAVISVILLE,6b060f00-63e7-5ec0-171e-469432f6934a,USDVV,-71.40961,41.61316,78,41.61316,-71.40961,6172.3698
BREMERHAVEN,6b921397-6fc7-c2f7-1c01-3a7b2196ff60,DEBRV,8.548876,53.55088,HALIFAX,b1b41a8a-10ff-244d-8894-85ae7cff6599,CAHAL,-63.5961,44.66815,0,53.55088,8.548876,5413.5174
BREMERHAVEN,6b921397-6fc7-c2f7-1c01-3a7b2196ff60,DEBRV,8.548876,53.55088,HALIFAX,b1b41a8a-10ff-244d-8894-85ae7cff6599,CAHAL,-63.5961,44.66815,1,53.5589,8.5367,5413.5174
BREMERHAVEN,6b921397-6fc7-c2f7-1c01-3a7b2196ff60,DEBRV,8.548876,53.55088,HALIFAX,b1b41a8a-10ff-244d-8894-85ae7cff6599,CAHAL,-63.5961,44.66815,2,53.9,8.25,5413.5174
BREMERHAVEN,6b921397-6fc7-c2f7-1c01-3a7b2196ff60,DEBRV,8.548876,53.55088,HALIFAX,b1b41a8a-10ff-244d-8894-85ae7cff6599,CAHAL,-63.5961,44.66815,3,54.288,7.1488,5413.5174
BREMERHAVEN,6b921397-6fc7-c2f7-1c01-3a7b2196ff60,DEBRV,8.548876,53.55088,HALIFAX,b1b41a8a-10ff-244d-8894-85ae7cff6599,CAHAL,-63.5961,44.66815,4,54.7649,5.7952999999999975,5413.5174
BREMERHAVEN,6b921397-6fc7-c2f7-1c01-3a7b2196ff60,DEBRV,8.548876,53.55088,HALIFAX,b1b41a8a-10ff-244d-8894-85ae7cff6599,CAHAL,-63.5961,44.66815,5,54.9603,5.2407,5413.5174
BREMERHAVEN,6b921397-6fc7-c2f7-1c01-3a7b2196ff60,DEBRV,8.548876,53.55088,HALIFAX,b1b41a8a-10ff-244d-8894-85ae7cff6599,CAHAL,-63.5961,44.66815,6,54.9609,5.239,5413.5174
BREMERHAVEN,6b921397-6fc7-c2f7-1c01-3a7b2196ff60,DEBRV,8.548876,53.55088,HALIFAX,b1b41a8a-10ff-244d-8894-85ae7cff6599,CAHAL,-63.5961,44.66815,7,55.3049,4.2627,5413.5174
BREMERHAVEN,6b921397-6fc7-c2f7-1c01-3a7b2196ff60,DEBRV,8.548876,53.55088,HALIFAX,b1b41a8a-10ff-244d-8894-85ae7cff6599,CAHAL,-63.5961,44.66815,8,55.4414,3.8752,5413.5174
BREMERHAVEN,6b921397-6fc7-c2f7-1c01-3a7b2196ff60,DEBRV,8.548876,53.55088,HALIFAX,b1b41a8a-10ff-244d-8894-85ae7cff6599,CAHAL,-63.5961,44.66815,9,55.7068,3.1218,5413.5174
BREMERHAVEN,6b921397-6fc7-c2f7-1c01-3a7b2196ff60,DEBRV,8.548876,53.55088,HALIFAX,b1b41a8a-10ff-244d-8894-85ae7cff6599,CAHAL,-63.5961,44.66815,10,55.8457,2.7276,5413.5174
BREMERHAVEN,6b921397-6fc7-c2f7-1c01-3a7b2196ff60,DEBRV,8.548876,53.55088,HALIFAX,b1b41a8a-10ff-244d-8894-85ae7cff6599,CAHAL,-63.5961,44.66815,11,56.3304,1.352,5413.5174
BREMERHAVEN,6b921397-6fc7-c2f7-1c01-3a7b2196ff60,DEBRV,8.548876,53.55088,HALIFAX,b1b41a8a-10ff-244d-8894-85ae7cff6599,CAHAL,-63.5961,44.66815,12,57.3,-1.4,5413.5174
BREMERHAVEN,6b921397-6fc7-c2f7-1c01-3a7b2196ff60,DEBRV,8.548876,53.55088,HALIFAX,b1b41a8a-10ff-244d-8894-85ae7cff6599,CAHAL,-63.5961,44.66815,13,57.664,-1.746,5413.5174
BREMERHAVEN,6b921397-6fc7-c2f7-1c01-3a7b2196ff60,DEBRV,8.548876,53.55088,HALIFAX,b1b41a8a-10ff-244d-8894-85ae7cff6599,CAHAL,-63.5961,44.66815,14,58.6042,-2.9081,5413.5174
BREMERHAVEN,6b921397-6fc7-c2f7-1c01-3a7b2196ff60,DEBRV,8.548876,53.55088,HALIFAX,b1b41a8a-10ff-244d-8894-85ae7cff6599,CAHAL,-63.5961,44.66815,15,58.6044,-2.9083,5413.5174
BREMERHAVEN,6b921397-6fc7-c2f7-1c01-3a7b2196ff60,DEBRV,8.548876,53.55088,HALIFAX,b1b41a8a-10ff-244d-8894-85ae7cff6599,CAHAL,-63.5961,44.66815,16,58.6045,-2.9088,5413.5174
BREMERHAVEN,6b921397-6fc7-c2f7-1c01-3a7b2196ff60,DEBRV,8.548876,53.55088,HALIFAX,b1b41a8a-10ff-244d-8894-85ae7cff6599,CAHAL,-63.5961,44.66815,17,58.7,-3.3333,5413.5174
BREMERHAVEN,6b921397-6fc7-c2f7-1c01-3a7b2196ff60,DEBRV,8.548876,53.55088,HALIFAX,b1b41a8a-10ff-244d-8894-85ae7cff6599,CAHAL,-63.5961,44.66815,18,58.7,-4.7995,5413.5174
BREMERHAVEN,6b921397-6fc7-c2f7-1c01-3a7b2196ff60,DEBRV,8.548876,53.55088,HALIFAX,b1b41a8a-10ff-244d-8894-85ae7cff6599,CAHAL,-63.5961,44.66815,19,58.7,-5.2,5413.5174
BREMERHAVEN,6b921397-6fc7-c2f7-1c01-3a7b2196ff60,DEBRV,8.548876,53.55088,HALIFAX,b1b41a8a-10ff-244d-8894-85ae7cff6599,CAHAL,-63.5961,44.66815,20,58.6762,-5.7205,5413.5174
BREMERHAVEN,6b921397-6fc7-c2f7-1c01-3a7b2196ff60,DEBRV,8.548876,53.55088,HALIFAX,b1b41a8a-10ff-244d-8894-85ae7cff6599,CAHAL,-63.5961,44.66815,21,58.6761,-5.7229,5413.5174
BREMERHAVEN,6b921397-6fc7-c2f7-1c01-3a7b2196ff60,DEBRV,8.548876,53.55088,HALIFAX,b1b41a8a-10ff-244d-8894-85ae7cff6599,CAHAL,-63.5961,44.66815,22,58.6761,-5.7232,5413.5174
BREMERHAVEN,6b921397-6fc7-c2f7-1c01-3a7b2196ff60,DEBRV,8.548876,53.55088,HALIFAX,b1b41a8a-10ff-244d-8894-85ae7cff6599,CAHAL,-63.5961,44.66815,23,58.6411,-6.4895,5413.5174
BREMERHAVEN,6b921397-6fc7-c2f7-1c01-3a7b2196ff60,DEBRV,8.548876,53.55088,HALIFAX,b1b41a8a-10ff-244d-8894-85ae7cff6599,CAHAL,-63.5961,44.66815,24,58.543,-8.637,5413.5174
BREMERHAVEN,6b921397-6fc7-c2f7-1c01-3a7b2196ff60,DEBRV,8.548876,53.55088,HALIFAX,b1b41a8a-10ff-244d-8894-85ae7cff6599,CAHAL,-63.5961,44.66815,25,58.4746,-10.1362,5413.5174
BREMERHAVEN,6b921397-6fc7-c2f7-1c01-3a7b2196ff60,DEBRV,8.548876,53.55088,HALIFAX,b1b41a8a-10ff-244d-8894-85ae7cff6599,CAHAL,-63.5961,44.66815,26,58.3967,-11.8419,5413.5174
BREMERHAVEN,6b921397-6fc7-c2f7-1c01-3a7b2196ff60,DEBRV,8.548876,53.55088,HALIFAX,b1b41a8a-10ff-244d-8894-85ae7cff6599,CAHAL,-63.5961,44.66815,27,58.3925,-11.9323,5413.5174
BREMERHAVEN,6b921397-6fc7-c2f7-1c01-3a7b2196ff60,DEBRV,8.548876,53.55088,HALIFAX,b1b41a8a-10ff-244d-8894-85ae7cff6599,CAHAL,-63.5961,44.66815,28,58.3696,-12.4344,5413.5174
BREMERHAVEN,6b921397-6fc7-c2f7-1c01-3a7b2196ff60,DEBRV,8.548876,53.55088,HALIFAX,b1b41a8a-10ff-244d-8894-85ae7cff6599,CAHAL,-63.5961,44.66815,29,57.9468,-16.517,5413.5174
BREMERHAVEN,6b921397-6fc7-c2f7-1c01-3a7b2196ff60,DEBRV,8.548876,53.55088,HALIFAX,b1b41a8a-10ff-244d-8894-85ae7cff6599,CAHAL,-63.5961,44.66815,30,57.8239,-17.7043,5413.5174
BREMERHAVEN,6b921397-6fc7-c2f7-1c01-3a7b2196ff60,DEBRV,8.548876,53.55088,HALIFAX,b1b41a8a-10ff-244d-8894-85ae7cff6599,CAHAL,-63.5961,44.66815,31,57.6957,-18.9419,5413.5174
BREMERHAVEN,6b921397-6fc7-c2f7-1c01-3a7b2196ff60,DEBRV,8.548876,53.55088,HALIFAX,b1b41a8a-10ff-244d-8894-85ae7cff6599,CAHAL,-63.5961,44.66815,32,57.6424,-19.4569,5413.5174
BREMERHAVEN,6b921397-6fc7-c2f7-1c01-3a7b2196ff60,DEBRV,8.548876,53.55088,HALIFAX,b1b41a8a-10ff-244d-8894-85ae7cff6599,CAHAL,-63.5961,44.66815,33,57.5528,-20.0021,5413.5174
BREMERHAVEN,6b921397-6fc7-c2f7-1c01-3a7b2196ff60,DEBRV,8.548876,53.55088,HALIFAX,b1b41a8a-10ff-244d-8894-85ae7cff6599,CAHAL,-63.5961,44.66815,34,56.9834,-23.4656,5413.5174
BREMERHAVEN,6b921397-6fc7-c2f7-1c01-3a7b2196ff60,DEBRV,8.548876,53.55088,HALIFAX,b1b41a8a-10ff-244d-8894-85ae7cff6599,CAHAL,-63.5961,44.66815,35,56.5442,-26.1369,5413.5174
BREMERHAVEN,6b921397-6fc7-c2f7-1c01-3a7b2196ff60,DEBRV,8.548876,53.55088,HALIFAX,b1b41a8a-10ff-244d-8894-85ae7cff6599,CAHAL,-63.5961,44.66815,36,56.4943,-26.3543,5413.5174
BREMERHAVEN,6b921397-6fc7-c2f7-1c01-3a7b2196ff60,DEBRV,8.548876,53.55088,HALIFAX,b1b41a8a-10ff-244d-8894-85ae7cff6599,CAHAL,-63.5961,44.66815,37,55.657,-30.0037,5413.5174
BREMERHAVEN,6b921397-6fc7-c2f7-1c01-3a7b2196ff60,DEBRV,8.548876,53.55088,HALIFAX,b1b41a8a-10ff-244d-8894-85ae7cff6599,CAHAL,-63.5961,44.66815,38,55.1102,-32.387,5413.5174
BREMERHAVEN,6b921397-6fc7-c2f7-1c01-3a7b2196ff60,DEBRV,8.548876,53.55088,HALIFAX,b1b41a8a-10ff-244d-8894-85ae7cff6599,CAHAL,-63.5961,44.66815,39,54.5246,-34.3425,5413.5174
BREMERHAVEN,6b921397-6fc7-c2f7-1c01-3a7b2196ff60,DEBRV,8.548876,53.55088,HALIFAX,b1b41a8a-10ff-244d-8894-85ae7cff6599,CAHAL,-63.5961,44.66815,40,53.8977,-36.4357,5413.5174
BREMERHAVEN,6b921397-6fc7-c2f7-1c01-3a7b2196ff60,DEBRV,8.548876,53.55088,HALIFAX,b1b41a8a-10ff-244d-8894-85ae7cff6599,CAHAL,-63.5961,44.66815,41,53.8077,-36.736,5413.5174
BREMERHAVEN,6b921397-6fc7-c2f7-1c01-3a7b2196ff60,DEBRV,8.548876,53.55088,HALIFAX,b1b41a8a-10ff-244d-8894-85ae7cff6599,CAHAL,-63.5961,44.66815,42,53.3802,-38.1634,5413.5174
BREMERHAVEN,6b921397-6fc7-c2f7-1c01-3a7b2196ff60,DEBRV,8.548876,53.55088,HALIFAX,b1b41a8a-10ff-244d-8894-85ae7cff6599,CAHAL,-63.5961,44.66815,43,52.6905,-40.0023,5413.5174
BREMERHAVEN,6b921397-6fc7-c2f7-1c01-3a7b2196ff60,DEBRV,8.548876,53.55088,HALIFAX,b1b41a8a-10ff-244d-8894-85ae7cff6599,CAHAL,-63.5961,44.66815,44,51.9793,-41.8983,5413.5174
BREMERHAVEN,6b921397-6fc7-c2f7-1c01-3a7b2196ff60,DEBRV,8.548876,53.55088,HALIFAX,b1b41a8a-10ff-244d-8894-85ae7cff6599,CAHAL,-63.5961,44.66815,45,51.3939,-43.459,5413.5174
BREMERHAVEN,6b921397-6fc7-c2f7-1c01-3a7b2196ff60,DEBRV,8.548876,53.55088,HALIFAX,b1b41a8a-10ff-244d-8894-85ae7cff6599,CAHAL,-63.5961,44.66815,46,50.0,-46.5152,5413.5174
BREMERHAVEN,6b921397-6fc7-c2f7-1c01-3a7b2196ff60,DEBRV,8.548876,53.55088,HALIFAX,b1b41a8a-10ff-244d-8894-85ae7cff6599,CAHAL,-63.5961,44.66815,47,49.1892,-48.293,5413.5174
BREMERHAVEN,6b921397-6fc7-c2f7-1c01-3a7b2196ff60,DEBRV,8.548876,53.55088,HALIFAX,b1b41a8a-10ff-244d-8894-85ae7cff6599,CAHAL,-63.5961,44.66815,48,48.8991,-48.8281,5413.5174
BREMERHAVEN,6b921397-6fc7-c2f7-1c01-3a7b2196ff60,DEBRV,8.548876,53.55088,HALIFAX,b1b41a8a-10ff-244d-8894-85ae7cff6599,CAHAL,-63.5961,44.66815,49,48.2632,-50.001,5413.5174
BREMERHAVEN,6b921397-6fc7-c2f7-1c01-3a7b2196ff60,DEBRV,8.548876,53.55088,HALIFAX,b1b41a8a-10ff-244d-8894-85ae7cff6599,CAHAL,-63.5961,44.66815,50,46.8,-52.7,5413.5174
BREMERHAVEN,6b921397-6fc7-c2f7-1c01-3a7b2196ff60,DEBRV,8.548876,53.55088,HALIFAX,b1b41a8a-10ff-244d-8894-85ae7cff6599,CAHAL,-63.5961,44.66815,51,46.1,-54.0,5413.5174
BREMERHAVEN,6b921397-6fc7-c2f7-1c01-3a7b2196ff60,DEBRV,8.548876,53.55088,HALIFAX,b1b41a8a-10ff-244d-8894-85ae7cff6599,CAHAL,-63.5961,44.66815,52,45.0,-55.0,5413.5174
BREMERHAVEN,6b921397-6fc7-c2f7-1c01-3a7b2196ff60,DEBRV,8.548876,53.55088,HALIFAX,b1b41a8a-10ff-244d-8894-85ae7cff6599,CAHAL,-63.5961,44.66815,53,44.5016,-62.1839,5413.5174
BREMERHAVEN,6b921397-6fc7-c2f7-1c01-3a7b2196ff60,DEBRV,8.548876,53.55088,HALIFAX,b1b41a8a-10ff-244d-8894-85ae7cff6599,CAHAL,-63.5961,44.66815,54,44.4,-63.5,5413.5174
BREMERHAVEN,6b921397-6fc7-c2f7-1c01-3a7b2196ff60,DEBRV,8.548876,53.55088,HALIFAX,b1b41a8a-10ff-244d-8894-85ae7cff6599,CAHAL,-63.5961,44.66815,55,44.66815,-63.5961,5413.5174
BREMERHAVEN,6b921397-6fc7-c2f7-1c01-3a7b2196ff60,DEBRV,8.548876,53.55088,WILMINGTON,53248537-c128-e12c-ca2e-006badea2ddf,USILG,-75.5335,39.726,0,53.55088,8.548876,6620.7088
BREMERHAVEN,6b921397-6fc7-c2f7-1c01-3a7b2196ff60,DEBRV,8.548876,53.55088,WILMINGTON,53248537-c128-e12c-ca2e-006badea2ddf,USILG,-75.5335,39.726,1,53.5589,8.5367,6620.7088
BREMERHAVEN,6b921397-6fc7-c2f7-1c01-3a7b2196ff60,DEBRV,8.548876,53.55088,WILMINGTON,53248537-c128-e12c-ca2e-006badea2ddf,USILG,-75.5335,39.726,2,53.9,8.25,6620.7088
BREMERHAVEN,6b921397-6fc7-c2f7-1c01-3a7b2196ff60,DEBRV,8.548876,53.55088,WILMINGTON,53248537-c128-e12c-ca2e-006badea2ddf,USILG,-75.5335,39.726,3,54.288,7.1488,6620.7088
BREMERHAVEN,6b921397-6fc7-c2f7-1c01-3a7b2196ff60,DEBRV,8.548876,53.55088,WILMINGTON,53248537-c128-e12c-ca2e-006badea2ddf,USILG,-75.5335,39.726,4,54.7649,5.7952999999999975,6620.7088
BREMERHAVEN,6b921397-6fc7-c2f7-1c01-3a7b2196ff60,DEBRV,8.548876,53.55088,WILMINGTON,53248537-c128-e12c-ca2e-006badea2ddf,USILG,-75.5335,39.726,5,54.9603,5.2407,6620.7088
BREMERHAVEN,6b921397-6fc7-c2f7-1c01-3a7b2196ff60,DEBRV,8.548876,53.55088,WILMINGTON,53248537-c128-e12c-ca2e-006badea2ddf,USILG,-75.5335,39.726,6,54.9609,5.239,6620.7088
BREMERHAVEN,6b921397-6fc7-c2f7-1c01-3a7b2196ff60,DEBRV,8.548876,53.55088,WILMINGTON,53248537-c128-e12c-ca2e-006badea2ddf,USILG,-75.5335,39.726,7,55.3049,4.2627,6620.7088
BREMERHAVEN,6b921397-6fc7-c2f7-1c01-3a7b2196ff60,DEBRV,8.548876,53.55088,WILMINGTON,53248537-c128-e12c-ca2e-006badea2ddf,USILG,-75.5335,39.726,8,55.4414,3.8752,6620.7088
BREMERHAVEN,6b921397-6fc7-c2f7-1c01-3a7b2196ff60,DEBRV,8.548876,53.55088,WILMINGTON,53248537-c128-e12c-ca2e-006badea2ddf,USILG,-75.5335,39.726,9,55.7068,3.1218,6620.7088
BREMERHAVEN,6b921397-6fc7-c2f7-1c01-3a7b2196ff60,DEBRV,8.548876,53.55088,WILMINGTON,53248537-c128-e12c-ca2e-006badea2ddf,USILG,-75.5335,39.726,10,55.8457,2.7276,6620.7088
BREMERHAVEN,6b921397-6fc7-c2f7-1c01-3a7b2196ff60,DEBRV,8.548876,53.55088,WILMINGTON,53248537-c128-e12c-ca2e-006badea2ddf,USILG,-75.5335,39.726,11,56.3304,1.352,6620.7088
BREMERHAVEN,6b921397-6fc7-c2f7-1c01-3a7b2196ff60,DEBRV,8.548876,53.55088,WILMINGTON,53248537-c128-e12c-ca2e-006badea2ddf,USILG,-75.5335,39.726,12,57.3,-1.4,6620.7088
BREMERHAVEN,6b921397-6fc7-c2f7-1c01-3a7b2196ff60,DEBRV,8.548876,53.55088,WILMINGTON,53248537-c128-e12c-ca2e-006badea2ddf,USILG,-75.5335,39.726,13,57.664,-1.746,6620.7088
BREMERHAVEN,6b921397-6fc7-c2f7-1c01-3a7b2196ff60,DEBRV,8.548876,53.55088,WILMINGTON,53248537-c128-e12c-ca2e-006badea2ddf,USILG,-75.5335,39.726,14,58.6042,-2.9081,6620.7088
BREMERHAVEN,6b921397-6fc7-c2f7-1c01-3a7b2196ff60,DEBRV,8.548876,53.55088,WILMINGTON,53248537-c128-e12c-ca2e-006badea2ddf,USILG,-75.5335,39.726,15,58.6044,-2.9083,6620.7088
BREMERHAVEN,6b921397-6fc7-c2f7-1c01-3a7b2196ff60,DEBRV,8.548876,53.55088,WILMINGTON,53248537-c128-e12c-ca2e-006badea2ddf,USILG,-75.5335,39.726,16,58.6045,-2.9088,6620.7088
BREMERHAVEN,6b921397-6fc7-c2f7-1c01-3a7b2196ff60,DEBRV,8.548876,53.55088,WILMINGTON,53248537-c128-e12c-ca2e-006badea2ddf,USILG,-75.5335,39.726,17,58.7,-3.3333,6620.7088
BREMERHAVEN,6b921397-6fc7-c2f7-1c01-3a7b2196ff60,DEBRV,8.548876,53.55088,WILMINGTON,53248537-c128-e12c-ca2e-006badea2ddf,USILG,-75.5335,39.726,18,58.7,-4.7995,6620.7088
BREMERHAVEN,6b921397-6fc7-c2f7-1c01-3a7b2196ff60,DEBRV,8.548876,53.55088,WILMINGTON,53248537-c128-e12c-ca2e-006badea2ddf,USILG,-75.5335,39.726,19,58.7,-5.2,6620.7088
BREMERHAVEN,6b921397-6fc7-c2f7-1c01-3a7b2196ff60,DEBRV,8.548876,53.55088,WILMINGTON,53248537-c128-e12c-ca2e-006badea2ddf,USILG,-75.5335,39.726,20,58.6762,-5.7205,6620.7088
BREMERHAVEN,6b921397-6fc7-c2f7-1c01-3a7b2196ff60,DEBRV,8.548876,53.55088,WILMINGTON,53248537-c128-e12c-ca2e-006badea2ddf,USILG,-75.5335,39.726,21,58.6761,-5.7229,6620.7088
BREMERHAVEN,6b921397-6fc7-c2f7-1c01-3a7b2196ff60,DEBRV,8.548876,53.55088,WILMINGTON,53248537-c128-e12c-ca2e-006badea2ddf,USILG,-75.5335,39.726,22,58.6761,-5.7232,6620.7088
BREMERHAVEN,6b921397-6fc7-c2f7-1c01-3a7b2196ff60,DEBRV,8.548876,53.55088,WILMINGTON,53248537-c128-e12c-ca2e-006badea2ddf,USILG,-75.5335,39.726,23,58.6411,-6.4895,6620.7088
BREMERHAVEN,6b921397-6fc7-c2f7-1c01-3a7b2196ff60,DEBRV,8.548876,53.55088,WILMINGTON,53248537-c128-e12c-ca2e-006badea2ddf,USILG,-75.5335,39.726,24,58.543,-8.637,6620.7088
BREMERHAVEN,6b921397-6fc7-c2f7-1c01-3a7b2196ff60,DEBRV,8.548876,53.55088,WILMINGTON,53248537-c128-e12c-ca2e-006badea2ddf,USILG,-75.5335,39.726,25,58.4746,-10.1362,6620.7088
BREMERHAVEN,6b921397-6fc7-c2f7-1c01-3a7b2196ff60,DEBRV,8.548876,53.55088,WILMINGTON,53248537-c128-e12c-ca2e-006badea2ddf,USILG,-75.5335,39.726,26,58.3967,-11.8419,6620.7088
BREMERHAVEN,6b921397-6fc7-c2f7-1c01-3a7b2196ff60,DEBRV,8.548876,53.55088,WILMINGTON,53248537-c128-e12c-ca2e-006badea2ddf,USILG,-75.5335,39.726,27,58.3925,-11.9323,6620.7088
BREMERHAVEN,6b921397-6fc7-c2f7-1c01-3a7b2196ff60,DEBRV,8.548876,53.55088,WILMINGTON,53248537-c128-e12c-ca2e-006badea2ddf,USILG,-75.5335,39.726,28,58.3696,-12.4344,6620.7088
BREMERHAVEN,6b921397-6fc7-c2f7-1c01-3a7b2196ff60,DEBRV,8.548876,53.55088,WILMINGTON,53248537-c128-e12c-ca2e-006badea2ddf,USILG,-75.5335,39.726,29,57.9468,-16.517,6620.7088
BREMERHAVEN,6b921397-6fc7-c2f7-1c01-3a7b2196ff60,DEBRV,8.548876,53.55088,WILMINGTON,53248537-c128-e12c-ca2e-006badea2ddf,USILG,-75.5335,39.726,30,57.8239,-17.7043,6620.7088
BREMERHAVEN,6b921397-6fc7-c2f7-1c01-3a7b2196ff60,DEBRV,8.548876,53.55088,WILMINGTON,53248537-c128-e12c-ca2e-006badea2ddf,USILG,-75.5335,39.726,31,57.6957,-18.9419,6620.7088
BREMERHAVEN,6b921397-6fc7-c2f7-1c01-3a7b2196ff60,DEBRV,8.548876,53.55088,WILMINGTON,53248537-c128-e12c-ca2e-006badea2ddf,USILG,-75.5335,39.726,32,57.6424,-19.4569,6620.7088
BREMERHAVEN,6b921397-6fc7-c2f7-1c01-3a7b2196ff60,DEBRV,8.548876,53.55088,WILMINGTON,53248537-c128-e12c-ca2e-006badea2ddf,USILG,-75.5335,39.726,33,57.5528,-20.0021,6620.7088
BREMERHAVEN,6b921397-6fc7-c2f7-1c01-3a7b2196ff60,DEBRV,8.548876,53.55088,WILMINGTON,53248537-c128-e12c-ca2e-006badea2ddf,USILG,-75.5335,39.726,34,56.9834,-23.4656,6620.7088
BREMERHAVEN,6b921397-6fc7-c2f7-1c01-3a7b2196ff60,DEBRV,8.548876,53.55088,WILMINGTON,53248537-c128-e12c-ca2e-006badea2ddf,USILG,-75.5335,39.726,35,56.5442,-26.1369,6620.7088
BREMERHAVEN,6b921397-6fc7-c2f7-1c01-3a7b2196ff60,DEBRV,8.548876,53.55088,WILMINGTON,53248537-c128-e12c-ca2e-006badea2ddf,USILG,-75.5335,39.726,36,56.4943,-26.3543,6620.7088
BREMERHAVEN,6b921397-6fc7-c2f7-1c01-3a7b2196ff60,DEBRV,8.548876,53.55088,WILMINGTON,53248537-c128-e12c-ca2e-006badea2ddf,USILG,-75.5335,39.726,37,55.657,-30.0037,6620.7088
BREMERHAVEN,6b921397-6fc7-c2f7-1c01-3a7b2196ff60,DEBRV,8.548876,53.55088,WILMINGTON,53248537-c128-e12c-ca2e-006badea2ddf,USILG,-75.5335,39.726,38,55.1102,-32.387,6620.7088
BREMERHAVEN,6b921397-6fc7-c2f7-1c01-3a7b2196ff60,DEBRV,8.548876,53.55088,WILMINGTON,53248537-c128-e12c-ca2e-006badea2ddf,USILG,-75.5335,39.726,39,54.5246,-34.3425,6620.7088
BREMERHAVEN,6b921397-6fc7-c2f7-1c01-3a7b2196ff60,DEBRV,8.548876,53.55088,WILMINGTON,53248537-c128-e12c-ca2e-006badea2ddf,USILG,-75.5335,39.726,40,53.8977,-36.4357,6620.7088
BREMERHAVEN,6b921397-6fc7-c2f7-1c01-3a7b2196ff60,DEBRV,8.548876,53.55088,WILMINGTON,53248537-c128-e12c-ca2e-006badea2ddf,USILG,-75.5335,39.726,41,53.8077,-36.736,6620.7088
BREMERHAVEN,6b921397-6fc7-c2f7-1c01-3a7b2196ff60,DEBRV,8.548876,53.55088,WILMINGTON,53248537-c128-e12c-ca2e-006badea2ddf,USILG,-75.5335,39.726,42,53.3802,-38.1634,6620.7088
BREMERHAVEN,6b921397-6fc7-c2f7-1c01-3a7b2196ff60,DEBRV,8.548876,53.55088,WILMINGTON,53248537-c128-e12c-ca2e-006badea2ddf,USILG,-75.5335,39.726,43,52.6905,-40.0023,6620.7088
BREMERHAVEN,6b921397-6fc7-c2f7-1c01-3a7b2196ff60,DEBRV,8.548876,53.55088,WILMINGTON,53248537-c128-e12c-ca2e-006badea2ddf,USILG,-75.5335,39.726,44,51.9793,-41.8983,6620.7088
BREMERHAVEN,6b921397-6fc7-c2f7-1c01-3a7b2196ff60,DEBRV,8.548876,53.55088,WILMINGTON,53248537-c128-e12c-ca2e-006badea2ddf,USILG,-75.5335,39.726,45,51.3939,-43.459,6620.7088
BREMERHAVEN,6b921397-6fc7-c2f7-1c01-3a7b2196ff60,DEBRV,8.548876,53.55088,WILMINGTON,53248537-c128-e12c-ca2e-006badea2ddf,USILG,-75.5335,39.726,46,50.0,-46.5152,6620.7088
BREMERHAVEN,6b921397-6fc7-c2f7-1c01-3a7b2196ff60,DEBRV,8.548876,53.55088,WILMINGTON,53248537-c128-e12c-ca2e-006badea2ddf,USILG,-75.5335,39.726,47,49.1892,-48.293,6620.7088
BREMERHAVEN,6b921397-6fc7-c2f7-1c01-3a7b2196ff60,DEBRV,8.548876,53.55088,WILMINGTON,53248537-c128-e12c-ca2e-006badea2ddf,USILG,-75.5335,39.726,48,48.8991,-48.8281,6620.7088
BREMERHAVEN,6b921397-6fc7-c2f7-1c01-3a7b2196ff60,DEBRV,8.548876,53.55088,WILMINGTON,53248537-c128-e12c-ca2e-006badea2ddf,USILG,-75.5335,39.726,49,48.2632,-50.001,6620.7088
BREMERHAVEN,6b921397-6fc7-c2f7-1c01-3a7b2196ff60,DEBRV,8.548876,53.55088,WILMINGTON,53248537-c128-e12c-ca2e-006badea2ddf,USILG,-75.5335,39.726,50,46.8,-52.7,6620.7088
BREMERHAVEN,6b921397-6fc7-c2f7-1c01-3a7b2196ff60,DEBRV,8.548876,53.55088,WILMINGTON,53248537-c128-e12c-ca2e-006badea2ddf,USILG,-75.5335,39.726,51,46.1,-54.0,6620.7088
BREMERHAVEN,6b921397-6fc7-c2f7-1c01-3a7b2196ff60,DEBRV,8.548876,53.55088,WILMINGTON,53248537-c128-e12c-ca2e-006badea2ddf,USILG,-75.5335,39.726,52,45.0,-55.0,6620.7088
BREMERHAVEN,6b921397-6fc7-c2f7-1c01-3a7b2196ff60,DEBRV,8.548876,53.55088,WILMINGTON,53248537-c128-e12c-ca2e-006badea2ddf,USILG,-75.5335,39.726,53,43.7421,-59.7029,6620.7088
BREMERHAVEN,6b921397-6fc7-c2f7-1c01-3a7b2196ff60,DEBRV,8.548876,53.55088,WILMINGTON,53248537-c128-e12c-ca2e-006badea2ddf,USILG,-75.5335,39.726,54,42.3,-64.2,6620.7088
BREMERHAVEN,6b921397-6fc7-c2f7-1c01-3a7b2196ff60,DEBRV,8.548876,53.55088,WILMINGTON,53248537-c128-e12c-ca2e-006badea2ddf,USILG,-75.5335,39.726,55,40.6244,-68.6402,6620.7088
BREMERHAVEN,6b921397-6fc7-c2f7-1c01-3a7b2196ff60,DEBRV,8.548876,53.55088,WILMINGTON,53248537-c128-e12c-ca2e-006badea2ddf,USILG,-75.5335,39.726,56,40.5541,-68.8267,6620.7088
BREMERHAVEN,6b921397-6fc7-c2f7-1c01-3a7b2196ff60,DEBRV,8.548876,53.55088,WILMINGTON,53248537-c128-e12c-ca2e-006badea2ddf,USILG,-75.5335,39.726,57,40.5413,-68.8606,6620.7088
BREMERHAVEN,6b921397-6fc7-c2f7-1c01-3a7b2196ff60,DEBRV,8.548876,53.55088,WILMINGTON,53248537-c128-e12c-ca2e-006badea2ddf,USILG,-75.5335,39.726,58,40.5226,-68.9101,6620.7088
BREMERHAVEN,6b921397-6fc7-c2f7-1c01-3a7b2196ff60,DEBRV,8.548876,53.55088,WILMINGTON,53248537-c128-e12c-ca2e-006badea2ddf,USILG,-75.5335,39.726,59,40.5004,-68.9689,6620.7088
BREMERHAVEN,6b921397-6fc7-c2f7-1c01-3a7b2196ff60,DEBRV,8.548876,53.55088,WILMINGTON,53248537-c128-e12c-ca2e-006badea2ddf,USILG,-75.5335,39.726,60,40.3,-69.5,6620.7088
BREMERHAVEN,6b921397-6fc7-c2f7-1c01-3a7b2196ff60,DEBRV,8.548876,53.55088,WILMINGTON,53248537-c128-e12c-ca2e-006badea2ddf,USILG,-75.5335,39.726,61,40.2853,-69.5271,6620.7088
BREMERHAVEN,6b921397-6fc7-c2f7-1c01-3a7b2196ff60,DEBRV,8.548876,53.55088,WILMINGTON,53248537-c128-e12c-ca2e-006badea2ddf,USILG,-75.5335,39.726,62,40.0,-70.4882,6620.7088
BREMERHAVEN,6b921397-6fc7-c2f7-1c01-3a7b2196ff60,DEBRV,8.548876,53.55088,WILMINGTON,53248537-c128-e12c-ca2e-006badea2ddf,USILG,-75.5335,39.726,63,39.813,-71.1183,6620.7088
BREMERHAVEN,6b921397-6fc7-c2f7-1c01-3a7b2196ff60,DEBRV,8.548876,53.55088,WILMINGTON,53248537-c128-e12c-ca2e-006badea2ddf,USILG,-75.5335,39.726,64,39.6518,-71.6611,6620.7088
BREMERHAVEN,6b921397-6fc7-c2f7-1c01-3a7b2196ff60,DEBRV,8.548876,53.55088,WILMINGTON,53248537-c128-e12c-ca2e-006badea2ddf,USILG,-75.5335,39.726,65,39.4191,-72.4449,6620.7088
BREMERHAVEN,6b921397-6fc7-c2f7-1c01-3a7b2196ff60,DEBRV,8.548876,53.55088,WILMINGTON,53248537-c128-e12c-ca2e-006badea2ddf,USILG,-75.5335,39.726,66,39.41,-72.4756,6620.7088
BREMERHAVEN,6b921397-6fc7-c2f7-1c01-3a7b2196ff60,DEBRV,8.548876,53.55088,WILMINGTON,53248537-c128-e12c-ca2e-006badea2ddf,USILG,-75.5335,39.726,67,39.3183,-72.7847,6620.7088
BREMERHAVEN,6b921397-6fc7-c2f7-1c01-3a7b2196ff60,DEBRV,8.548876,53.55088,WILMINGTON,53248537-c128-e12c-ca2e-006badea2ddf,USILG,-75.5335,39.726,68,39.2828,-72.9041,6620.7088
BREMERHAVEN,6b921397-6fc7-c2f7-1c01-3a7b2196ff60,DEBRV,8.548876,53.55088,WILMINGTON,53248537-c128-e12c-ca2e-006badea2ddf,USILG,-75.5335,39.726,69,39.2422,-73.0409,6620.7088
BREMERHAVEN,6b921397-6fc7-c2f7-1c01-3a7b2196ff60,DEBRV,8.548876,53.55088,WILMINGTON,53248537-c128-e12c-ca2e-006badea2ddf,USILG,-75.5335,39.726,70,39.0225,-73.781,6620.7088
BREMERHAVEN,6b921397-6fc7-c2f7-1c01-3a7b2196ff60,DEBRV,8.548876,53.55088,WILMINGTON,53248537-c128-e12c-ca2e-006badea2ddf,USILG,-75.5335,39.726,71,38.9356,-74.0737,6620.7088
BREMERHAVEN,6b921397-6fc7-c2f7-1c01-3a7b2196ff60,DEBRV,8.548876,53.55088,WILMINGTON,53248537-c128-e12c-ca2e-006badea2ddf,USILG,-75.5335,39.726,72,38.787,-74.5743,6620.7088
BREMERHAVEN,6b921397-6fc7-c2f7-1c01-3a7b2196ff60,DEBRV,8.548876,53.55088,WILMINGTON,53248537-c128-e12c-ca2e-006badea2ddf,USILG,-75.5335,39.726,73,38.7884,-74.7648,6620.7088
BREMERHAVEN,6b921397-6fc7-c2f7-1c01-3a7b2196ff60,DEBRV,8.548876,53.55088,WILMINGTON,53248537-c128-e12c-ca2e-006badea2ddf,USILG,-75.5335,39.726,74,38.79,-75.0095,6620.7088
BREMERHAVEN,6b921397-6fc7-c2f7-1c01-3a7b2196ff60,DEBRV,8.548876,53.55088,WILMINGTON,53248537-c128-e12c-ca2e-006badea2ddf,USILG,-75.5335,39.726,75,38.8498,-75.059,6620.7088
BREMERHAVEN,6b921397-6fc7-c2f7-1c01-3a7b2196ff60,DEBRV,8.548876,53.55088,WILMINGTON,53248537-c128-e12c-ca2e-006badea2ddf,USILG,-75.5335,39.726,76,38.9208,-75.0972,6620.7088
BREMERHAVEN,6b921397-6fc7-c2f7-1c01-3a7b2196ff60,DEBRV,8.548876,53.55088,WILMINGTON,53248537-c128-e12c-ca2e-006badea2ddf,USILG,-75.5335,39.726,77,38.9472,-75.1114,6620.7088
BREMERHAVEN,6b921397-6fc7-c2f7-1c01-3a7b2196ff60,DEBRV,8.548876,53.55088,WILMINGTON,53248537-c128-e12c-ca2e-006badea2ddf,USILG,-75.5335,39.726,78,38.9747,-75.1262,6620.7088
BREMERHAVEN,6b921397-6fc7-c2f7-1c01-3a7b2196ff60,DEBRV,8.548876,53.55088,WILMINGTON,53248537-c128-e12c-ca2e-006badea2ddf,USILG,-75.5335,39.726,79,39.0061,-75.1436,6620.7088
BREMERHAVEN,6b921397-6fc7-c2f7-1c01-3a7b2196ff60,DEBRV,8.548876,53.55088,WILMINGTON,53248537-c128-e12c-ca2e-006badea2ddf,USILG,-75.5335,39.726,80,39.0837,-75.1861,6620.7088
BREMERHAVEN,6b921397-6fc7-c2f7-1c01-3a7b2196ff60,DEBRV,8.548876,53.55088,WILMINGTON,53248537-c128-e12c-ca2e-006badea2ddf,USILG,-75.5335,39.726,81,39.1137,-75.2128,6620.7088
BREMERHAVEN,6b921397-6fc7-c2f7-1c01-3a7b2196ff60,DEBRV,8.548876,53.55088,WILMINGTON,53248537-c128-e12c-ca2e-006badea2ddf,USILG,-75.5335,39.726,82,39.142,-75.2383,6620.7088
BREMERHAVEN,6b921397-6fc7-c2f7-1c01-3a7b2196ff60,DEBRV,8.548876,53.55088,WILMINGTON,53248537-c128-e12c-ca2e-006badea2ddf,USILG,-75.5335,39.726,83,39.18,-75.2711,6620.7088
BREMERHAVEN,6b921397-6fc7-c2f7-1c01-3a7b2196ff60,DEBRV,8.548876,53.55088,WILMINGTON,53248537-c128-e12c-ca2e-006badea2ddf,USILG,-75.5335,39.726,84,39.207,-75.2867,6620.7088
BREMERHAVEN,6b921397-6fc7-c2f7-1c01-3a7b2196ff60,DEBRV,8.548876,53.55088,WILMINGTON,53248537-c128-e12c-ca2e-006badea2ddf,USILG,-75.5335,39.726,85,39.2314,-75.3016,6620.7088
BREMERHAVEN,6b921397-6fc7-c2f7-1c01-3a7b2196ff60,DEBRV,8.548876,53.55088,WILMINGTON,53248537-c128-e12c-ca2e-006badea2ddf,USILG,-75.5335,39.726,86,39.2494,-75.3218,6620.7088
BREMERHAVEN,6b921397-6fc7-c2f7-1c01-3a7b2196ff60,DEBRV,8.548876,53.55088,WILMINGTON,53248537-c128-e12c-ca2e-006badea2ddf,USILG,-75.5335,39.726,87,39.3111,-75.3936,6620.7088
BREMERHAVEN,6b921397-6fc7-c2f7-1c01-3a7b2196ff60,DEBRV,8.548876,53.55088,WILMINGTON,53248537-c128-e12c-ca2e-006badea2ddf,USILG,-75.5335,39.726,88,39.726,-75.5335,6620.7088
BREMERHAVEN,6b921397-6fc7-c2f7-1c01-3a7b2196ff60,DEBRV,8.548876,53.55088,CHARLESTON,48cd3399-900d-4010-56eb-2a397a66fc75,USCHS,-79.91457,32.79487,0,53.55088,8.548876,7298.4867
BREMERHAVEN,6b921397-6fc7-c2f7-1c01-3a7b2196ff60,DEBRV,8.548876,53.55088,CHARLESTON,48cd3399-900d-4010-56eb-2a397a66fc75,USCHS,-79.91457,32.79487,1,53.5589,8.5367,7298.4867
BREMERHAVEN,6b921397-6fc7-c2f7-1c01-3a7b2196ff60,DEBRV,8.548876,53.55088,CHARLESTON,48cd3399-900d-4010-56eb-2a397a66fc75,USCHS,-79.91457,32.79487,2,53.9,8.25,7298.4867
BREMERHAVEN,6b921397-6fc7-c2f7-1c01-3a7b2196ff60,DEBRV,8.548876,53.55088,CHARLESTON,48cd3399-900d-4010-56eb-2a397a66fc75,USCHS,-79.91457,32.79487,3,54.288,7.1488,7298.4867
BREMERHAVEN,6b921397-6fc7-c2f7-1c01-3a7b2196ff60,DEBRV,8.548876,53.55088,CHARLESTON,48cd3399-900d-4010-56eb-2a397a66fc75,USCHS,-79.91457,32.79487,4,54.7649,5.7952999999999975,7298.4867
BREMERHAVEN,6b921397-6fc7-c2f7-1c01-3a7b2196ff60,DEBRV,8.548876,53.55088,CHARLESTON,48cd3399-900d-4010-56eb-2a397a66fc75,USCHS,-79.91457,32.79487,5,54.9603,5.2407,7298.4867
BREMERHAVEN,6b921397-6fc7-c2f7-1c01-3a7b2196ff60,DEBRV,8.548876,53.55088,CHARLESTON,48cd3399-900d-4010-56eb-2a397a66fc75,USCHS,-79.91457,32.79487,6,54.9609,5.239,7298.4867
BREMERHAVEN,6b921397-6fc7-c2f7-1c01-3a7b2196ff60,DEBRV,8.548876,53.55088,CHARLESTON,48cd3399-900d-4010-56eb-2a397a66fc75,USCHS,-79.91457,32.79487,7,55.3049,4.2627,7298.4867
BREMERHAVEN,6b921397-6fc7-c2f7-1c01-3a7b2196ff60,DEBRV,8.548876,53.55088,CHARLESTON,48cd3399-900d-4010-56eb-2a397a66fc75,USCHS,-79.91457,32.79487,8,55.4414,3.8752,7298.4867
BREMERHAVEN,6b921397-6fc7-c2f7-1c01-3a7b2196ff60,DEBRV,8.548876,53.55088,CHARLESTON,48cd3399-900d-4010-56eb-2a397a66fc75,USCHS,-79.91457,32.79487,9,55.7068,3.1218,7298.4867
BREMERHAVEN,6b921397-6fc7-c2f7-1c01-3a7b2196ff60,DEBRV,8.548876,53.55088,CHARLESTON,48cd3399-900d-4010-56eb-2a397a66fc75,USCHS,-79.91457,32.79487,10,55.8457,2.7276,7298.4867
BREMERHAVEN,6b921397-6fc7-c2f7-1c01-3a7b2196ff60,DEBRV,8.548876,53.55088,CHARLESTON,48cd3399-900d-4010-56eb-2a397a66fc75,USCHS,-79.91457,32.79487,11,56.3304,1.352,7298.4867
BREMERHAVEN,6b921397-6fc7-c2f7-1c01-3a7b2196ff60,DEBRV,8.548876,53.55088,CHARLESTON,48cd3399-900d-4010-56eb-2a397a66fc75,USCHS,-79.91457,32.79487,12,57.3,-1.4,7298.4867
BREMERHAVEN,6b921397-6fc7-c2f7-1c01-3a7b2196ff60,DEBRV,8.548876,53.55088,CHARLESTON,48cd3399-900d-4010-56eb-2a397a66fc75,USCHS,-79.91457,32.79487,13,57.664,-1.746,7298.4867
BREMERHAVEN,6b921397-6fc7-c2f7-1c01-3a7b2196ff60,DEBRV,8.548876,53.55088,CHARLESTON,48cd3399-900d-4010-56eb-2a397a66fc75,USCHS,-79.91457,32.79487,14,58.6042,-2.9081,7298.4867
BREMERHAVEN,6b921397-6fc7-c2f7-1c01-3a7b2196ff60,DEBRV,8.548876,53.55088,CHARLESTON,48cd3399-900d-4010-56eb-2a397a66fc75,USCHS,-79.91457,32.79487,15,58.6044,-2.9083,7298.4867
BREMERHAVEN,6b921397-6fc7-c2f7-1c01-3a7b2196ff60,DEBRV,8.548876,53.55088,CHARLESTON,48cd3399-900d-4010-56eb-2a397a66fc75,USCHS,-79.91457,32.79487,16,58.6045,-2.9088,7298.4867
BREMERHAVEN,6b921397-6fc7-c2f7-1c01-3a7b2196ff60,DEBRV,8.548876,53.55088,CHARLESTON,48cd3399-900d-4010-56eb-2a397a66fc75,USCHS,-79.91457,32.79487,17,58.7,-3.3333,7298.4867
BREMERHAVEN,6b921397-6fc7-c2f7-1c01-3a7b2196ff60,DEBRV,8.548876,53.55088,CHARLESTON,48cd3399-900d-4010-56eb-2a397a66fc75,USCHS,-79.91457,32.79487,18,58.7,-4.7995,7298.4867
BREMERHAVEN,6b921397-6fc7-c2f7-1c01-3a7b2196ff60,DEBRV,8.548876,53.55088,CHARLESTON,48cd3399-900d-4010-56eb-2a397a66fc75,USCHS,-79.91457,32.79487,19,58.7,-5.2,7298.4867
BREMERHAVEN,6b921397-6fc7-c2f7-1c01-3a7b2196ff60,DEBRV,8.548876,53.55088,CHARLESTON,48cd3399-900d-4010-56eb-2a397a66fc75,USCHS,-79.91457,32.79487,20,58.6762,-5.7205,7298.4867
BREMERHAVEN,6b921397-6fc7-c2f7-1c01-3a7b2196ff60,DEBRV,8.548876,53.55088,CHARLESTON,48cd3399-900d-4010-56eb-2a397a66fc75,USCHS,-79.91457,32.79487,21,58.6761,-5.7229,7298.4867
BREMERHAVEN,6b921397-6fc7-c2f7-1c01-3a7b2196ff60,DEBRV,8.548876,53.55088,CHARLESTON,48cd3399-900d-4010-56eb-2a397a66fc75,USCHS,-79.91457,32.79487,22,58.6761,-5.7232,7298.4867
BREMERHAVEN,6b921397-6fc7-c2f7-1c01-3a7b2196ff60,DEBRV,8.548876,53.55088,CHARLESTON,48cd3399-900d-4010-56eb-2a397a66fc75,USCHS,-79.91457,32.79487,23,58.6411,-6.4895,7298.4867
BREMERHAVEN,6b921397-6fc7-c2f7-1c01-3a7b2196ff60,DEBRV,8.548876,53.55088,CHARLESTON,48cd3399-900d-4010-56eb-2a397a66fc75,USCHS,-79.91457,32.79487,24,58.543,-8.637,7298.4867
BREMERHAVEN,6b921397-6fc7-c2f7-1c01-3a7b2196ff60,DEBRV,8.548876,53.55088,CHARLESTON,48cd3399-900d-4010-56eb-2a397a66fc75,USCHS,-79.91457,32.79487,25,58.4746,-10.1362,7298.4867
BREMERHAVEN,6b921397-6fc7-c2f7-1c01-3a7b2196ff60,DEBRV,8.548876,53.55088,CHARLESTON,48cd3399-900d-4010-56eb-2a397a66fc75,USCHS,-79.91457,32.79487,26,58.3967,-11.8419,7298.4867
BREMERHAVEN,6b921397-6fc7-c2f7-1c01-3a7b2196ff60,DEBRV,8.548876,53.55088,CHARLESTON,48cd3399-900d-4010-56eb-2a397a66fc75,USCHS,-79.91457,32.79487,27,58.3925,-11.9323,7298.4867
BREMERHAVEN,6b921397-6fc7-c2f7-1c01-3a7b2196ff60,DEBRV,8.548876,53.55088,CHARLESTON,48cd3399-900d-4010-56eb-2a397a66fc75,USCHS,-79.91457,32.79487,28,58.3696,-12.4344,7298.4867
BREMERHAVEN,6b921397-6fc7-c2f7-1c01-3a7b2196ff60,DEBRV,8.548876,53.55088,CHARLESTON,48cd3399-900d-4010-56eb-2a397a66fc75,USCHS,-79.91457,32.79487,29,57.9468,-16.517,7298.4867
BREMERHAVEN,6b921397-6fc7-c2f7-1c01-3a7b2196ff60,DEBRV,8.548876,53.55088,CHARLESTON,48cd3399-900d-4010-56eb-2a397a66fc75,USCHS,-79.91457,32.79487,30,57.8239,-17.7043,7298.4867
BREMERHAVEN,6b921397-6fc7-c2f7-1c01-3a7b2196ff60,DEBRV,8.548876,53.55088,CHARLESTON,48cd3399-900d-4010-56eb-2a397a66fc75,USCHS,-79.91457,32.79487,31,57.6957,-18.9419,7298.4867
BREMERHAVEN,6b921397-6fc7-c2f7-1c01-3a7b2196ff60,DEBRV,8.548876,53.55088,CHARLESTON,48cd3399-900d-4010-56eb-2a397a66fc75,USCHS,-79.91457,32.79487,32,57.6424,-19.4569,7298.4867
BREMERHAVEN,6b921397-6fc7-c2f7-1c01-3a7b2196ff60,DEBRV,8.548876,53.55088,CHARLESTON,48cd3399-900d-4010-56eb-2a397a66fc75,USCHS,-79.91457,32.79487,33,57.5528,-20.0021,7298.4867
BREMERHAVEN,6b921397-6fc7-c2f7-1c01-3a7b2196ff60,DEBRV,8.548876,53.55088,CHARLESTON,48cd3399-900d-4010-56eb-2a397a66fc75,USCHS,-79.91457,32.79487,34,56.9834,-23.4656,7298.4867
BREMERHAVEN,6b921397-6fc7-c2f7-1c01-3a7b2196ff60,DEBRV,8.548876,53.55088,CHARLESTON,48cd3399-900d-4010-56eb-2a397a66fc75,USCHS,-79.91457,32.79487,35,56.5442,-26.1369,7298.4867
BREMERHAVEN,6b921397-6fc7-c2f7-1c01-3a7b2196ff60,DEBRV,8.548876,53.55088,CHARLESTON,48cd3399-900d-4010-56eb-2a397a66fc75,USCHS,-79.91457,32.79487,36,56.4943,-26.3543,7298.4867
BREMERHAVEN,6b921397-6fc7-c2f7-1c01-3a7b2196ff60,DEBRV,8.548876,53.55088,CHARLESTON,48cd3399-900d-4010-56eb-2a397a66fc75,USCHS,-79.91457,32.79487,37,55.657,-30.0037,7298.4867
BREMERHAVEN,6b921397-6fc7-c2f7-1c01-3a7b2196ff60,DEBRV,8.548876,53.55088,CHARLESTON,48cd3399-900d-4010-56eb-2a397a66fc75,USCHS,-79.91457,32.79487,38,55.1102,-32.387,7298.4867
BREMERHAVEN,6b921397-6fc7-c2f7-1c01-3a7b2196ff60,DEBRV,8.548876,53.55088,CHARLESTON,48cd3399-900d-4010-56eb-2a397a66fc75,USCHS,-79.91457,32.79487,39,54.5246,-34.3425,7298.4867
BREMERHAVEN,6b921397-6fc7-c2f7-1c01-3a7b2196ff60,DEBRV,8.548876,53.55088,CHARLESTON,48cd3399-900d-4010-56eb-2a397a66fc75,USCHS,-79.91457,32.79487,40,53.8977,-36.4357,7298.4867
BREMERHAVEN,6b921397-6fc7-c2f7-1c01-3a7b2196ff60,DEBRV,8.548876,53.55088,CHARLESTON,48cd3399-900d-4010-56eb-2a397a66fc75,USCHS,-79.91457,32.79487,41,53.8077,-36.736,7298.4867
BREMERHAVEN,6b921397-6fc7-c2f7-1c01-3a7b2196ff60,DEBRV,8.548876,53.55088,CHARLESTON,48cd3399-900d-4010-56eb-2a397a66fc75,USCHS,-79.91457,32.79487,42,53.3802,-38.1634,7298.4867
BREMERHAVEN,6b921397-6fc7-c2f7-1c01-3a7b2196ff60,DEBRV,8.548876,53.55088,CHARLESTON,48cd3399-900d-4010-56eb-2a397a66fc75,USCHS,-79.91457,32.79487,43,52.6905,-40.0023,7298.4867
BREMERHAVEN,6b921397-6fc7-c2f7-1c01-3a7b2196ff60,DEBRV,8.548876,53.55088,CHARLESTON,48cd3399-900d-4010-56eb-2a397a66fc75,USCHS,-79.91457,32.79487,44,51.9793,-41.8983,7298.4867
BREMERHAVEN,6b921397-6fc7-c2f7-1c01-3a7b2196ff60,DEBRV,8.548876,53.55088,CHARLESTON,48cd3399-900d-4010-56eb-2a397a66fc75,USCHS,-79.91457,32.79487,45,51.3939,-43.459,7298.4867
BREMERHAVEN,6b921397-6fc7-c2f7-1c01-3a7b2196ff60,DEBRV,8.548876,53.55088,CHARLESTON,48cd3399-900d-4010-56eb-2a397a66fc75,USCHS,-79.91457,32.79487,46,50.0,-46.5152,7298.4867
BREMERHAVEN,6b921397-6fc7-c2f7-1c01-3a7b2196ff60,DEBRV,8.548876,53.55088,CHARLESTON,48cd3399-900d-4010-56eb-2a397a66fc75,USCHS,-79.91457,32.79487,47,49.1892,-48.293,7298.4867
BREMERHAVEN,6b921397-6fc7-c2f7-1c01-3a7b2196ff60,DEBRV,8.548876,53.55088,CHARLESTON,48cd3399-900d-4010-56eb-2a397a66fc75,USCHS,-79.91457,32.79487,48,48.8991,-48.8281,7298.4867
BREMERHAVEN,6b921397-6fc7-c2f7-1c01-3a7b2196ff60,DEBRV,8.548876,53.55088,CHARLESTON,48cd3399-900d-4010-56eb-2a397a66fc75,USCHS,-79.91457,32.79487,49,48.2632,-50.001,7298.4867
BREMERHAVEN,6b921397-6fc7-c2f7-1c01-3a7b2196ff60,DEBRV,8.548876,53.55088,CHARLESTON,48cd3399-900d-4010-56eb-2a397a66fc75,USCHS,-79.91457,32.79487,50,46.8,-52.7,7298.4867
BREMERHAVEN,6b921397-6fc7-c2f7-1c01-3a7b2196ff60,DEBRV,8.548876,53.55088,CHARLESTON,48cd3399-900d-4010-56eb-2a397a66fc75,USCHS,-79.91457,32.79487,51,46.1,-54.0,7298.4867
BREMERHAVEN,6b921397-6fc7-c2f7-1c01-3a7b2196ff60,DEBRV,8.548876,53.55088,CHARLESTON,48cd3399-900d-4010-56eb-2a397a66fc75,USCHS,-79.91457,32.79487,52,45.0,-55.0,7298.4867
BREMERHAVEN,6b921397-6fc7-c2f7-1c01-3a7b2196ff60,DEBRV,8.548876,53.55088,CHARLESTON,48cd3399-900d-4010-56eb-2a397a66fc75,USCHS,-79.91457,32.79487,53,42.9936,-60.5618,7298.4867
BREMERHAVEN,6b921397-6fc7-c2f7-1c01-3a7b2196ff60,DEBRV,8.548876,53.55088,CHARLESTON,48cd3399-900d-4010-56eb-2a397a66fc75,USCHS,-79.91457,32.79487,54,41.8046,-63.2954,7298.4867
BREMERHAVEN,6b921397-6fc7-c2f7-1c01-3a7b2196ff60,DEBRV,8.548876,53.55088,CHARLESTON,48cd3399-900d-4010-56eb-2a397a66fc75,USCHS,-79.91457,32.79487,55,41.2228,-64.633,7298.4867
BREMERHAVEN,6b921397-6fc7-c2f7-1c01-3a7b2196ff60,DEBRV,8.548876,53.55088,CHARLESTON,48cd3399-900d-4010-56eb-2a397a66fc75,USCHS,-79.91457,32.79487,56,40.7356,-65.7532,7298.4867
BREMERHAVEN,6b921397-6fc7-c2f7-1c01-3a7b2196ff60,DEBRV,8.548876,53.55088,CHARLESTON,48cd3399-900d-4010-56eb-2a397a66fc75,USCHS,-79.91457,32.79487,57,40.268,-66.667,7298.4867
BREMERHAVEN,6b921397-6fc7-c2f7-1c01-3a7b2196ff60,DEBRV,8.548876,53.55088,CHARLESTON,48cd3399-900d-4010-56eb-2a397a66fc75,USCHS,-79.91457,32.79487,58,40.0,-67.1909,7298.4867
BREMERHAVEN,6b921397-6fc7-c2f7-1c01-3a7b2196ff60,DEBRV,8.548876,53.55088,CHARLESTON,48cd3399-900d-4010-56eb-2a397a66fc75,USCHS,-79.91457,32.79487,59,39.2697,-68.6184,7298.4867
BREMERHAVEN,6b921397-6fc7-c2f7-1c01-3a7b2196ff60,DEBRV,8.548876,53.55088,CHARLESTON,48cd3399-900d-4010-56eb-2a397a66fc75,USCHS,-79.91457,32.79487,60,39.1806,-68.7924,7298.4867
BREMERHAVEN,6b921397-6fc7-c2f7-1c01-3a7b2196ff60,DEBRV,8.548876,53.55088,CHARLESTON,48cd3399-900d-4010-56eb-2a397a66fc75,USCHS,-79.91457,32.79487,61,38.9509,-69.2414,7298.4867
BREMERHAVEN,6b921397-6fc7-c2f7-1c01-3a7b2196ff60,DEBRV,8.548876,53.55088,CHARLESTON,48cd3399-900d-4010-56eb-2a397a66fc75,USCHS,-79.91457,32.79487,62,38.8822,-69.3757,7298.4867
BREMERHAVEN,6b921397-6fc7-c2f7-1c01-3a7b2196ff60,DEBRV,8.548876,53.55088,CHARLESTON,48cd3399-900d-4010-56eb-2a397a66fc75,USCHS,-79.91457,32.79487,63,38.7809,-69.5737,7298.4867
BREMERHAVEN,6b921397-6fc7-c2f7-1c01-3a7b2196ff60,DEBRV,8.548876,53.55088,CHARLESTON,48cd3399-900d-4010-56eb-2a397a66fc75,USCHS,-79.91457,32.79487,64,38.2606,-70.5906,7298.4867
BREMERHAVEN,6b921397-6fc7-c2f7-1c01-3a7b2196ff60,DEBRV,8.548876,53.55088,CHARLESTON,48cd3399-900d-4010-56eb-2a397a66fc75,USCHS,-79.91457,32.79487,65,38.2153,-70.6674,7298.4867
BREMERHAVEN,6b921397-6fc7-c2f7-1c01-3a7b2196ff60,DEBRV,8.548876,53.55088,CHARLESTON,48cd3399-900d-4010-56eb-2a397a66fc75,USCHS,-79.91457,32.79487,66,38.0287,-70.9836,7298.4867
BREMERHAVEN,6b921397-6fc7-c2f7-1c01-3a7b2196ff60,DEBRV,8.548876,53.55088,CHARLESTON,48cd3399-900d-4010-56eb-2a397a66fc75,USCHS,-79.91457,32.79487,67,37.8712,-71.2506,7298.4867
BREMERHAVEN,6b921397-6fc7-c2f7-1c01-3a7b2196ff60,DEBRV,8.548876,53.55088,CHARLESTON,48cd3399-900d-4010-56eb-2a397a66fc75,USCHS,-79.91457,32.79487,68,37.6798,-71.575,7298.4867
BREMERHAVEN,6b921397-6fc7-c2f7-1c01-3a7b2196ff60,DEBRV,8.548876,53.55088,CHARLESTON,48cd3399-900d-4010-56eb-2a397a66fc75,USCHS,-79.91457,32.79487,69,37.5576,-71.7821,7298.4867
BREMERHAVEN,6b921397-6fc7-c2f7-1c01-3a7b2196ff60,DEBRV,8.548876,53.55088,CHARLESTON,48cd3399-900d-4010-56eb-2a397a66fc75,USCHS,-79.91457,32.79487,70,37.4735,-71.9247,7298.4867
BREMERHAVEN,6b921397-6fc7-c2f7-1c01-3a7b2196ff60,DEBRV,8.548876,53.55088,CHARLESTON,48cd3399-900d-4010-56eb-2a397a66fc75,USCHS,-79.91457,32.79487,71,37.4583,-71.9503,7298.4867
BREMERHAVEN,6b921397-6fc7-c2f7-1c01-3a7b2196ff60,DEBRV,8.548876,53.55088,CHARLESTON,48cd3399-900d-4010-56eb-2a397a66fc75,USCHS,-79.91457,32.79487,72,37.1,-72.5576,7298.4867
BREMERHAVEN,6b921397-6fc7-c2f7-1c01-3a7b2196ff60,DEBRV,8.548876,53.55088,CHARLESTON,48cd3399-900d-4010-56eb-2a397a66fc75,USCHS,-79.91457,32.79487,73,36.4771,-73.6135,7298.4867
BREMERHAVEN,6b921397-6fc7-c2f7-1c01-3a7b2196ff60,DEBRV,8.548876,53.55088,CHARLESTON,48cd3399-900d-4010-56eb-2a397a66fc75,USCHS,-79.91457,32.79487,74,36.3566,-73.8176,7298.4867
BREMERHAVEN,6b921397-6fc7-c2f7-1c01-3a7b2196ff60,DEBRV,8.548876,53.55088,CHARLESTON,48cd3399-900d-4010-56eb-2a397a66fc75,USCHS,-79.91457,32.79487,75,36.3359,-73.8528,7298.4867
BREMERHAVEN,6b921397-6fc7-c2f7-1c01-3a7b2196ff60,DEBRV,8.548876,53.55088,CHARLESTON,48cd3399-900d-4010-56eb-2a397a66fc75,USCHS,-79.91457,32.79487,76,35.8364,-74.4207,7298.4867
BREMERHAVEN,6b921397-6fc7-c2f7-1c01-3a7b2196ff60,DEBRV,8.548876,53.55088,CHARLESTON,48cd3399-900d-4010-56eb-2a397a66fc75,USCHS,-79.91457,32.79487,77,35.8202,-74.4391,7298.4867
BREMERHAVEN,6b921397-6fc7-c2f7-1c01-3a7b2196ff60,DEBRV,8.548876,53.55088,CHARLESTON,48cd3399-900d-4010-56eb-2a397a66fc75,USCHS,-79.91457,32.79487,78,35.7746,-74.4909,7298.4867
BREMERHAVEN,6b921397-6fc7-c2f7-1c01-3a7b2196ff60,DEBRV,8.548876,53.55088,CHARLESTON,48cd3399-900d-4010-56eb-2a397a66fc75,USCHS,-79.91457,32.79487,79,35.5844,-74.7072,7298.4867
BREMERHAVEN,6b921397-6fc7-c2f7-1c01-3a7b2196ff60,DEBRV,8.548876,53.55088,CHARLESTON,48cd3399-900d-4010-56eb-2a397a66fc75,USCHS,-79.91457,32.79487,80,35.5093,-74.7926,7298.4867
BREMERHAVEN,6b921397-6fc7-c2f7-1c01-3a7b2196ff60,DEBRV,8.548876,53.55088,CHARLESTON,48cd3399-900d-4010-56eb-2a397a66fc75,USCHS,-79.91457,32.79487,81,35.3997,-74.9172,7298.4867
BREMERHAVEN,6b921397-6fc7-c2f7-1c01-3a7b2196ff60,DEBRV,8.548876,53.55088,CHARLESTON,48cd3399-900d-4010-56eb-2a397a66fc75,USCHS,-79.91457,32.79487,82,35.2318,-75.1081,7298.4867
BREMERHAVEN,6b921397-6fc7-c2f7-1c01-3a7b2196ff60,DEBRV,8.548876,53.55088,CHARLESTON,48cd3399-900d-4010-56eb-2a397a66fc75,USCHS,-79.91457,32.79487,83,35.0851,-75.3771,7298.4867
BREMERHAVEN,6b921397-6fc7-c2f7-1c01-3a7b2196ff60,DEBRV,8.548876,53.55088,CHARLESTON,48cd3399-900d-4010-56eb-2a397a66fc75,USCHS,-79.91457,32.79487,84,35.0301,-75.478,7298.4867
BREMERHAVEN,6b921397-6fc7-c2f7-1c01-3a7b2196ff60,DEBRV,8.548876,53.55088,CHARLESTON,48cd3399-900d-4010-56eb-2a397a66fc75,USCHS,-79.91457,32.79487,85,34.794,-75.7745,7298.4867
BREMERHAVEN,6b921397-6fc7-c2f7-1c01-3a7b2196ff60,DEBRV,8.548876,53.55088,CHARLESTON,48cd3399-900d-4010-56eb-2a397a66fc75,USCHS,-79.91457,32.79487,86,34.63,-76.0644,7298.4867
BREMERHAVEN,6b921397-6fc7-c2f7-1c01-3a7b2196ff60,DEBRV,8.548876,53.55088,CHARLESTON,48cd3399-900d-4010-56eb-2a397a66fc75,USCHS,-79.91457,32.79487,87,34.2168,-76.264,7298.4867
BREMERHAVEN,6b921397-6fc7-c2f7-1c01-3a7b2196ff60,DEBRV,8.548876,53.55088,CHARLESTON,48cd3399-900d-4010-56eb-2a397a66fc75,USCHS,-79.91457,32.79487,88,33.7123,-77.0297,7298.4867
BREMERHAVEN,6b921397-6fc7-c2f7-1c01-3a7b2196ff60,DEBRV,8.548876,53.55088,CHARLESTON,48cd3399-900d-4010-56eb-2a397a66fc75,USCHS,-79.91457,32.79487,89,33.7089,-77.035,7298.4867
BREMERHAVEN,6b921397-6fc7-c2f7-1c01-3a7b2196ff60,DEBRV,8.548876,53.55088,CHARLESTON,48cd3399-900d-4010-56eb-2a397a66fc75,USCHS,-79.91457,32.79487,90,33.1436,-77.8929,7298.4867
BREMERHAVEN,6b921397-6fc7-c2f7-1c01-3a7b2196ff60,DEBRV,8.548876,53.55088,CHARLESTON,48cd3399-900d-4010-56eb-2a397a66fc75,USCHS,-79.91457,32.79487,91,32.9347,-78.1343,7298.4867
BREMERHAVEN,6b921397-6fc7-c2f7-1c01-3a7b2196ff60,DEBRV,8.548876,53.55088,CHARLESTON,48cd3399-900d-4010-56eb-2a397a66fc75,USCHS,-79.91457,32.79487,92,32.6892,-78.6433,7298.4867
BREMERHAVEN,6b921397-6fc7-c2f7-1c01-3a7b2196ff60,DEBRV,8.548876,53.55088,CHARLESTON,48cd3399-900d-4010-56eb-2a397a66fc75,USCHS,-79.91457,32.79487,93,32.5107,-78.8747,7298.4867
BREMERHAVEN,6b921397-6fc7-c2f7-1c01-3a7b2196ff60,DEBRV,8.548876,53.55088,CHARLESTON,48cd3399-900d-4010-56eb-2a397a66fc75,USCHS,-79.91457,32.79487,94,32.75,-79.8,7298.4867
BREMERHAVEN,6b921397-6fc7-c2f7-1c01-3a7b2196ff60,DEBRV,8.548876,53.55088,CHARLESTON,48cd3399-900d-4010-56eb-2a397a66fc75,USCHS,-79.91457,32.79487,95,32.79487,-79.91457,7298.4867
